codigo,descricao,local
745105240R,ASSOALHO DA CARROCARIA DE VEICULO AUTOMO,61007
7901021416548,COPO LIGHT  BOREAL RENAULT 30505 PRATA,ACESSORIO
7901021427643,CANETA LIGHT RENAULT 30508 PRATA,ACESSORIO
7901021420934,CAMISETA LIGHT MASCULINO BOREAL RENAULT 30500 AZUL,ACESSORIO
7901021420941,CAMISETA LIGHT MASCULINO BOREAL RENAULT 30500 AZUL,ACESSORIO
7901021420958,CAMISETA LIGHT MASCULINO BOREAL RENAULT 30500 AZUL,ACESSORIO
7901021420965,CAMISETA LIGHT MASCULINO BOREAL RENAULT 30500 AZUL,ACESSORIO
7901021420972,CAMISETA LIGHT MASCULINO BOREAL RENAULT 30500 AZUL,ACESSORIO
7901021420989,MOLETOM LIGHT MASCULINO  RENAULT 30501 VERDE P,ACESSORIO
7901021420996,MOLETOM LIGHT MASCULINO  RENAULT 30501 VERDE M,ACESSORIO
7901021421009,MOLETOM LIGHT MASCULINO  RENAULT 30501 VERDE G,ACESSORIO
7901021421016,MOLETOM LIGHT MASCULINO  RENAULT 30501 VERDE GG,ACESSORIO
7901021421023,MOLETOM LIGHT MASCULINO  RENAULT 30501 VERDE XG,ACESSORIO
7901021421030,BONE LIGHT MASCULINO BOREAL RENAULT 30502 AZUL PET,ACESSORIO
7901021421382,CADERNO LIGHT  BOREAL RENAULT 30503 AZUL PETROLEO,ACESSORIO
7901021416555,GARRAFA LIGHT  BOREAL RENAULT 30504 PRATA,ACESSORIO
9910,TAPETE DE PVC KWID 18,SL
14.10.1753,MOD. PARA AUT. DE DISP. ELET. OU ELETROM. EM VEIC.,SL
462678493R,PROTETOR DA TUBULACAO DO SISTEMA DE FREI,SL
008892,BAGAGITO HB20 ACARPETADO PTO 18/25 PLASTIRON 44012,SL
285E22864R,CALCULATEUR OUVERTURE MAIN LIBRE,SL
WO-545,FILTRO DE OLEO,SL
WO-121,FILTRO DE OLEO,SL
326021716R,JONC ARMEMENT,SL
322412690R,ARVORE SECUNDARIA DA CAIXA DE MARCHAS,SL
HQJ2314A,PASTILHA FREIO,SL
1457429249,FILTRO DE OLEO,SL
1350 020 1,PROTEC PROTETOR PARA MOTORES 300ML/170G,SL
19560R,PNEU DYNAMO STREET-H  MH01 195/60R16,SL
172028488R,MÓDULO DA BOMBA DE COMBUSTÍVEL,SL
963010936R,RETROVISOR ELETRICO DA CARROCARIA PARA V,SL
829A16805R,REVESTIMENTO DO PAINEL DA PORTA DA CARRO,SL
ECO1566,PASTILHA FREIO,SL
284B72036R,COBERTURA DA CAIXA DE RELES E FUSIVEIS D,SL
511803464R,TAMPA DO ANEL DE REBOQUE DO PARACHOQUE,SL
391005483R,SEMI EIXO DE TRANSMISSAO PARA USO EM VEI,SL
411503678R,PROTETOR DO DISCO DE FREIO DE VEICULO AU,SL
7717119636,BUZO KOLEOS T:S,SL
7717301222,CALCADO COM BIQUEIRA PROTETORA DE METAL,SL
7717119698,KIT CUADERNOS + LAPICERA KOLEOS,SL
7717119639,BUZO KOLEOS T:XL,SL
7717284495,BOREAL 1l43 BLEU EA,SL
7717301230,CALCADO COM BIQUEIRA PROTETORA DE METAL,SL
7717301224,CASQUETTE RENAULT TENNIS NAVY,SL
7717301232,CALCADO COM BIQUEIRA PROTETORA DE METAL,SL
7717301231,POLO 100% ALGODAO DE TAMANHO ADULTO E DE,SL
7717301234,POLO TENNIS NAVY XL,SL
7717301233,CALCADO DE SEGURANCA COM BIQUEIRA DE PRO,SL
7717301223,ESTOJO ORGANIZADOR,SL
7717300664,CALCADO COM BIQUEIRA PROTETORA DE METAL,SL
7717277731,MOLETOM AZUL RNLT TAM. M,SL
7711943648,1:43 KANGOO VU AZUL,SL
7711948713,BONE 100% ALGODAO,SL
7711948758,COLETE DE 50% POLIESTER E 50% POLIAMIDA,SL
7717301225,CASQUETTE RENAULT TENNIS BLANCHE,SL
7717301235,POLO 100% ALGODAO DE TAMANHO ADULTO E DE,SL
7717119634,CHOMBA KOLEOS T:XXXL,SL
7717277732,MOLETOM AZUL RNLT TAM. G,SL
7711948856,MINIATURA DE VEICULO RENAULT MEGANE ETE,SL
7717119633,CHOMBA KOLEOS T:XXL,SL
P123,GRAMPO PARABARRO,SL
9047,KIT DE DISTRIBUICAO,SL
F60D,BATERIA,SL
554956593R,TIRANTE ANTIVIBRACAO PARA CARROCERIA DE,SL
8200615629,PINHAO DA CAIXA DE MARCHA DE USO EM,SL
286690002R,SUPORTE LAVA FAROIS,SL
ML75W80,OLEO CAMBIO,SL
SSC3020,CILINDRO AUXILIAR EMBREAGEM,SL
N 1166,PASTILHA FREIO,SL
901005534R,TAMPA DO PORTA MALAS PARA CARROCARIA DE,SL
009864,R* FILTRO AR KWID,SL
801019339R,PORTA PARA CARROCARIA DE USO EM VEICULO,SL
V516-P32,PORTA DIANTEIRA,SL
WO-130,FILTRO DE OLEO,SL
765M63924R,TAMPA DA PORTINHOLA DA CARROCARIA DE VEI,SL
873511626R,ESTRUTURA DO ASSENTO DE USO EM VEICULO,SL
265604980R,REFLETOR (CATADIOPTRICO) DO PARACHOQUE,SL
8201751135,CAIXA DE MARCHA DE USO EM VEICULO AUTOMO,SL
764400347R,ELEMENTO DE FECHAMENTO LATERAL PARA CARR,SL
5619,PROTETOR DE CARTER KARDIAN 24/25,SL
52195823,FANALE POST DX,SL
620937092R,ABSORVEDOR SUP PARACHADO DIANT,SL
285977872R,CARTÃO CODIFICADO  HHA,SL
100011169R,MOTOR DE PISTAO ALTERNATIVO DE IGNICAO P,SL
EFB60AD,BATERIA,SL
8200070031,SUPORTE EMBLEMA,SL
95073074,RETENTOR DE PLASTICO,SL
T010224,SENSOR NIVEL COMBUSTIVEL,SL
8034ACR,LANTERNA,SL
237100917V,UNIDADE CONTROLE ELETRONICO PARA CONTROL,SL
10172,CALHA,SL
2QB601307QRPI,PNEU,SL
505633,OLEO MOTOR,SL
FOFB056,FILTRO DE OLEO FOFB056 FILTROS BRASIL (1UNI),SL
397937474R,FOLE LATERAL DA RODA DE USO EM VEICULOS,SL
7717095613,OLEO DA TRANSMISSAO DCT1,SL
1542,ADAPTADOR DE ANTENA VOLKSWAGEN RENAULT PEUGEOT CIT,SL
5501,SOLEIRA PREMIUM LARGA ACO ESCOVADO KARDIAN 24,SL
FOFB001,FILTRO DE OLEO FOFB001 FILTROS BRASIL (1UNI),SL
284629019R,CALCULADOR DIANT,SL
7703002930,VIS H EMBASE M8X12530 88 SA3GS,SL
S301670R62,RODA AUTOMOTIVA ARO 16,SL
7702295538,CAPA DO ASSENTO DO BANCO DIANTEIRO,SL
006632,VELA,SL
ECO1552,PASTILHA DE FREIO ECO1552 ECOPADS (1UNI),SL
400148889R,ARTICULACAO DO EIXO DO SISTEMA DE SUSPEN,SL
320103419R,CAIXA DE TRANSMISSAO AUTOMATICA,SL
8200002469,JOGO DE APARELHO ELETRICO (FAROL DE NE,SL
768516367R,ACABAMENTO PLASTICO DA SOLEIRA LE PARA C,SL
PSL78,FILTRO OLEO  LOCADORA,SL
2102C,PASTILHA DE FREIO N-2102C,SL
FOFB060,FILTRO DE OLEO FOFB060 FILTROS,SL
010987,R* CAIXA DIREA O PULSE,SL
13009002,CAMERA KARDIAN,SL
5922,REVESTIMENTO DE BANCOS ULTRACOURO RENAULT KWID,SL
651009593R,COLLECTION BUTEE SUSPENSION AV,SL
DSC4031G,TRAVA MEDIDOR GUARNICAO,SL
016518,BATERIA,SL
C1BC1007CD,1007 RODA,SL
BPSA 94680,SAPATA FREIO,SL
873709838R,REVESTIMENTO DO ASSENTO DIANTEIRO,SL
90200,KIT EMBREAGEM,SL
WO120,FILTRO DE OLEO- PALIO 1.0 8V FIRE E 1.0 FI16V FIRE,SL
3813,FLEXIVEL,SL
ACR0005,PELICULA,SL
AMD0310,AMORTECEDOR,SL
42260DPA,KIT AMORTECEDOR,SL
AMD0311,AMORTECEDOR,SL
M13927,MANGUEIRA RESERVATORIO,SL
FOL0545,FILTRO DE OLEO,SL
620818457R,ENJOLIVEUR G HABILLAGE SUP BOUCLIER AV55,SL
682003857R,MOLDURA DO PAINEL DE INSTRUMENTOS EM PLA,SL
876118373R,MATELASSURE D DOSSIER SIEGE D 1ERE RNG,SL
12838,POLIA TENSORA,SL
003401,R* BUCHA CAIXA DIREA O,SL
766312170R,\AINEL DE REVESTIMENTO INTERNO DA CARROC,SL
1001326,POLIA VIRABREQUIM,SL
7717102183,ASSENTO DE TRANSPORTE PEQUENO,SL
8660089617,MOTRIO 5W30 API SN  FLEX,SL
961003454R,CLCN MARCHEPIED AXS APV,SL
263317208R,COBERTURA DO FAROL DE NEBLINA,SL
402026808R,CUBO DA RODA DE VEICULO AUTOMOVEL,SL
DSC4031G,TRAVA MEDIDOR GUARNICAO,SL
LB129,FILTRO DE OLEO COROLLA/FIELDER 1.8 16 VVTI FLEX CO,SL
23109,SENSOR DE NIVEL DE COMBUSTIVEL,SL
PSL166,FILTRO,SL
743005084R,PLANCHER CTL,SL
PH6607,CLIP,SL
PH4967,FILTRO DE OLEO,SL
PW66PA,PASTILHA DE FREIO PW66PA WILLTEC (1UNI),SL
876612821R,ALMOFADA DO ENCOSTO DO ASSENTO,SL
802171396R,CADRE AR MOBILE PORTE AV G ASS APV,SL
738207609R,BARRA DO TETO SOLAR DIR,SL
FOECO060,FILTRO DE OLEO,SL
172C64797R,CLCN MAINTIEN / ETC JAUGE POMPE CRBT APV,SL
7711948721,BLUSA 100% ALGODAO DE TAMANHO ADULTO,SL
7717277724,CAMISETA SUNRISE RNLT M,SL
7717274353,BONÉ AZUL R5,SL
7717277728,CAMISETA SUNRISE RNLT 3G,SL
7717277760,BONÉ LARANJA RNLT,SL
7717300111,CARRO DE MADEIRA R16,SL
7711948684,CAMISETA (TSHIRT) 100% ALGODAO DE TAMAN,SL
7711948714,BLUSA 100% ALGODAO DE TAMANHO ADULTO,SL
7717277726,CAMISETA SUNRISE RNLT GG,SL
7711948673,CAMISETA (TSHIRT) 100% ALGODAO DE TAMAN,SL
7711948685,CAMISETA (TSHIRT) 100% ALGODAO DE TAMAN,SL
7717277734,MOLETOM AZUL RNLT TAM. 2GG,SL
7711948699,POLO 100% ALGODAO DE TAMANHO ADULTO E DE,SL
7717277733,MOLETOM AZUL RNLT TAM. GG,SL
7717277741,MOLETOM BRANCO RNLT TAM. 2GG,SL
7717277742,MOLETOM BRANCO RNLT TAM. 3GG,SL
7711948720,BLUSA 100% ALGODAO DE TAMANHO ADULTO,SL
7711948668,CAMISETA (TSHIRT) 100% ALGODAO DE TAMAN,SL
7717277912,JAQUETA RNLT M,SL
7717276853,CANECA AMARELA R5,SL
7711948683,CAMISETA (TSHIRT) 100% ALGODAO DE TAMAN,SL
7717274384,MOLETOM AMARELO R5 TAM. GG,SL
7717277740,MOLETOM BRANCO RNLT TAM. GG,SL
7717274332,LOTE COM 50 CANETAS AMARELAS R5,SL
7717277761,BONÉ VERDE RNLT,SL
7711948697,POLO 100% ALGODAO DE TAMANHO ADULTO E DE,SL
7717277708,CAMISETA MOTOR RNLT PP,SL
7717274381,MOLETOM AMARELO R5 TAM. P,SL
7717296987,BROCHES RNLT ESTUDIO,SL
144157447R,JUNTA METALOPLASTICA DE USO EM VEICULO A,SL
995453940R,CHAVE DE RODA MANUAL DE ABERTURA FIXA,SL
7711948757,COLETE DE POLIAMIDA UNISSEX DE TAMANHO,SL
7711948717,BLUSA 100% ALGODAO DE TAMANHO ADULTO,SL
7711948716,BLUSA 100% ALGODAO DE TAMANHO ADULTO,SL
7717277769,MEIAS RNLT PRETA 43L46,SL
7711948656,CAMISETA (TSHIRT) 100% ALGODAO DE TAMAN,SL
7711948722,BLUSA 100% ALGODAO DE TAMANHO ADULTO,SL
7711948687,CAMISETA (TSHIRT) 100% ALGODAO DE TAMAN,SL
7711948700,POLO 100% ALGODAO DE TAMANHO ADULTO E DE,SL
7711948746,EMBLEMA DE ACO RENAULT,SL
7711948753,CORDAO PARA CRACHA RECOBERTO DE TEXTIL,SL
901015364R,PORTA PARA CARROCERIA DE VEICULO AUTOMOV,SL
562108767R,AMORTECEDOR DE SUSPENSAO P/ VEIC AUTO,SL
144601932R,DUTO DE ENTRADA AR DO TURBO,SL
681034979R,PAINEL DE INSTRUMENTOS,SL
144605854R,TUBO DE BORRACHA FKM+VMQ, SEM REFORCO, A,SL
764129379R,ELEMENTO DE FECHAMENTO PARA CARROCARIA,SL
365303697R,CABO COM ELEMENTOS TERMINAIS PARA FREIO,SL
764518033R,MOLDURA LATERAL INFERIOR DA CARROCERIA,SL
641014801R,BLOCO DA LONGARINA E TORRE DO AMORTECEDO,SL
821008664R,PORTATRASEIRADIREITA4X4,SL
801012055R,PORTA PARA CARROCARIA DE VEICULO,SL
623106325R,GRADE DO RADIADOR PARA CARROCARIA,SL
403002778R,RODA DE LIGA DE ALUMINIO ARO 15' PARA VE,SL
8200717732,TUBO DE ESCAPE PARA VEICULO AUTOMOVEL,SL
200102268R,TUBO DE ESCAPAMENTO PARA VEICULO,SL
764507763R,TRAVESSA PARA CARROCERIA,SL
200103475R,TUBO DE ESCAPAMENTO PARA VEICULO,SL
200100412R,FILTRO CATALISADOR PARA ESCAPAMENTO,SL
241632153R,JOGO DE FIOS ELETRICOS (CHICOTE ELETRICO,SL
PSL612,FILTRO DE OLEO,SL
PSL135,FILTRO DE OLEO PSL135 TECFIL (1UNI),SL
809006003R,PAINEL DE REVESTIMENTO DA PORTA PARA CAR,SL
JFO0598,FILTRO DE OLEO JFO-0598,SL
7717277773,CANECA LARANJA RNLT,SL
7711949362,BLUSA 100% ALGODAO DE TAMANHO ADULTO,SL
7717274373,MOLETOM VERDE R5 TAM. 2GG,SL
7717274370,MOLETOM VERDE R5 TAM. M,SL
7717274369,MOLETOM VERDE R5 TAM. P,SL
7711948653,CAMISETA (TSHIRT) 100% ALGODAO DE TAMAN,SL
7711948762,COLETE DE 50% POLIESTER E 50% POLIAMIDA,SL
7711948759,COLETE DE 50% POLIESTER E 50% POLIAMIDA,SL
7717277914,JAQUETA RNLT GG,SL
7717277725,CAMISETA SUNRISE RNLT G,SL
7717277710,CAMISETA MOTOR RNLT M,SL
7717277762,CADERNO RNLT,SL
7717300112,CARRO DE MADEIRA 7 TON,SL
7717276769,TIJOLO R5 AMARELO,SL
7711948756,COLETE DE POLIAMIDA UNISSEX DE TAMANHO,SL
7711948765,COLETE DE 50% POLIESTER E 50% POLIAMIDA,SL
7711948763,COLETE DE 50% POLIESTER E 50% POLIAMIDA,SL
7711948764,COLETE DE 50% POLIESTER E 50% POLIAMIDA,SL
7717274372,MOLETOM VERDE R5 TAM. GG,SL
7717277765,MEIAS RNLT AZUL 39L42,SL
7711948679,CAMISETA (TSHIRT) 100% ALGODAO DE TAMAN,SL
7711948678,CAMISETA (TSHIRT) 100% ALGODAO DE TAMAN,SL
7711948666,CAMISETA (TSHIRT) 100% ALGODAO DE TAMAN,SL
7711949361,BLUSA 100% ALGODAO DE TAMANHO ADULTO,SL
7711948672,CAMISETA (TSHIRT) 100% ALGODAO DE TAMAN,SL
7717276863,1:43 R5 MAXITURBO DI,SL
7717276881,1:43 R5 MAXITURBO PH,SL
7717274333,CADERNO AMARELO R5,SL
7711948857,MINIAT 1/43 MEGAN  898L white,SL
7711948692,POLO 100% ALGODAO DE TAMANHO ADULTO E DE,SL
7717300457,MINIATURE OF MEGANE RG 1/43,SL
7711948671,CAMISETA (TSHIRT) 100% ALGODAO DE TAMAN,SL
7717300113,AVIÃO DE MADEIRA CAUDRON,SL
7717277712,CAMISETA MOTOR RNLT GG,SL
7711949363,BLUSA 100% ALGODAO DE TAMANHO ADULTO E D,SL
7717276854,CANECA VERDE R5,SL
7711948723,BLUSA 100% ALGODAO DE TAMANHO ADULTO,SL
7717277709,CAMISETA MOTOR RNLT P,SL
7711948698,POLO 100% ALGODAO DE TAMANHO ADULTO E DE,SL
7711948667,CAMISETA (TSHIRT) 100% ALGODAO DE TAMAN,SL
7711948712,BONE 100% ALGODAO,SL
7711948693,POLO 100% ALGODAO DE TAMANHO ADULTO E DE,SL
7717300110,CARRO DE MADEIRA ESTAFET,SL
7711948744,JOGO DE FIOS ELETRICOS COM CONECTORES, I,SL
7711948654,CAMISETA (TSHIRT) 100% ALGODAO DE TAMAN,SL
7711948706,POLO 100% ALGODAO DE TAMANHO ADULTO E DE,SL
7717300645,MINIATURA DE VEICULO RENAULT 5 ETECH, E,SL
7711948688,CAMISETA (TSHIRT) 100% ALGODAO DE TAMAN,SL
7711948680,CAMISETA (TSHIRT) 100% ALGODAO DE TAMAN,SL
7717274351,BONÉ AMARELO R5,SL
7711948665,CAMISETA (TSHIRT) 100% ALGODAO DE TAMAN,SL
7717274382,MOLETOM AMARELO R5 TAM. M,SL
7717276852,CHAVEIRO 5 (CONJUNTO COM 10),SL
7717277723,CAMISETA SUNRISE RNLT P,SL
7717277764,MEIAS RNLT AZUL 35L38,SL
7717300107,PARAFUSO EM ACO MEDIO CARBONO, TEMPERA E,SL
7717300109,CARRO DE MADEIRA 4CV,SL
7717277768,MEIAS RNLT PRETA 39L42,SL
7717277767,MEIAS RNLT PRETA 35L38,SL
7711948755,CANETA RENAULT,SL
7717277772,CANECA AZUL RNLT,SL
7717277727,CAMISETA SUNRISE RNLT 2G,SL
7717274358,CAMISETA R5 TAM. M,SL
7717300114,CARRO DE MADEIRA DAUPHIN,SL
23FOB039,FILTRO DE OLEO 23FOB039,SL
484008351R,VOLANTE DE DIRECAO PARA VEICULO AUTOMOVE,SL
SOF7071,FILTRO DE OLEO SOF7071 SEINECA (1UNI),SL
FOL1166,FILTRO DE OLEO,SL
017648,LANT TR LOGAN 15/ MG  LD,SL
LB55,FILTRO DE OLEO,SL
397759558R,JUNTA DE BORRACHA PARA VEDACAO,SL
808219363R,SELO PLASTICO INTERNO DA PORTA DE VEICUL,SL
807217892R,MACANISMO DE LEVANTAR VIDRO PARA CARROCE,SL
ACR0016,BCO ULTRA CORO FORD RANGER,SL
400158876R,PORTE FUSEE AV G,SL
208S85661R,TANQUE DE COMBUSTIVEL DE USO EM VEICULO,SL
7717102594,Soleira Iluminada RB3L4,SL
PSL76,FILTRO DE OLEO,SL
922306682R,VALVULA TRANSMISSOES OLEO HIRAULICAS, VA,SL
237100644V,CALCULADOR DE CONTROLE MOTOR,SL
7717094917,JG FRISO LATERAL KARDIAN PRETO,SL
012590,R* COLA PARABRISA *,SL
833305,KIT EMBREAGEM,SL
TLE02,FILTRO DE OLEO TLE02 TANTTO (1UNI),SL
TM5X,FILTRO DE OLEO TM5 TECFIL (1UNI),SL
002102,R* CAPA RETROV HB20 LE,SL
320003744R,EIXO LONGITUDINAL DE VEICULO AUTOMOVEL,SL
ILZKR7E10,VELA DE IGNICAO ILZKR7E10,SL
TM5,FILTRO DE OLEO ECLIPSE,SL
638135919R,ACABAMENTO DA PASSAGEM DE RODA PARA CARR,SL
7717097946,DIG AUTOMATIZADOR RENAULT,SL
969419281R,HABILLAGE PLATINE CONSOLE CTL,SL
284B26188R,MODULO ELETRONICO DE CONTROLE PARA VEICU,SL
284B71965R,CALCULADOR DE GESTAO DE ENERGIA (UNDERHO,SL
PSL56X,FILTRO DE OLEO PSL56 TECFIL (1UNI),SL
484008874R,VOLANTE DE DIREÇÃO,SL
14.09.1746,ALARME AUT.MICROCONTROLADO ROUTER/RENAULT 82017625,SL
14.09.1745,ALARME AUT.MICROCONTROLADO ROUTER/RENAULT 82017585,SL
OC196,FILTRO DE OLEO KICKS 1.6 16V,SL
7700435159,DUTO PLASTICO DE LIGACAO DO SISTEMA DE A,SL
756504920R,PARCLOSE PLANCHER AR ASS,SL
8550506764,KIT CORREIA DE DISTRIBUIÇÃO,SL
227908421R,SENSOR DE NOX P/ MEDICAO DE GASES,SL
ACR0020,ANTIVANDALISMO PS16000 G20 DUSTER CHASSI SJ148564,SL
7711948694,POLO 100% ALGODAO DE TAMANHO ADULTO E DE,SL
7711948711,BONE COMPOSTO DE ALGODAO E POLIESTER E T,SL
7711948736,BOLSA DE NYLON E ALGODAO,SL
7717277911,JAQUETA RNLT P,SL
7717277913,JAQUETA RNLT G,SL
7711948689,CAMISETA (TSHIRT) 100% ALGODAO DE TAMAN,SL
7711948703,POLO 100% ALGODAO DE TAMANHO ADULTO E DE,SL
7711949360,BLUSA 100% ALGODAO DE TAMANHO ADULTO E,SL
7717300232,1:43 R5 TURBO3E 2023,SL
7717300544,MINIATURA DE VEICULO RENAULT NEW MASTER,SL
7717275037,MINIATURA DE VEICULO RENAULT 5 TURBO 3E,,SL
7711948715,BLUSA 100% ALGODAO DE TAMANHO ADULTO,SL
7717275146,1:43 GRD KOLEOS CINZA,SL
7717276759,CIRCUITO ELÉTRICO 2 CARROS R4,SL
7711948655,CAMISETA (TSHIRT) 100% ALGODAO DE TAMAN,SL
7717277659,1:43 TURBO 3E 2025,SL
7711948674,CAMISETA (TSHIRT) 100% ALGODAO DE TAMAN,SL
8200418790,CARCACA DA CAIXA DE CONEXAO ELETRICA PAR,SL
7717276813,1:43 R5 AMARELO E4,SL
7711949836,1:43 DISPLAY KANGOO,SL
7717300108,CARRO DE MADEIRA 4L,SL
7717277738,MOLETOM BRANCO RNLT TAM. M,SL
7717277735,MOLETOM AZUL RNLT TAM. 3GG,SL
7717274371,MOLETOM VERDE R5 TAM. G,SL
049986,DISCO FREIO DIANT,SL
135106067R,BUCHA DE BORRACHA VULCANIZADA NAO ENDURE,SL
0335701,FILTRO DE OLEO,SL
M799878,GUARNICAO DE PORTA,SL
MT465,OLEO MOTOR 5W30,SL
WOE 912,FILTRO OLEO FIAT/JEEP WOE912,SL
822839409R,ENJOLIVEUR EXT MONTANT AV PORTE AR G,SL
65039DPA,KIT AMORTECEDOR,SL
5262,PASTILHA FREIO,SL
002980,R* SUPORTE BATERIA,SL
286206649R,BOMBA CENTRIFUGA DE VAZAO INFERIOR OU IG,SL
8660089917,LIMPA FREIOS AEROSSOL 65ML,SL
8660089916,LIMPA CORPO DE BORBOLETA 65ML,SL
8660089920,Kit Revisão (Grax/Silic/Deseng/LimParab),SL
8660089924,ODORIZADOR SPRAY 100 ML,SL
8660089919,ANTI CHIO AEROSSOL 65ML,SL
226902555R,SENSOR DE OXIGENIO AUTOMOTIVO,SL
924409487R,TUBO DE METAL DO AR CONDICIONADO DE VEIC,SL
849933883R,Soleira de Porta Malas H79,SL
147228339R,JOINT CONDUIT GAZ ECHP  ECHANGEUR RGE,SL
00260,CONTRA PESO LIGA LEVE 45 GRAMAS,SL
322037053R,ROLAMANTO DE CARGA RADIAL DE USO EM VEIC,SL
ACR0008,SENSOR DE RE,SL
00576,GRAXA,SL
538750D650,REVESTIMENTO DO PARA,SL
ABR001,ABRACADEIRA,SL
IP4067A,GARFO EMBREAGEM,SL
F50AD,BATERIA,SL
802261924R,MOLDURA DA PORTA PARA CARROCARIA DE VEIC,SL
039380,FILTRO OLEO MOTOR,SL
018052,FILTRO DE OLEO DO MOTOR,SL
047240,FILTRO OLEO MOTOR,SL
065818,PASTILHA FERIO TRAS,SL
TU03220324,MOD VIDRO DUSTER 15/16 OROCH 15/16 KARDIAN 24...,SL
BJ1A0W20AA,OLEO 0W-201L,SL
7717079635,CALHA DE CHUVA DA JANELA PARA CARROCARIA,SL
8201751140,CAIXA DE TRANSMISSAO MANUAL, COM 6 VELOC,SL
049414,FILTRO OLEO MOTOR,SL
739106380R,GARNITURE PAVILLON,SL
045758,FILTRO OLEO MOTOR,SL
015124,KIT EMBREAGEM,SL
7703020063,PARAFUSO NAO PERFURANTE ROSCADO DE ACO L,SL
850239840R,PARACHOQUE TRASEIRO DE USO EM VEICULO AU,SL
403000364R,RODA EM LIGA DE ALUMINIO, PARA VEIC AUTO,SL
71085,CAPOTA MAR SAVEIRO 10/ CS C/GANCHO,SL
PSL916,FILTRO DE OLEO,SL
TLE01,FILTRO DE OLEO TLE01 TANTTO (1UNI),SL
284B27646R,MODULO DE CONTROLE ELETRONICO PARA FUNCO,SL
738215333R,BARRA DO TETO SOLAR PARA CARROCERIA,SL
264302677R,APARELHO ELETRICO AUXILIAR PARA ILUMINAC,SL
682505137R,VISIERE INF TABLEAU BORD,SL
280210401R,APARELHO DE RADIODIFUSAO COMBINADO COMUM,SL
809017217R,GARNITURE PANNEAU PORTE AV G,SL
1350 348,PROTECAO DA BATERIA,SL
015341,R* P/BARRO YARIS DT LE,SL
018716,R* P/BARRO YARIS DT LD,SL
271154491R,RADIADOR,SL
924906005R,TUBULACAO COMPRESSOR DO CONDENSADOR,SL
488106145R,COLUNA DE DIRECAO DE USO EM VEICULO AUTO,SL
720F,DISCO DE FREIO HF 720F,SL
738865388R,PROTECAO BARRA DE TETO PARA CARROCERIA,SL
WO130,FILTRO DE OLEO,SL
23157,SENSOR DE NIVEL 23157 DS (1UNI),SL
7602,PORCA DE PLASTICO,SL
016300,R* RETROV ONIX  LE *,SL
926005546R,EX 001   COMPRESSOR DE AR CONDICIONADO D,SL
265558281R,APARELHO ELETRICO CAIXA DE LUZES COMBINA,SL
808214548R,SUPORTE PLASTICO EXTERNO DO VIDRO DE USO,SL
963736608R,COBERTURA DE FIXACAO DO ESPELHO RETROVIS,SL
5500,SOLEIRA PREMIUM ELEGANCE KARDIAN 4 PORTAS,SL
7653,SOLEIRA ULTRA PROTECT KARDIAN 24/25 4 PORTAS,SL
8550511830,OLEO 0W30 ULTRA C2,SL
1350 136,ATREAT OLEO MULTIVISCOSO ADITIVADO 200ML,SL
1350 264,MAGIX - LIMPA EVAPORADOR NAO INFLAMAVEL 500ML/312G,SL
1350 117,OTIM.COMB.PA FRIO 20ML,SL
1350 038,T-10 AGUA DESMINERALIZADA 1L,SL
1300 824,T-20 FLUIDO RADIADOR VERDE 1L,SL
1300 825,T-25 FLUIDO RADIADOR VERM 1L,SL
PD2292,PASTILHA,SL
6203236000,KIT EMBREAGEM,SL
AH253102,CILINDRO DE EBREAGEM,SL
93262494,VOLANTE DO MOTOR DE,SL
5209,CERTIFICADOS,SL
51C,DISCO FREIO,SL
806073022R,MACANETA DE PLASTICO DA PORTA DE VEICULO,SL
FOFB018,FILTRO DE OLEO,SL
HT6842-21565R16,PNEU BRIDGESTONE DUELER HT684II 215/65R16,SL
H319W,FILTRO DE OLEO H319W HENGST (1UNI),SL
231002656R,ALTERNADOR,SL
402104951R,ROULEMENT ROUE AV,SL
205405010R,PROTETOR TERMICO FABRICADO EM ALUMINIO,,SL
938H49044R,SUPORTE DA GUARNICAO EXTERNA,SL
ACR6300,REVESTIMENTO DE BANCOS ULTRACOURO RENAULT OROCH,SL
488108382R,COLUNA DA DIRECAO ELETRICA DE USO EM VEI,SL
100010529R,MOTOR DE PISTAO ALTERNATIVO PARA PROPULS,SL
RN004,PELICULA SOLAR G20 KARDIAN CHASSI SJ354806,SL
ACR00008,PELICULA TERMICA LATERAL,SL
6040221073,ROLAMENTO DE USO EM VEICULO AUTOMOVEL,SL
727126346R,VIDRO DE PARABRISA,SL
791027510R,FORRO DA SAIA PARA CARROCERIA DE VEICULO,SL
849758635R,SUPORTE PARA FIXACAO DA RODA,SL
008314,FILTRO DE OLEO,SL
058572,OLEO MOTOR - L12 / MOBIL SUPER 3000 GF6A,SL
638311707R,PROTETOR DA CARCAÇA DA RODA,SL
167001930R,BOMBA INJETORA DE COMBUSTIVEL DE ALTA PR,SL
BJ3A6714AA,FILTRO OLEO,SL
BXO5W30AA,OLEO 5W30,SL
033570,FILTRO DE OLEO W0120,SL
041369,OLEO MOTOR - H.1 / ILSA IGF3 0W20,SL
PSL56,FILTRO OLEO,SL
720E,DISCO DE FREIO HF,SL
040690,FILTRO DE ÓLEO,SL
208259682R,Abraçadeira,SL
687605197R,AERADOR,SL
403001177R,RODA EM LIGA DE ALUMINIO, PARA VEIC AUTO,SL
045998,FILTRO OLEO MOTOR,SL
ACR007,PEL CULA DE PROTEA O SOLAR NANO CARBONO C/ PARA BR,SL
2344C,PASTILHA DE FREIO 2344C SYL (1UNI),SL
227959,KIT EMBREAGEM,SL
806B06304R,CAPA DE MACANETA EXTERNA DE PORTA, FABRI,SL
35159,TAMPA DE VALVULA FLORIO,SL
809009020R,PAINEL DE REVESTIMENTO DA PORTA PARA CAR,SL
20555R1791V,PNEU PIRELLI SCORPION,SL
803009980R,VIDRO DE SEGURANCA CURVO TEMPERADO DA PO,SL
022636,FILTRO DE OLEO,SL
657731HP0A,CLIPE EM PLASTICO (PA66) PARA FIXACAO DE,SL
022581,PASTILHA FREIO DIANT,SL
038537,PASTILHA FREIO TRAS,SL
6PK1822,CORREIA POLY V 6PK1822 GATES (1UNI),SL
144109744R,TURBOCOMPRESSOR DE AR,SL
121114532R,BRONZINA DA BIELA SUPERIOR,SL
51937304,DISCO FREIO DIA,SL
638756739R,TAPACUBOS ALA AV G,SL
806717195R,COMANDO P FECHAR INT ESQ,SL
8200496314,ISOLANTE,SL
14389,OLEO MOTOR,SL
LBM5X,FILTRO DE OLEO LBM5 VOX (1UNI),SL
165002896R,UNIDADE DO FILTRO DE AR DE ADMISSAO DO M,SL
PSL545,FILTRO  LOCADORA,SL
52259428,VIDRO PARA BRIS,SL
ACR0011,BANCO COURO,SL
624018,LAMPADA PAINEL,SL
617328,KIT COIFA HOMOCINETICA,SL
240119100R,JOGO DE FIOS ELETRICOS (CHICOTE ELETRICO,SL
848101313R,FRISO DE ACABAMENTO DO PORTA MALAS,SL
809033091R,BANDEAU GARNITURE PANNEAU PORTE AV G,SL
801009178R,PORTA PARA CARROCARIA DE USO EM VEICULO,SL
850180105R,PARACHOQUE (INCOMPLETO) DE VEICULO AUTO,SL
272107375R,APARELHO DE AR CONDICIONADO COM CAPACIDA,SL
284L08661R,CALCULATEUR AIDE PARKING,SL
J1125E8041,PARAF AÇO LIGA,SL
391017790R,SEMI EIXO DE TRANSMISSAO PARA VEICULO,SL
OW30,OLEO DO MOTOR ULTRAMAX FORCE 0W30,SL
7711733325,PNEUMATICO NOVO DE BORRACHA DO TIPO UTIL,SL
8578X,COXIM DE CAMBIO SAMPEL,SL
41535,COXIM DO CAMBIO 41535 RC BORRACHAS (1UNI),SL
2075E,COXIM DO MOTOR 2075E BANI (1UNI),SL
065509,OLEO MOTOR / MOBIL SUPER FORMULA D1,SL
044738,FILTRO OLEO MOTOR,SL
829A12174R,REVESTIMENTO DO PAINEL DA PORTA PARA CAR,SL
PSL55,FILTRO DE OLEO,SL
215593009R,DEFLETOR DE AR DO RADIADOR DE VEICULO,SL
480800001R,EIXO DE ACO (E355) PARA COLUNA DIRECAO.,SL
765138485R,REFORCO DA COLUNA DA CARROCERIA,SL
960163700R,MOLDURA DE ACABAMENTO PARA CARROCARIA DE,SL
809540681R,COBERTURA PLASTICA DO PUXADOR DA PORTA D,SL
7700433144,PROTETOR PLASTICO DA CAIXA DE RODAS,SL
287809019R,BRACO LIMPADOR PARABRISA DE USO EM VEICU,SL
749404314R,ISOLADOR ANTI RUIDO DO ASSOALHO PARA CAR,SL
8200733836,MACANETA PLASTICA EXTERNA DA PORTA DE VE,SL
6001550030,ESPELHO RETROVISOR DE VEICULO,SL
7702267148,STP  LIMPADOR SISTEMA INJECAO GAS/FLEX,SL
7702267147,AUTO AIR CLEANER,SL
ACR0002,PELICULA SOLAR G20,SL
727126052R,VIDRO DE PARABRISA,SL
2147,PASTILHA DE FREIO 2147 SYL (1UNI),SL
750B,DISCO DE FREIO HF 750B HIPPER FREIOS (2UNI),SL
850B06622R,PELE INFERIOR DO PARACHOQ TRAS,SL
545044765R,CONJ BRAÇO INF,SL
ACR0003,PELICULA ANTIVANDALISMO PS8,SL
8200405053,PRISIONEIRO EM ACO DE FIXACAO DO QUINTO,SL
200200246R,SISTEMA DE ESCAPAMENTO COMPLETO,SL
768313158R,VITRE FIXE PORTE AV G,SL
ACR0001,ANTIVANDALISMO PS4 G20,SL
260605568R,APARELHO ELÉTRICO PARA ILUMINAÇÃO  FARO,SL
FOFB056,FILTRO DE OLEO FOFB056 FILTROS BRASIL,SL
410145650R,CALIPER DO FREIO DE VEICULO AUTOMOVEL,SL
FOL0056,FILTRO DE OLEO,SL
823300027R,MOLD BORRACHA, PESTANA P/VEÍC,SL
FOFB003,FILTRO DE OLEO,SL
66FOB003,FILTRO DE OLEO ETIOS 1.15 17/18,SL
015646,R* MOLD INF PCH DT ONIX *,SL
ECO 1450,PASTILHA FREIO,SL
IR18088,ROLAMENTO RODA,SL
WO121,FILTRO DE OLEO,SL
908303126R,VEDACAO EM BORRACHA VULCANIZADA NÃO ENDU,SL
7700410541,FUSIVEL PARA TENSAO DE 12V DE USO EM VEI,SL
7700410542,FUSIVEL PARA TENSAO DE 12V DE USO EM VEI,SL
7700410573,FUSIVEL PARA TENSAO DE 12V DE USO EM VEI,SL
681004086R,PLANCHE BORD ASS,SL
224012331R,VELA,SL
WO 121,FILTRO OLEO FIAT WO121,SL
18459,OLEO MOTOR,SL
EFO119,FILTRO OLEO,SL
1026719,OLEO MOTOR,SL
1R18088,ROLAMENTO,SL
ROC73928,SEMI EIXO,SL
622543392R,GRADE INFERIOR DE ENTRADA DE AR DO PARAC,SL
OC458,FILTRO DE OLEO ARGO 1.0 23/24,SL
ECO1684,PASTILHAS DE FREIO,SL
092S58108,BATERIA 0 092 S58 108 BOSCH (1UNI),SL
ACX18040,COXIM DO MOTOR ACX18040 SHOCKBRAS (1UNI),SL
WO346,FILTRO DE OLEO WEGA (1UNI),SL
VT31795,VALVULA TERMOSTATICA,SL
8550503293,VELA DE IGNICAO PARA MOTORES DE COMBUSTA,SL
924102546R,TUBO DE SAIDA RADIADOR,SL
LB56,FILTRO OLEO UNI ARGO,SL
FOL0119,FILTRO DE OLEO FOL0119 AUTHOMIX (1UNI),SL
788306977R,PAINEL DA PORTA DE COMBUSTÍVEL,SL
873335572R,SENSOR ELETRONICO DE PRESENCA DO ASSENTO,SL
732380663R,REFORCO DO TETO PARA CARROCARIA DE VEICU,SL
6929,MOLDURA REDUTORA 10 POLEGADAS PARA 7 POLEGADAS PRE,SL
009110,R* SENSOR RODA TR C4  LD,SL
7711734322,PNEU 165 70 R14 85T XL ECOCONTACT 6,SL
679000282R,ABSORVEDOR DE RUIDO DO PAINEL PARA CARRO,SL
7711732140,BARRA LONGITUDINAL DO TETO  DA CARROCAR,SL
5280,KDS BASIC KIT (ENGLI,SL
MS1/    6744/AA/,FILTRO DE OLE,SL
391002279R,SEMIEIXO EM ACO COM COMPONENTES MONTADOS,SL
964010087R,PARA  SOL DA CARROCARIA DE VEICULO AUTO,SL
654001891R,DOBRADICA DA PORTA DE VEIC AUTO,SL
149199392R,SUPORTE DE ACO DE RETENCAO DA MANGUEIRA,SL
240111747S,JOGOS DE FIO ELETRICO (CHICOTE) DE USO E,SL
876G32424R,NAPPE PNM DOSSIER SJ 1ERE RNG,SL
241106657R,FIACAO ELETRICA (CHICOTE ELETRICO) PARA,SL
546110621R,ABRACADEIRA EM ACO S460MC PARA FIXACAO E,SL
PS04,PELA CULA ANTI VANDALISMO,SL
850450135R,TAMPAO OBTURADOR DE USO EM VEICULO AUTOM,SL
83,MANGUEIRA,SL
333,CAMERA DE RE TARTARUGA 120 GRAUS,SL
416,CMM STRADA OCTAPLAY 9,SL
418,TAPETE NOVA RANGER PVC,SL
628103090R,GUIA DE AR DO PARA CHOQUE DE VEICULO,SL
8200542396,FECHADURA DA PORTA DE USO EM VEICULO AUT,SL
769364393R,ELEMENTO DE FECHAMENTO DA COLUNA DA CARR,SL
7718017887,PELICULA PROTETORA TELA 8.0 POL. MULT. RENAULT (DU,SL
749021263R,TAPIS HABITACLE AV,SL
7718017888,PELICULA PROTETORA TELA 10.0 POL. MULT. RENAULT (N,SL
1350 327,LIMPA TELAS 30 ML,SL
7703101550,PARAFUSO FLANGEADO, EM ACO LIGA, TEMPERA,SL
7702267203,185/65 R15 88H CONTIPOWERCONTACT,SL
285C79711R,MOLDURA DE ACABAMENTO FABRICADA EM PLAST,SL
248092057R,INDICADOR DE VELOCIDADE (VELOCIMETRO) E,SL
0W30,PETRONAS SYNTIUM 7000 E 0W-30 C2 1L,SL
532077410,POLIA DA CORREIA SINCRONIZADORA,SL
RT8418,ROLAMENTO TENSOR ALTERNADOR,SL
8200071119,DEFLETOR DE AR DO RADIADOR DE VEICULO AU,01A
8201274641,SORTIDO DE PECAS PARA O BAIXO MOTOR DE V,01A
7700648234,PINO NAO ROSCADO DE ACO LIGA TEMPERADO E,01A
ACR0021,PS4 NANOCERAMIQUE,01A
ACR0022,PS4 NANOCERAMIC TERMICA - PELICULA ANTIVANDALISMO,01A
8201676037K4,FILTRO DE AR CONDICIONADO PARA VEICULO A,01A
ACR001,MOD VIDRO PRO 2.18UNIVERSAL,01A
ACR002,MOD VIDRO PRO 4.26CR,01A
8200676529K4,INTERRUPTOR ELETRICO PARA TENSAO IGUAL,01A
FC05020820,CAPOTA MARITIMA,01A
1000675,TERMINAL DIREÇÃO,01A
180205438R,PEDAL DO FREIO COM SUPORTE, EM ACO, UTIL,01A
269166654RK4,SUPORTE PLASTICO PARA FIXACAO DO FAROL,01A
8200741642K4,BOMBA DE OLEO,01A
760231046RK4,PAINEL DE REVESTIMENTO INTERNO DA CARROC,01A
71754237,FILTRO OLEO MOT,01A
7700103945K4,ANEL EM BORRACHA VULCANIZADA DE VEDACAO,01A
7711228912K4,FILTRO DE AR DO HABITACULO DE VEICULO AU,01A
6001551579,MOLDURA COLUNA LATERAL DA CARROCARIA,01A
788308877R,PORTINHOLA DE ENCHIMENTO DO TANQUE DE CO,01A
788538312R,TAMPA EM PLASTICO DE COBERTURA DO RADIAD,01A
555010071R,EIXO TRASEIRO NAO MOTOR PARA VEIC AUTO,01A
908923851R,EMBLEMA PLASTICO DA CARROCARIA DE VEICUL,01A
641812466R,REFORCO DA CAIXA DE RODA PARA CARROCARIA,01A
14.09.1028,ALARME AUTO. MICROCONTROLADO ROUTER/ 7702271545 AL,01A
687606970R,AERADOR DE PASSAGEM DE AR PARA CARROCERI,01A
476601091R,BLOCO HIDRAULICO DO SISTEMA DE ABS DE US,01A
760303940RX4,LATERAL PARA CARROCERIA DE VEICULO AUTOM,01A
261A33779RK4,ACABAMENTO DO FAROL DE NEBLINA DO PARAC,01A
791025782RK4,PAINEL DA SAIA PARA CARROCERIA DE VEICUL,01A
240151854RK4,FIACAO ELETRICA (CHICOTE ELETRICO),01A
7703081237K4,PRESILHA DE PLASTICO,01A
6001547114K4,CACHE CAPTEUR ABS,01A
607788,OLEO MOTOR,01A
638502184RK4,BAVETTE AV,01A
491103543RK4,GROUPE ELECTROPOMPE DA,01A
631990,FLANGE,01A
873511020R,ESTRUTURA DO ASSENTO,01A
320109083R,BVM ASS JR5 066,01A
8200423263,PARAFUSO DE ACO LIGA, TEMPERADO E REVENI,01A
963021584RV,RETROVISOR,01A
285581920R,CAIXA DETECCAO AIR BAG,01A
8200453512,FECHO DE METAL COM COBERTURA PLASTICA PA,01A
8200677001,GUARNICAO DE BORRACHA VULCANIZADA,01A
8200677116,MOLD DE BORRACHA VULC NAO END,01A
275429565R,FIACAO ELETRICA (CHICOTE ELETRICO) PARA,01A
7700105261,BUCHADOEIXODACAIXADEMARCHASD,01A
384109318R,DIFERENCIAL DO EIXO DE TRANSMISSAO DE VE,01A
764406423R,ELEMENTO DE FECHAMENTO DA CARROCARIA DE,01A
0093313090,PLUG DE METAL PARA MOTOR,01A
172022906R,BOMBA COMBUSTIVEL COM SENSOR PARA MOTOR,01A
172023215R,MODULE JAUGE POMPE,01A
172025254R,MODULO BOMBA DE COMBUSTIVEL,01A
8660089616R,MOTRIO MOTRIX ULTRA 5W30,01A
402066300R,DISCOFREIODIANTEIROP/AUTOMÓVEL,01A
801007952R,PORTA PARA CARROCARIA DE VEICULO,01A
801009129R,PORTA PARA CARROCARIA,01A
172034439R,RESERVOIR CARBURANT,01A
8200715439,DOBRADICA DO CAPO DE VEICULOS,01A
7752232799,PUERTA TRASERA IZQ X65 C2,01A
7752295053,TETO PARA CARROCARIA DE VEICULO AUTOMOVE,01A
7782164230,CANTONEIRA DE REFORCO PARA CARROCERIA DE,01A
6001549735,PRATO FREIO TRAS A TAMBOR P/VEÍC,01A
739824266R,CALCO PLANO AUTOADESIVO DE ESPUMA DE PO,01A
739E58822R,REVEST TRAS CABINE,01A
739N92654R,REVEST TRAS CABINE,01A
320106703R,CAIXA DE TRANSMISSAO MANUAL, DE 5 VELOCI,01A
6001550528,ELEMENTO INFERIOR DO CINTO DE SEGURANCA,01A
308512100R,TUBULACAO PARA SISTEMA DE EMBREAGEM HIDR,01A
731141560R,TETO PARA CARROCARIA DE VEICULO AUTOMOVE,01A
491A05303R,ACOPLAMENTO DO EIXO DA BOMBA DE VEICULO,01A
732105085R,REFORCO DO TETO DA CARROCARIA DE VEICULO,01A
763310041R,SUPORTE SUPERIOR DO PAINEL LATERAL DA CA,01A
828214699R,FRISO PLASTICO DA PORTA PARA CARROCERIA,01A
7700303471,CABO PARA ABERTURA DO CAPO PARA CARROCAR,01A
739107953R,ACABAMENTO DO TETO DA CARROCARIA DE VEIC,01A
289260002R,SUPORTE EM METAL COMUM DE FIXACAO DO RES,01A
289270002R,SUPORTE EM METAL COMUM DO RESERVATORIO D,01A
484710965R,COBERTURA DA COLUNA DE DIRECAO PARA CARR,01A
488100012R,COLUNA DE DIRECAO EM ACO PROPRIA PARA VE,01A
488203326R,COLUNA DE DIRECAO DE VEICULO AUTOMOVEL,01A
620226455R,BOUCLIER AV PASS INTM 2,01A
152708401R,JUNTA DE BORRACHA VULCANIZADA NAO ENDURE,01A
164462635R,TUBULACAO DO SISTEMA DE ALIMENTACAO DE C,01A
208A00161R,DEPURADOR POR CONVERSAO CATALITICA DE G,01A
200107585R,SILENCIOSO DO ESCAPAMENTO DE VEICULO AUT,01A
240809874R,FIACAO ELETRICA (CHICOTE ELETRICO) PARA,01A
7700102977,VALVULA DE TRANSMISSAO OLEO HIDARULICA P,01A
7700434304,MECANISMO MANUAL DE LEVANTAMENTO DO VIDR,01A
255679605R,INTERRUPTOR ELETRICO PARA TENSAO DE 12V,01A
7700823003,CALOTA DA RODA P/ VEICULO AUTO,01A
7751478670,PAINEL LATERAL PARA CARROCARIA DE VEICUL,01A
8200534784,TRAVESSA DO PARACHOQUE PARA CARROCERIA,01A
765194644R,ELEMENTO DE LIGACAO DA LATERAL,01A
738292896R,REVEST LAT DA CABINE,01A
738332116R,COBERTURA DE PLASTICO DO SUPORTE DA BARR,01A
738F82404R,GUARNICAO DE ACABAMENTO DO TETO DA CARRO,01A
397206602R,CONJUNTO DE VEDACAO DA TRANSMISAO DE VEI,01A
331115664R,JUNTA DE BORRACHA VULCANIZADA NAO ENDURE,01A
807215234R,MECANISMO DE ACIONAMENTO DO VIDRO ELETRI,01A
727126017R,VIDRO DE SEGURANCA, CURVO, LAMINADO COM,01A
751104676R,LONGARINA DE USO MULTIFUNCIONAL DA CARRO,01A
441009705R,CILINDRO DO FREIO TRASEIRO PARA VEICULO,01A
112339071R,SUPORTE DE AÇO DA CAIXA DE MARCHAS DE VE,01A
743A02069R,ISOLADOR ANTI RUIDO DO ASSOALHO PARA CAR,01A
6001547602,TUBULACAO RIGIDA COM FORMATO PROPRIO,01A
745141590R,ASSOALHO TRASEIRO DA CARROCERIA DE VEICU,01A
749023772R,TAPIS HABITACLE,01A
7700872377,PINO EM ALUMINIO DE USO EM VEICULO AUTOM,01A
241245452R,FIACAO ELETRICA  DO TIPO CHICOTE ELETRIC,01A
244466737R,SUPORTE CAIXA FRIA,01A
400147304R,MANGA DE EIXO DIANTEIRA PARA VEICULO AUT,01A
550201735R,MOLA DE FOLHAS DE ACO DO SISTEMA DE SUSP,01A
661008177R,DEFLETOR DE SAIDA AR DA CARROCERIA DE VE,01A
440603558R,PASTILHA DE FREIO DE VEICULO AUTOMOVEL,01A
674002483R,TRAVESSA  DE USO MULTIFUNCIONAL DA CARRO,01A
180100024R,PEDAL DO ACELERADOR,01A
625300006R,TRAVESSA DO RADIADOR DE RESFRIAMENTO MOT,01A
403001189R,RODA DE LIGA DE ALUMINIO PARA VEICULO AU,01A
490016615R,CAIXA DA DIRECAO HIDRAULICA DE VEICULO A,01A
802547043R,CADRE MOBILE PORTE AV D ASS,01A
8200613296,AMORTECEDOR DO SISTEMA DE  SUSPENSAO DE,01A
8200623966,PARAFUSO DE AÃ#O LIGA,01A
476604075R,BLOCO HIDRAULICO,01A
319181XS0A,INTERRUPTOR ELETRICO PARA TENSAO NAO SUP,01A
681225863R,DEFLETOR EM PLASTICO PARA CARROCARIA DE,01A
240115360R,FIACAO ELETRICA (CHICOTE ELETRICO) PARA,01A
240116678R,FIACAO ELETRICA (CHICOTE ELETRICO) COM C,01A
140039681R,COLETOR DE ADMISSAO DE MOTOR DE PISTAO D,01A
6001551112,REFORCO EM METAL DE FECHAMENTO DA CARROC,01A
432104312R,ROLAMENTO DE ROLETES CONICOS DE CARGA RA,01A
432150010R,SUPORTE DE METAL COMUM DA SUSPENSAO PARA,01A
6001551235,SUPORTE PARA FIXACAO DA LANTERNA TRASEIR,01A
122235257R,BRONZE DO VIRABREQUIM DO MOTOR COM DIAME,01A
682608127R,ACABAMENTO DO PAINEL DE INSTRUMENTOS DA,01A
200105564R,SILENCIOSO DO ESCAPAMENTO,01A
963735408R,COBERTURA RETROVISOR EXT P/ VEÍC,01A
100010018R,MOTOR DE PISTAO,01A
101016775R,JOGO DE JUNTAS E RETENTORES DO CABECOTE,01A
110415926R,CABECOTE PARA MOTOR DE PISTAO IGNICAO PO,01A
175064432R,TUBULACAO DO SISTEMA DE ALIMENTACAO DE C,01A
216248977R,TUBOC/FORMATOPROPRIODOSISTDIRHDR,01A
745337398R,ELEMENTO DE FECHAMENTO DA CARROCARIA DE,01A
745611092R,SUPORTE DO ESCAPAMENTO PARA CARROCARIA,01A
410018218R,CALIPER DE FREIO,01A
410111495R,CALIPER DE FREIO,01A
555016691R,ESSIEU AR ASS AVEC ARTICULATION,01A
756100970R,TRAVESSA TRASEIRA DA CARROCARIA DE VEICU,01A
465031703R,PEDAL DA EMBRAGEM DE VEICULO AUTOMOVEL,01A
921205226R,VENTUINHA PARA RADIADOR DE VEICULO AUTOM,01A
809008989R,REVESTIMENTO INTERNO DE ACABAMENTO DA PO,01A
8200197107,MOLDURA DO PARALAMA CONFECCIONADO EM MA,01A
132028317R,VALVULA DE ESCAPE PARA MOTOR DE IGNICAO,01A
164469826R,TUBULACAO DO SISTEMA DE ALIMENTACAO DE C,01A
7751477285,PORTA DIANTEIRA PARA VEICULO AUTOMOVEL,01A
7703602067,PARAFUSO DE ACO LIGA, TEMPERADO E REVENI,01A
8200114155,GRADE CENTRAL DE ENTRADA DE AR,01A
7703066376,ANEL CIRCLIP EM ACO DE ALTO CARBONO (Fe:,01A
6001548977,JUNTA EM BORRACHA VULCANIZADA NÃO ENDURE,01A
7702295605,JOGO DE PALHETAS DO LIMPADOR DE PARABRIS,01A
7702295614,PARACHOQUES FRONTAL DE VEICULO AUTOMOVEL,01A
7702295622,FECHADURA DO PORTAMALAS, ACOMPANHADA DE,01A
7702295817,PARACHOQUE TRAS MEGANE GRANDTOUR,01A
7703006307,PARAFUSO FLANGEADO M8 EM ACO LIGA (C: 0,,01A
7703016594,PARAFUSO TORX AUTOPERFURANTE ROSCADO, DE,01A
7700433744,CAIXA DE LUZES COMBINADAS, LANTERNA TRAS,01A
7751468921,PAINEL LATERAL DA PORTA PARA CARROCARIA,01A
7751474636,PORTA PARA CARROCARIA DE VEICULO AUTOMOV,01A
7751477169,CAPO DA CARROCERIA DE VEICULO AUTOMOVEL,01A
7701477421,TURBO COMPRESSOR DE AR DO SISTEMA DE AR,01A
7700831090,INTERRUPTOR ELETRICO PARA TENSAO DE 12V,01A
7700836740,REVESTIMENTO DO PORTAMALAS DA CARROCARI,01A
7700351972,INTERRUPTOR ELETRICO PARA TENSAO DE 12V,01A
7700352229,PRESILHAPLÁSTICA,01A
7700410281,FRISO DE PLASTICO PARA CARROCARIA DE VEI,01A
7700410577,FUSIVEL PARA TENSAO DE 12V DE USO EM VEI,01A
766F66623R,REFORCO PARA CARROCARIA DE VEICULO AUTOM,01A
7700352188,ESPELHO RETROVISOR DA CARROCARIA DE VEIC,01A
7700352370,MECANISMO DE METAL COMUM DE ABERTURA DA,01A
497207880R,TUBO DE ALIMENTACAO DA DIRECAO DE VEICUL,01A
749406200R,ISOLADOR ANTI RUIDO DO ASSOALHO PARA CAR,01A
751117155R,LONGARINA DIANTEIRA DA CARROCERIA DE VEI,01A
8200368022,ANELSINCRONIZADORDACAIXADEMARCHA,01A
8200740826,GRADE DE ENTRADA DE AR PARA CARROCARIA D,01A
7701472806,FECHADURA COM CHAVE PARA VEICULO AUTOMOV,01A
7751472139,PORTA DA CARROCERIA,01A
277230128R,SENSOR DE TEMPERATURA PARA EVAPORADOR,01A
631018989R,PARALAMA PARA CARROCARIA DE VEICULO AUTO,01A
149126607R,TUBUL DO SIST DE ABSOR DE VAPOR DE COMB,01A
150007220R,BOMBA DE OLEO LUBRIFICANTE DE VEICULO AU,01A
7701475145,MACANETA DE PLASTICO PARA VEICULO,01A
777610002R,TRILHO DA PORTA CORREDICA,01A
7751694629,TETO DA CARROCERIA DE VEÍCULO AUTOMÓVEL,01A
7752295295,PAINEL DA COLUNA PARA CARROCARIA DE VEIC,01A
7751712436,REFORCO PARA CARROCARIA DE VEICULO AUTOM,01A
326084517R,ANEL DO ROLAMENTO DA CAIXA DE MARCHAS DE,01A
969353871R,COIFA DA ALAVANCA DE CONTROLE DA CAIXA D,01A
110413651R,CABECOTE PARA MOTOR DE IGNICAO POR CENTE,01A
259156411R,CENTRAL MULTIMIDIA, PARA CONEXAO COM TEL,01A
240149583R,FIACAO ELETRICA (CHICOTE ELETRICO) PARA,01A
8200724657,PINODEAÇONÃOROSCADOP/AUTO,01A
320105254R,CAIXA DE TRANSMISSAO CONTINUAMENTE VARIA,01A
497303849R,SUPORTE EM METAL COMUM MULTIFUNCIONAL PA,01A
7700762843,BUCHA DE BORRACHA VULCANIZADA NAO ENDURE,01A
6001550787,CILINDRO COM CHAVE PARA FECHADURA DE VEI,01A
749412372R,ANTIRUIDO DO ASSOALHO PARA CARROCARIA,01A
242598979R,JOGO DE FIOS ELETRICOS (CHICOTE ELETRICO,01A
272704768R,UNIDADE DE CLIMATIZACAO,01A
275703169R,MOLDURA CENTRAL COMANDO DE AR CONDICIONA,01A
201000381R,LIGA DO ESCAPE DE USO EM VEICULO AUTOMOV,01A
130801275R,CARRETEL DE VALVULA PARA DIRECAO,01A
681009567R,PLANCHE BORD ASS,01A
295B94110R,MODULO BATERIA TRACAO DE ION DE LITIO, D,01A
322753187R,ROLAMANTO DE CARGA RADIAL DE USO EM VEIC,01A
329409064R,GARFO DO EIXO DA CAIXA DE MARCHA,01A
625103324R,TRAVESSA PARA CARROCERIA DE VEICULO AUTO,01A
625189460R,ELEMENTO DE FECHAMENTO DA CARROCERIA,01A
240148678S,CHICOTE CABINE,01A
240182111V,CHICOTE PAINEL DE INST,01A
484002004R,VOLANTE DA DIRECAO DESPROVIDO DE MODULO,01A
755085729R,CONJUNTO LONGARINA TRASEIRA DA CARROCARI,01A
172027803R,BOMBA DE COMBUSTIVEL DE MOTOR DE IGNICAO,01A
7702270193,TAPETE KANGOO,01A
769124994R,COBERTURA DE FECHAMENTO INTERNO DA COLUN,01A
540107348R,MOLA DE ACO HELICOIDAL,01A
638457442R,PROTETOR DA CAIXA DE RODA PARA CARROCARI,01A
8200485578,SEMI EIXO DE TRANSMISSAO PARA VEICULO AU,01A
240186634R,FIACAO ELETRICA PARA VEICULO AUTOMOVEL (,01A
8200142682,APARELHO ELETRICO (CAIXAS DE LUZES COM,01A
8200146045,SUPORTE PLASTICO DO PARACHOQUE PARA CARR,01A
6001549707,CILINDRO HIDRAULICO DE MOVIMENTO RETILIN,01A
876209530R,ACABAMENTO DO ENCOSTO DO ASSENTO DE VEIC,01A
876617469R,COBERTURA DO ENCOSTO DO BANCO DE VEICULO,01A
620229944R,PÃ#RACHOQUE DIANT SCENIC II,01A
214816369R,VENTILADOR PARA SISTEMA DE ARREFECIMENTO,01A
237105035R,MODULO DE CONTROLE ELETRONICO AUTOMATICO,01A
237106531R,MODULO DE CONTROLE ELETRONICO AUTOMATICO,01A
240114678R,FIACAO ELETRICA (CHICOTE ELETRICO) COM C,01A
240115246R,JOGO DE FIOS ELETRICOS (CHICOTE ELETRICO,01A
8200052605,BOMBA DE COMBUSTÍVEL DE MOTOR DE IG,01A
7701719951,ANEL SINCRONIZADOR DA CAIXA DE MARCHAS D,01A
781014415R,GUARDAFAN TRA IZQ FL,01A
320106379R,CAIXA DE MARCHAS PARA VEICULO AUTOMOVEL,01A
331111830R,JUNTA DE VEDACAO MECANICA DE SAIDA DO,01A
237102251S,MODULO ELETRONICO DO TIPO ECU PARA MOTOR,01A
769156971R,ACABAMENTO DA COLUNA PARA CARROCARIA DE,01A
241362073R,SUPORTE DO FUSIVEL DA BATERIA DE VEICULO,01A
963214610R,ESPELHO RETROVISOR INTERNO, EM PLÁSTICO,,01A
248093712R,INDICADOR DE VELOCIDADE (VELOCIMETRO),01A
242590730R,JOGO DE FIOS ELETRICOS (CHICOTE ELETRICO,01A
240105800S,CHICOTE MONOBLOCO,01A
285557183R,MODULO DE GERENCIAMENTO ELETRONICO PARA,01A
219563,EVOL. FULLTECH FE 5W30   24B1L  ELF  1BR,01A
808313435R,VEDACAO DE BORRACHA VULCANIZADA NAO ENDU,01A
809012435R,GUARNICAO PAINEL DA PORTA DIANT ESQ,01A
167811426R,JUNTA DE BORRACHA VULCANIZADA NAO ENDURE,01A
208A08356R,CATALISADOR DE GASES DE EXAUSTÃO,01A
344142201R,SUPORTE EM PLASTICO FIXACAO CABOS DE ACI,01A
827202370R,MECANISMO DE ELEVACAO DO VIDRO,01A
873510523R,ARMACAO DO ASSENTO DO BANCO,01A
888504636R,CINTO DE SEGURANCA TRASEIRO PARA VEICULO,01A
112100035R,COXIM DE BORRACHA DE FIXACAO DO MOTOR,01A
252605466R,CONTROLADOR PROGRAMAVEL COM TENSAO DE 12,01A
738280975R,REVEST LAT DA CABINE,01A
543029530R,AMORTECEDOR DIANTEIRO DA SUSPENSAO DE VE,01A
7703090466,ROLAMENTO DE ROLETES CILINDRICOS DE USO,01A
808202733R,FRISO DE PLASTICO DA PORTA PARA CARROCER,01A
808203894R,FRISO PLASTICO DA PORTA DA CARROCERIA DE,01A
808211241R,FRISO PLASTICO DA PORTA DA CARROCERIA DE,01A
901005958R,PAINEL TRASEIRO EM ACO PARA MONTAGEM DA,01A
888501174R,CINTO DE SEGURANCA COMPLETO DA CARROCARI,01A
738207526R,BARRA DO TETO DA CARROCARIA DE VEICULO A,01A
441007263R,CILINDRO HIDRAULICO DE MOVIMENTO RETILIN,01A
873202669R,CAPA ASSENTO BANCO DIANTEIRO LADO DIREIT,01A
281153940R,APARELHO RECEPTOR DE RADIODIFUSAO. COM A,01A
769370345R,ELEMENTO DE FECHAMENTO DA COLUNA DA CARR,01A
281158154R,MODULO ELETRONICO DE SISTEMA MULTIMIDIA,01A
14075ED30A,ACESSORIO DE CONEXAO NAO ROSCADO, EM AC,01A
7751473227,CONJUNTO PARA CARROCARIA,01A
8200400090,ANEL  DIVIDIDO NAO ROSCADO DE ACO,01A
240119354R,FIACAO ELETRICA (CHICOTE ELETRICO),01A
875022285R,TRILHO DE FIXACAO PARA BANCO DIANTEIRO D,01A
284B19446R,CALCULADOR CABINE,01A
6001551578,ESTRUTURA EM METAL DA CARROCARIA DE VEIC,01A
460916346R,RESERVATORIO PARA FLUIDO DE FREIO, PARA,01A
755119127R,LONGARINA DA CARROCARIA,01A
622358108R,DEFLETOR DO PARACHOQUE DE VEICULO AUTOMO,01A
749449012R,ISOLANTE DO PISO CENTRAL,01A
788225674R,CABO DE COMANDO DE ABERTURA DA TAMPA DO,01A
805329842R,MOLDURA PLASTICA DA TRAVA DA PORTA,01A
8200259878,COLUNA DA DIREÇÃO PARA VEÍCULO AUTO,01A
7702271227,ESTRIBO PARA CARROCARIA DE VEICULO AUTOM,01A
281151567R,CENTRAL MULTIMIDIA, PARA CONEXAO COM TE,01A
484007690R,VOLANTE DE DIRECAO PARA VEICULO,01A
8200698471,TUBUBULACAO PARA ESGUICHO DE AGUA,01A
876204458R,COBERTURA DE ACABAMENTO DO ASSENTO,01A
745326412R,ELEMENTO FECHAMENTO DA CARROCARIA DE VEI,01A
738822555R,TAMPA PLASTICA DE PROTECAO FIXA DA BARRA,01A
739107700R,GARNITURE PAVILLON,01A
BXO5W30GA,MC SP 5W30 LT,01A
261B05577RK4,DISPOSITIVO PARA ILUMINACAO FRONTAL,01A
924000026RK4,TUBO DE BORRACHA VULCANIZADA NAO ENDUREC,01A
610696,PASTILHA FREIO,01A
E3BZ9600G,FILTRO DE AR,01A
638407725RK4,PROTETOR DA CAIXA DE RODA PARA CARROCARI,01A
622351038R,DEFLETOR DIANTEIRO DE USO EM VEICULO AUT,01A
261521020RK4,COLEÇÃO DE MOLDURA FAROL NEBLINA,01A
7702267203RK4,185/65R15 88H CONTIPOWERCONTACT,01A
305027561RK4,TAMPA DA EMBREAGEM DE VEICULO AUTOMOVEL,01A
224404252RK4,FIACAO ELETRICA (CHICOTE ELETRICO) COM C,01A
791109336RK4,PAINEL DA SAIA PARA CARROCARIA DE VEICU,01A
261A35148RK4,ACABAMENTO DO FAROL DE NEBLINA DO PARAC,01A
256102764RK4,APARELHO DE SINALIZACAO ACUSTICA (BUZINA,01A
620936986RK4,ABSORVEDOR DE IMPACTO DO PARACHOQUE DE V,01A
263890881RK4,COLLECTION BAGUE CAPTEUR AIDE PARKING,01A
302054100RK4,KIT DA EMBREAGEM DE VEICULO AUTOMOVEL,01A
781149135R,GOUTTIERE LAT AR D ASS APV,01A
TE016,EVOL. FULLTECH FE 5W30 (24X1),01A
623129733RK4,SUPORTE DE ENTRADA DE AR DO PARACHOQUES,01A
620909957RK4,ABSORVEDOR DE IMPACTO DO PARACHOQUE DE V,01A
210457941RV4,TUBO DE BORRACHA VULCANIZADA NAO ENDUREC,01A
149503940RK4,RESERVATORIO PARA VAPOR DE COMBUSTIVEL,01A
165469905RX4,FILTRO DE ENTRADA DE AR PARA MOTOR DE VE,01A
287109280R,MECANISMO DE ACIONAMENTO DO LIMPADOR DO,01A
605413,FILTRO OLEO LUBRIFICANTE,01A
7702267215K4,215/65R16 102H CONTICROSSCONTACT LX2,01A
749489241R,INSONORIZANTE (FELTRO ANTI RUIDO) DO ASS,01A
623820217R,APARELHO ELETRICO DE SINALIZACAO VISUAL,01A
732522860R,TRAVESSA DO TETO PARA CARROCERIA,01A
745749548R,RENFORT D PLANCHER AR PARTIE AV ASS,01A
749025510R,FORRACAO DE CARPETE DO ASSOALHO DE VEICU,01A
200109696R,TUBO DE ESCAPAMENTO PARA VEICULO AUTOMOV,01A
237106798S,CAIXA PROGRAMA MOTOR,01A
760307681R,LATERAL DA CARROCERIA DO CARROCARIA DE V,01A
760319748R,LATERAL DA CARROCERIA DO CARROCARIA DE V,01A
259154737R,CENTRAL MULTIMIDIA, PARA CONEXAO COM TEL,01A
963010542R,RETROVISOR EXTERNO DIREITO,01A
216198071R,TUBULACAO DO REFRIGERADOR DE OLEO,01A
328010450R,EIXO DA CAIXA DE MARCHA DE USO,01A
328651030R,ALAVANCA SELETORA DA CAIXA DE MARCHAS,01A
873516788R,ARMATURE ASSISE SIEGE G 1ERE RNG,01A
52034197,DISP FIX SUPOR,01A
52075698,CAPOTA MARITIMA,01A
7717070256,MOCHILA NOTEBOOK UNIVERSE RENAULT PRETO,01A
271151630R,NÚCLEO DE AQUECIMENTO,01A
272702548R,APARELHO DE AR CONDICIONADO PARA VEICULO,01A
281152870R,MODULO ELETRONICO DE SISTEMA MULTIMIDIA,01A
809002812R,COBERTURA DO PAINEL DA PORTA PARA CARROC,01A
543020375R,AMORTECEDOR DE SUSPENSAO P/ VEIC AUTO,01A
654008295R,DOBRADICA DE METAL COMUM DO CAPO,01A
654013173R,DOBRADICA DE METAL COMUM DO CAPO,01A
888408291R,CINTO DE SEGURANCA PARA CARROCERIA,01A
260103389RK4,APARELHO ELETRONICO DE SINALIZACAO VISUA,01A
620266837R,COBERTURA DO PARACHOQUE DE VEICULO AUTOM,01A
625004311R,PAINEL PARA CARROCERIA DE VEICULO,01A
807211502R,MECANISMO PARA REGULAGEM DE POSIÇÃO DO V,01A
ACR10738,CAMERA RE,01A
901001956RK4,TAMPA DO PORTAMALAS DA CARROCERIA,01A
622913,FILTRO DE OLEO,01A
284476680R,CALCULATEUR RADAR FRONTAL,01A
180100912R,SENSOR DO PEDAL DO ACELERADOR DE USO EM,01A
265A12084R,SUPORTE DA LANTERNA TRAS DIREITA DA CARR,01A
288151412R,MECANISMO DO PARABRISA LOCALIZADO ABAIX,01A
240118591R,JOGO DE FIOS ELETRICOS (CHICOTE ELETRICO,01A
7711427161,ELEMENTO AERODINAMICO DO PARACHOQUE DE V,01A
384696954R,ANEL DE TRAVAMENTO, NAO ROSCADO, EM ACO,01A
410015070R,ESTRIBO DO FREIO DE VEICULO AUTOMOVEL,01A
147193862R,JUNTA DE BORRACHA VULCANIZADA NAO ENDURE,01A
161203209R,CORPO BORBOLETA MOTORIZADO,01A
328976248R,ALAVANCA DE CONTROLE DA CAIXA DE MARCHAS,01A
233006662R,MOTOR DE ARRANQUE,01A
638303492RX4,PROTETOR DA PASSAGEM DE RODA,01A
620742307RV4,PROTETOR DO PARACHOQUE DE VEICULO AUTOM,01A
622223474RV4,SUPORTE DIREITO PARACHOQUE DIANTEIRO,01A
620724647RK4,MOLDURA CENTRAL DO PARACHOQUE DIANTEIRO,01A
337455,FILTRO OLEO,01A
ACR7711733300,KIT BARRAS SANDERO,01A
001,LAVATORIO DE 190X55,01A
760579242R,PAINEL LATERAL PARA CARROCERIA DE VEICUL,01A
237108057S,MODULO ELETRONICO DE CONTROLE AUTOMATICO,01A
214109411R,RADIADOR DE  USO EM VEICULO AUTOMOVEL,01A
267170626R,LAMPADA HALOGENA DE TUNGSTENIO PARA TENS,01A
628105231RK4,GUIA DE ENTRADA DE AR EXTERNO PARA VEICU,01A
302059977RK4,CONJUNTO DISCO E PLATO DA EMBREAGEM,01A
253C67851RK4,SUPORTE DO SENSOR DE ESTACIONAMENTO,01A
631462198RK4,SUPORTE EM METAL COMUM DE FIXACAO,01A
654005915RK4,DOBRADICA DE ACO DO CAPO,01A
620757792K4,PROTETOR DO PARACHOQUE DE VEICULO AUTOM,01A
265508059RK4,APARELHO ELETRICO (CAIXA DE LUZES COMBIN,01A
7711733695K4,FRISO C/ EMBLEMA PRATA KWID,01A
226908466RK4,SENSOR DE OXIGENIO (SONDA LAMBDA) DE US,01A
7711947966,BATERIA DE CHUMBO DO TIPO ULTILIZADO PAR,01A
52970R1100,CALOTA DA RODA,01A
906062102RK4,REVESTIMENTO PLASTICO DE COMANDO DE ABER,01A
626400,FILTRO OLEO LUBRIFICANTE,01A
762300339R,PAINEL DA COLUNA CENTRAL DA CARROCERIA D,01A
149505386R,ABSORVEDOR DE VAPOR DE COMBUSTIVEL,01A
625046994R,TRAVERSE SUP FACE AV ASS,01A
625309816R,PAINEL DA COLUNA PARA CARROCARIA DE USO,01A
651007840R,CAPO DO MOTOR, CONFECCIONADO EM ACO ESTA,01A
117205678R,CORREIA DE TRANSMISSAO SEM FIM DE SECAO,01A
200102560R,TUBO DE ESCAPE DE VEICULO AUTOMOVEL,01A
1520865F0E,FILTRO DE OLEO DO CARTER DO MOTOR DE VEI,01A
544146520R,ABSORVEDOR DE IMPACTO DO PARACHOQUE,01A
544151556R,ABSORVEDOR DE IMPACTO DO PARACHOQUE FAB,01A
545059976R,CONJ BRACO SUSP INFERIOR ESQ,01A
548637695R,SUPORTE DE FIXACAO DO BERCO DO MOTOR PAR,01A
100015265R,MOTOR PISTÃO ALTERNATIVO DE IGNIÇÃO,01A
641C12035R,SUPORTE DO PARALAMAS DA CARROCERIA DE VE,01A
760310329R,REFORCO LATERAL PARA CARROCERIA DE VEICU,01A
8200071214,MOTOR ELÉTRICO DO LIMPADOR PARÁBRISA,01A
8201473219,CAIXA DE TRANSMISSAO AUTOMATICA COM CAIX,01A
8200839119,BIELA DE LIGACAO DO SUPORTE DO EIXODA SU,01A
8200785137,SUPORTE DE ACO DO FEIXE DE MOLA PARA CAR,01A
8201666482,MOTOR DE PISTAO ALTERNATIVO DE IGNICAO P,01A
8200790219,PARAFUSO NAO PERFURANTE ROSCADO,01A
8200529802,COLUNA DA CARROCARIA DE VEICULO AUTOMOVE,01A
8201086049,CHAVE DE IGNICAO COM RADIOTELECOMANDO,01A
8200004593,POLIA REGULADORA DE TENSAO,01A
8200100591,ACABAMENTO LATERAL DA GRADE DE AR DO CAP,01A
850706485R,ACABAMENTO DO PARACHOQUE DE VEICULO AUT,01A
089313041A,PLUGUE DE ACO PARA MOTOR,01A
130201KT0A,ARVORE DE CAMES,01A
251906865R,CONTROLADOR PROGRAMAVEL COM TENSAO DE 12,01A
990321482R,TIRA PLASTICA AUTOADESIVA DE USO EM VEIC,01A
31235253,MOTRIO PERFORMA 10W40SL CX-24/1,01A
31235753,MOTRIO ULTRA 5W30 C4 CX-24/1,01A
31235553,MOTRIO SUPER 15W40 CI-4 CX-24/1,01A
242590805R,JOGO DE FIOS ELETRICOS (CHICOTE ELETRICO,01A
26564,F601CZ RENAULT - KIT FRISO RENAULT - KARDIAN - CIN,01A
26565,F601PR RENAULT - KIT FRISO RENAULT - KARDIAN - PRA,01A
26567,F601PT RENAULT - KIT FRISO RENAULT - KARDIAN - PRE,01A
7711947963,ACUMULADOR DE CHUMBO DE PESO,01A
463160936R,TUBULACAO DO SISTEMA DE FREIO DE VEICULO,01A
788121885R,PARALAMAS PARA CARROCARIA DE VEICULO,01A
237102048R,MODULO ELETRONICO DE CONTROLE DE GAS DO,01A
288000007R,MECANISMO LIMPADOR PARA BRISAS,01A
876706479R,CAPA DO ASSENTO DE VEICULO AUTOMOVEL,01A
544014471R,BERCO DIANT,01A
631007661R,PARALAMA DIANTEIRO DE USO EM VEICULO AUT,01A
685001391R,COBERTURA DE ACABAMENTO EM PLASTICO,01A
240106926R,JOGO DE FIOS ELETRICOS(CHICOTE ELETRICO),01A
240118385S,JOGO DE FIOS ELETRICOS COM CONECTORES I,01A
888230387R,FIVELA DO CINTO DE SEGURANCA,01A
963029302R,ESPELHO RETROVISOR PARA VEICULO AUTOMOVE,01A
623847562RK4,ACABAMENTO DA GRADE DO RADIADOR,01A
269209807RK4,SUPORTE DO FAROL MOLDADO NO PARACHOQUES,01A
921207458R,CONJ REFRIG MOTOR VENTILADOR,01A
8200992553,MODULCONTELETSISTINJECAOP/VEIC,01A
8201711894,TRIPODE JUNTA CX TRANSMISSÃO,01A
277321022R,PLACA PARA CARROCARIA DE VEICULO AUTO,01A
326043606R,ANEL SINCRONIZADOR,01A
488107745R,COLUNA DE DIRECAO DE USO EM VEICULO,01A
440262676R,MOLA DO SISTEMA DE FREIO DE USO EM VEICU,01A
743A04321R,ASSOALHO DA CARROCARIA DE VEICULO AUTOMO,01A
766111027R,COLUNA PARA CARROCARIA DE VEICULO AUTOMO,01A
240183095R,FIACAO ELETRICA  DO TIPO CHICOTE ELETRIC,01A
122010173R,VIRABREQUIM DE PESO INFERIOR A 900 KG PA,01A
310808096R,GUIA DE OLEO DA CAIXA DE MARCHAS DE VEIC,01A
472106935R,BOMBA VOLUMETRICA DO CILINDRO MASTER DO,01A
681009978R,PAINEL DE INSTRUMENTOS PARA CARROCARIA,01A
7701472514,PARACHOQUE DIANTEIRO PARA VEICULO AUTOMO,01A
751119626R,LONGARINA PARA CARROCARIA DE VEICULO,01A
215010063R,TUBO  DE BORRACHA VULCANIZADA NAO ENDURE,01A
253C67480R,SUPORTE EM PLASTICO DO SENSOR DE ESTACIO,01A
289756505R,TUBO DE BORRACHA VULCANIZADA NAO ENDUREC,01A
403150694R,CALOTA EM PLASTICO DA RODA PARA VEICULO,01A
749027272R,REVESTIMENTO COM FORMATO PROPRIO DO ASSO,01A
6001551596,PAINEL LATERAL TRASEIRO DA CARROCERIA DE,01A
240703454R,FIACAO ELETRICA (CHICOTE ELETRICO),01A
7702295823,ACABAMENTO PLASTICO DO BANCO,01A
8200105499,MOLDURA PLASTICA DO PARABRISA DE VEICULO,01A
963959676R,COBERTURA DE FIXACAO DO RETROVISOR PARA,01A
8200026890,FIACAO ELETRICA (CHICOTE ELETRICO),01A
7703083427,ABRACADEIRA DE ACO COM PARAFUSO DE USO E,01A
320100739R,CAIXA DE MARCHAS MANUAL DE VEICULO AUTOM,01A
319351XF0C,SENSOR ELETRICO DE REVOLUCAO DE VEICULO,01A
924545291R,TUBO DO COMPRESSOR DE VEICULO AUTOMOVEL,01A
8200920077,REBITE,01A
7700313974,CAIXA DA DIRECAO MANUAL DE VEICULO AUTOM,01A
7700423543,FUSIVEL PARA TENSAO DE 12V DE USO EM VEI,01A
113609519R,SUPORTE DE FIXACAO DO MOTOR,01A
300002,OTIMIZADOR COMBUSTIVEL FLEX 100ML,01A
552406238R,SELO DE BORRACHA PARA TERMINAL/ GROMETE,01A
283464084R,MODULO ELETRONICO DE CONTROLE DA CARROCE,01A
631017555R,PARALAMA PARA CARROCARIA DE VEICULO AUTO,01A
631130005R,ACABAMENTO PLASTICO DA CARROCARIA DE VEI,01A
681222574R,SUPORTE EM PLASTICO DO SENSOR DE TEMPERA,01A
7700410754,APARELHO ELETRICO (LANTERNA DA PLACA DE,01A
391006470R,TRANSMISSAO DIANT DIR,01A
400159353R,ARTICULACAO DO EIXO DO SISTEMA DE SUSPEN,01A
215793345R,GUIA DE AR INFERIOR DE USO EM VEICULO,01A
115601KA0A,BOCAL DO JATO DE REFRIGERACAO DO OLEO DO,01A
381011591R,DIFERENCIAL DO EIXO DE USO EM VEICULO AU,01A
242593767R,JOGO DE FIOS ELETRICOS COM CONECTORES, I,01A
809610006R,PROTETOR DA TRAVA DA PORTA DIANTEIRA,01A
963737381R,COBERTURA PLASTICA DO ESPELHO RETROVISOR,01A
833074719R,VITRE CUSTODE TEINTEE G,01A
8200613307,AMORTECEDOR DO SISTEMA DE  SUSPENSAO DE,01A
7701205741,AMPLIFICADOR (HIDROVACUO) PARA SISTEMA D,01A
7701473354,CONJUNTO VALVULA DE EXAUSTAO PARA MOTOR,01A
7702295497,OBTURADOR PARA PARACHOQUE,01A
476605838R,UNIDADE DE CONTROLE ELETRONICO PARA SIST,01A
886053469R,ESPUMA DO ENCOSTO DO BANCO PARA VEICULO,01A
381022243R,PARAFUSO FLANGEADO EM ACO LIGA, TRATAMEN,01A
31232153,MOTRIX ULTRA 20W50 SL CX-24/1,01A
7701051538,JUNTA DE BORRACHA VULCANIZADA NAO ENDURE,01A
805655364R,CHAVE DE METAL,01A
476603485R,MODULO DE CONTROLE DE ESTABILIDADE E ANT,01A
241257965R,JOGO DE FIOS ELETRICOS (CHICOTE ELETRICO,01A
275100037R,UNIDADE DE CONTROLE DE ARCONDICIONADO S,01A
384234962R,PINHAO DO DIFERENCIAL DO EIXO DE TRANSMI,01A
384266255R,BATENTE DE FRCCAO DO EIXO DE TRANSMISSAO,01A
8200667820,ENGRENAGEM DA CAIXA DE MARCHAS,01A
7701477259,PISTAO,01A
7701205518,JOGO DE MOLA DO FREIO DE VEICULO AUTOMOV,01A
760528922R,PAINEL PARA CARROCARIA DE VEICULO AUTOMO,01A
969103437R,CONSOLE VELOCIDADE,01A
272100736R,APARELHO DE AR CONDICIONADO COM CAPACIDA,01A
7701207589,MOLDURA DE BORRACHA VULCANIZADA NAO ENDU,01A
7701208037,PINCA DO FREIO DE VEICULO AUTOMOVEL,01A
172022873R,RESERVATORIO DE COMBUSTIVEL (TANQUE) ACO,01A
7701476755,TUBO DO RESPIRADOR,01A
8200934066,AMORTECEDOR DIANTEIRO DA SUSPENSAO,01A
8201560728,MOTOR PISTAO IGNICAO CENTELHA 1600 CM3,01A
243865496R,CABO ELETRICO MUNIDO DE PECAS DE CONEXAO,01A
938J28253R,ACABAMENTO DA BARRA DE TETO PARA CARROCA,01A
805020009R,FECHADURA DE PORTAS LATERAIS,01A
985103212R,MODULO DE GERENCIAMENTO AIR BAG,01A
130243414R,ENGRENAGEM DA ÁRVORE DE COMANDOS DAS VÁL,01A
140033358R,COLETOR DE ADMISSAO PARA MOTOR,01A
777659426R,CORREDICA DE METAL COMUM DA PORTA CORRED,01A
208083411R,PROTETOR TERMICO PARA VEICULO AUTOMOVEL,01A
788223822R,CABO DE COMANDO DE ABERTURA DA TAMPA DO,01A
873700845R,COBERTURA DO ASSENTO DO BANCO,01A
6001550836,PAINEL TRASEIRO SUPERIOR DA CARROCERIA D,01A
8200258000,GRADE DO PARA CHOQUE DE VEICULO AUTOMOVE,01A
8200678130,JUNTA DE BORRACHA ALVEOLAR,01A
823014893R,VITRE PORTE AR G TEINTEE,01A
990466305R,FAIXA DECORATIVA AUTOADESIVA EM PLASTIC,01A
809000497R,PAINEL DE REVESTIMENTO INTERNO DA PORTA,01A
240118592R,JOGO DE FIOS ELETRICOS (CHICOTE ELETRICO,01A
738873659R,BARRA LONGITUDINAL DO TETO  DA CARROCAR,01A
8200291629,ETIQUETA PLASTICA AUTOADESIVA  APRESENT,01A
240118227R,JOGO DE FIOS ELETRICOS (CHICOTE ELETRICO,01A
6001550485,BOCAL DO TUBO DE ABASTECIMENTO,01A
275428605R,CABO DE COMANDO DO SISTEMA DE CLIMATIZAC,01A
6001550748,PORTA PARA CARROCARIA,01A
322860417R,ESPASSADOR DO PINHAO DA CAIXA DE MARCHAS,01A
441008001R,CILINDRO DO SISTEMA DE FREIO DE USO EM V,01A
638A04051R,ESPUMA PLASTICA ANTIRUIDO, COM DIMENSOE,01A
200103492R,TUBO DE SAIDA DO ESCAPAMENTO DE USO EM V,01A
7700773864,ANTENA DO RADIO,01A
7701064235,ELEMENTO FILTRANTE PARA FILTRO DE A,01A
8200609232,FECHO DO CINTO DE SEGURANCA PARA CARROCA,01A
8200190728,DEFLETOR DE AR PARA RADIADOR DE VEICULO,01A
8200191480,DEFLETOR DE AR PARA RADIADOR DE VEICULO,01A
8200191753,RETENTORÓLEOP/CAIXAMARCHASAUTO,01A
8200602992,CONJUNTO DE ACABAMENTO DO PAINEL INTERNO,01A
8200351865,SEMI EIXO DE TRANSMISSAO SEM DIFERENCIAL,01A
7703075214,BUJAO DE ACO INOX,01A
7703075225,TAMPAO DE ACO PARA FECHAMENTO DE ORIFICI,01A
767481802R,TELA TERMICA DA CAIXA DE RODA PARA CARRO,01A
7707033012,PORCA DE MOLA EM ACO PARA USO EM VEICULO,01A
488104873R,COLUNA DE DIRECAO PARA VEICULO AUTOMOVEL,01A
8660089636,FILTRO DE AR MOTOR,01A
208A06682R,DEPURADOR POR CONVERSAO CATALITICA DE GA,01A
248109595R,PAINEL DE INSTRUMENTOS COM INDICADOR DE,01A
738217245R,BARRA DO TETO PARA CARROCARIA DE VEICULO,01A
484005063R,VOLANTE DA DIRECAO DE USO EM VEICULO AUT,01A
240803619R,FIACAO ELETRICA P/VEIC AUTOMOVEL,01A
241100490R,FIACAO ELETRICA  DO TIPO CHICOTE ELETRIC,01A
7701062221,JUNTA DE BORRACHA VULCANIZADA NAO ENDURE,01A
206061914R,SUPORTE DE FIXAÇÃO DO TANQUE DE COMBUSTI,01A
118267279R,TUBO DE BORRACHA VULCANIZADA NAO ENDUREC,01A
463159290R,TUBO DO FREIO DE VEICULO AUTOMOVEL,01A
465037621R,PEDAL FABRICADO EM ACO, MONTADO COM SUPO,01A
8200688878,PROTETOR EM ACO PARA ROTULA DA BANDEJA D,01A
275420301R,JOGO CONTENDO DOIS CABOS ELETRICOS MUNID,01A
8201587379,CILINDRO HIDRAULICO ACIONAMENTO DO FREIO,01A
540100807R,MOLA DE ACO HELICOIDAL CILINDRICA PARA V,01A
440208382R,KIT PLATEAU ASS FREIN AR,01A
673320899R,TRAVESSA  DE USO MULTIFUNCIONAL DA CARRO,01A
322784716R,COLEÇÃO ARRUELA,01A
679008071R,ISOLADOR ANTI RUIDO DO ASSOALHO PARA CAR,01A
8200136186,COIFA EM BORRACHA VULCANIZADA NAO ENDURE,01A
328905083R,MODULO DE CONTROLE DA CAIXA DE MARCHAS D,01A
8200429602,ENGRENAGEMCAIXADEMARCHASAUTO,01A
8200144334,CARTUCHO DE ESFERAS CENTRALISADOR DO EIX,01A
8200121690,GRADE DE ENTRADA DE AR DO CAPO PARA CARR,01A
8200545322,VOLANTE MOTOR MT,01A
873709262R,COBERTURA DE ACABAMENTO DO ASSENTO DE VE,01A
248107499R,QUADRO DE INSTRUMENTO PARA PAINEL DE VEI,01A
878247892R,BOTAO PLASTICO PARA REGULAGEM DA ALTURA,01A
7701474481,MOLDURA DE ACABAMENTO INFERIOR NO PARACH,01A
7701478032,ESPACADOR DE ACO,01A
963023871R,ESPELHO RETROVISOR DE VEICULO,01A
963743941R,COBERTURA PLASTICA DO ESPELHO RETROVISOR,01A
8200699980,TAMPAO PLASTICO DOS CABOS PARA PORTA DE,01A
8201450435,BASMOTEUREQUIPE,01A
873203250R,REVESTIMENTO DO ASSENTO DO BANCO,01A
7701475258,CAPA DO FAROL DE NEBLINA DO PARA CHOQUE,01A
809007275R,GARNITURE PANNEAU PORTE D,01A
132126404R,GUIA DA VALVULA DE MOTOR DE IGNICAO POR,01A
7703080117,ARRUELA DE PRESSAO,01A
7701207978,AMPLIFICADOR DO FREIO DE VEICULO AUTOMOV,01A
7701471378,VALVULA DE ADMISSAO PARA MOTOR DE PISTAO,01A
8200611301,ENGRENAGEM DA CAIXA DE MARCHAS DE V,01A
8200983398,ANELRETENTORP/VEÃ#CAUTO,01A
8200859993,BRONZINA PARA USO NO MANCAL DO MOTOR, EM,01A
8200803408,VOLANTEDOMOTORDEVEICULOAUTOMOVEL,01A
801C05500R,ESTRUTURA DA PORTA PARA CARROCARIA DE VE,01A
8201282900,AXE ET FOURCHETTE 5EME JRQ EXPORTATION,01A
8201360522,VALVULA SOLENOIDE DIRECIONAL PARA FLUIDO,01A
7701209099,TAMPA DE FECHAMENTO DO ORIFICIO DO FAROL,01A
7702234308,GUARNICAO DE BORRACHA VULCANIZADA NAO EN,01A
7702264746,ETIQUETA PLAST AUTOADESIVA P/VEIC,01A
7701209990,SORTIDO COMPOSTO POR COIFA DE PLASTICO A,01A
822171993R,CANTONEIRA DE REFORCO DO QUADRO DA PORTA,01A
805033692R,FECHADURA EM METAL DA PORTA DE VEICULO A,01A
8200792969,MOTOR DE ARRANQUE PARA MOTORES DE IGNICA,01A
7702270500,ADESIVO TEMATICO STREET,01A
7703065180,ANEL DE BORRACHA VULCANIZADA NAO ENDUREC,01A
7703065309,ANEL DE VEDACAO EM BORRACHA,01A
8200302291,CLIP PLASTICO MULTIFUNCIONAL PARA VEICUL,01A
808656990R,VEDADOR DE PLASTICO DA PORTA DA CARROCAR,01A
384213443R,CARCACA DE ACOPLAMENTO DO DIFERENCIAL,01A
620930069R,ABSORVEDOR DE IMPACTO DO PARA CHOQUE DE,01A
738825987R,TAMPA DE ACABAMENTO DA BARRA (RACK) DO T,01A
113600621R,SUPORTE DE FIXACAO DO MOTOR,01A
544018344R,BERCO DE FIXACAO DO MOTOR NA CARROCARIA,01A
260107517R,APARELHO ELETRICO (FAROL) DE ILUMINACAO,01A
8201666465,JUNTA DE VEDACAO EM BORRACHA VULCANIZA,01A
241632305R,JOGO DE FIOS ELETRICOS (CHICOTE ELETRICO,01A
7703101443,PARAFUSO NAO PERFURANTE ROSCADO DE ACO L,01A
8200933116,PINHÃOTACÔMETROCXMARCHASP/VEÍC,01A
781412823R,SUPORTE PARA FIXACAO DA LANTERNA TRASEIR,01A
803310029R,MOLDURA DE BORRACHA VULCANIZADA NAO ENDU,01A
8200819591,VIS FIX CONDUIT E,01A
938J30799R,ACABAMENTO DA BARRA DE TETO PARA CARROCA,01A
868507976R,CINTO DE SEGURANCA DE VEICULO AUTOMOVEL,01A
868840017R,CINTO DE SEGURANA,01A
868840018R,CINTO DE SEGURANCA PARA USO EM VEICULO,01A
868850013R,CINTO DE SEGURANA,01A
921204919R,VENTILADOR PARA SISTEMA ARREFECIMENTO DO,01A
476601470R,UNIDADE HIDRAULICA DO FREIO ABS DE VEICU,01A
875C08332R,TRILHO DO ASSENTO DE VEICULO AUTOMOVEL,01A
7703602274,PARAFUSO NAO PERFURANTE,01A
112703624R,ANTIRRUIDO DO MOTOR PARA CARROCARIA DE V,01A
809016767R,REVESTIMENTO DO ACABAMENTO DA PORTA DA C,01A
295H30757R,PARAFUSO NÃO PERFURANTE ROSCADO DE ACO B,01A
132656341R,TAMPA DO CABECOTE DE MOTOR DE PISTAO DE,01A
864000629R,ENCOSTO DO ASSENTO DE VEICULO AUTOMOVEL,01A
110449922R,JUNTA METALOPLASTICA,01A
924900169R,TUBULACAO DO SISTEMA DE AR CONDICIONADO,01A
827306548R,MOT CC POT INF 37,5W VID ELET VEIC,01A
886056782R,ESPUMA DO ENCOSTO DO ASSENTO DE VEICULO,01A
828770007R,FRISO PLASTICO DA PORTA PARA CARRECEIRA,01A
876208428R,COBERTURA DO ENCOSTO DO BANCO,01A
7703002633,PARAFUSO FLANGEADO, EM ACO LIGA, TEMPERA,01A
731144524R,TETO PARA CARROCARIA DE VEICULO AUTOMOVE,01A
809016704R,ACABAMENTO INTERNO DO PORTA DE VEICULO A,01A
260E01288R,KIT DE ACABAMENTO DA LAMPADA DE VEICULO,01A
806019283R,CILINDRO DE METAL COMUM DA FECHADURA,01A
781017409R,LATERAL TRASEIRA DA CARROCERIA DE VEICUL,01A
8200916128,PINHAO EM METAL DA QUINTA MARCHA DE VE,01A
822309723R,GUIA DO VIDRO DA PORTA, PARA CARROCERIA,,01A
7700303462,TRAVA EM METAL COMUM DO SUPORTE DA RODA,01A
259904552R,UNIDADE DE CONTROLE ELETRONICO DO SENSOR,01A
272881759R,ESPUMA PLASTICA ADESIVA DE USO EM VEICUL,01A
280388531R,SUPORTE DO RADIO PARA CARROCARIA DE VEIC,01A
384270788R,ALAVANCA DA CAIXA DE MARCHAS DE VEICULO,01A
849510086R,REVESTIMENTO INTERNO DA LATERAL DO PORTA,01A
8200770160,ROLAMENTOAÇOROLETESCÔNICOS,01A
829A14108R,ACABAMENTO DA MOLDURA DO PAINEL DA PORTA,01A
8200847864,IMA DE FERRITA DE ELEVACAO DO GANCHO DE,01A
7703034276,PORCA FLANGEADA M8 EM ACO LIGA (C: 0,17%,01A
100018560R,MOTOR DE PISTAO ALTERNATIVO DE IGNICAO P,01A
240118822R,JOGO DE FIOS ELETRICOS (CHICOTE ELETRICO,01A
285971998R,CHAVE COM APARELHO DE RADIOTELECOMANDO,01A
682602534R,MOLDURA DE ACABAMENTO DO PAINEL DE INSTR,01A
8200417349,APARELHO ELETRICO (CAIXAS DE LUZES COM,01A
995991359R,TRIANGLE SIGNALISATION,01A
497202263R,TUBULACAO EM ACO ASSOCIADA A TUBOS DE BO,01A
285975779R,TRANSPONDER COM CHAVE DE SEGURANCA,01A
8200242521,MOLD BORR DA TRAV CARROC DE VEIC AUTO,01A01
873204105R,REVESTIMENTO DE COBERTURA DO ASSENTO,01A02
8200170790,REVESTIMENTO PARA CARROCARIA,01A02
873209817R,ACABAMENTO DA ALMOFADA DO ASSENTO DO BAN,01A03
7700433751,AIXA DE LUZES COMBINADAS, LANTERNA TRAS,01A03
873707310R,ASSENTO DO BANCO PARA VEICULO AUTOMOVEL,01A04
873203299R,COBERTURA DE ACABAMENTO DO ASSENTO DO AS,01A05
8200170785,PAINEL DA PORTA PARA CARROCARIA DE VEICU,01A06
803010762R,VITRE LAT PORTE AV G,01A06
873207862R,COBERTURA DE ACABAMENTO DO ASSENTO DE VE,01A1
769521181R,EMBELEZADOR ALARGADOR LE PARA CARROCERIA,01A1
8200734772,PROTETOR PLASTICO LATERAL DA CARROCERIA,01A1
8200766631,FECHADURA DE ACO DE VEICULO AUTOMOVEL,01A1
8200110320,MOLDURA DA PORTA PARA CARROCARIA DE VEIC,01A1
801C03945R,ESTRUTURA DA PORTA PARA CARROCARIA DE VE,01A1
833402243R,VIDRO FIXO PAINEL LATERAL DIANTEIRO L3,01A1
809017241R,ACABAMENTO DO PAINEL DA PORTA DA CARROCA,01A1
850424135R,GUIA PLASTICO DE FIXACAO DO PARACHOQUE,01A1
794209258R,PORTAOBJETOS TRASEIRO DE VEICULO AUTOMO,01A1
8201521060,SAIA DO PARACHOQUE DA CARROCERIA DE VEI,01A1
903003494R,VIDRO EM CAIXILHO PARA CARROCARIA DE VEI,01A1
MR071019,PNEU 225/65R16C GENERAL TIRE EUROVAN2 112/110R,01A1
8201681335,Motor H4M 734 735 736 Flex,01A1
8201678680,Motor B4D 402 Flex LS,01A1
738206165R,BARRA DO TETO PARA CARROCARIA DE VEICULO,01A1
738210103R,BARRA DO TETO PARA CARROCARIA DE VEICULO,01A1
240119967R,JOGO DE FIOS ELETRICOS (CHICOTE ELETRICO,01A1
544017488R,BERCO DIANTEIRO DE FIXACAO DO MOTOR NA C,01A1
8201678681,Motor B4D 401 Flex HS,01A1
681048835R,ACABAMENTO DO PAINEL DE INSTRUMENTOS DA,01A1
7700433145,PROTETOR PLASTICO DA CAIXA DE RODAS,01A1
272708335R,UNIDADE DE CLIMATIZACAO, CONSTITUIDA DE,01A1
7701474159,PARALAMAS PARA CARROCARIA DE VEICULO AUT,01A1
7701474537,CANALETA PLASTICA DO VIDRO DA PORTA,01A1
849756032R,COMPARTIMENTO PARA ARMAZENAMENTO DA RODA,01A1
850221411R,PÁRACHOQUE TRASEIRO,01A1
282167136R,ANTENA AM/FM COM GNSS INTEGRADO,01A1
6001550040,APARELHO ELETRICO (CAIXA DE LUZES COMBIN,01A1
6001550745,PORTA TRASEIRA PARA VEICULO AUTOMOVEL,01A1
7702267561,PNEU DE BORRACHA 225/75R16C 118/116R,01A1
873203432R,COBERTURA DE ACABAMENTO DO ASSENTO DE VE,01A1
272109239R,VENTILADOR DO AR CONDICIONADO,01A1
651007934R,CAPO DA CARROCARIA DE VEICULO AUTOMOVEL,01A1
964006179R,PARASOL, CONFECCIONADO EM PLASTICO, UTI,01A1
801001778R,PORTA PARA CARROCARIA DE VEICULO AUTOMOV,01A1
8200113049,FRISO PLASTICO DO TETO PARA CARROCERIA D,01A1
788224477R,CABO DE COMANDO DE ABERTURA DA TAMPA DO,01A1
490011529R,DIREÇÃO HIDRÁULICA ASSISTÊNCIA G,01A1
622356327R,DEFLETOR DE AR DO PARACHOQUE,01A1
543022374R,AMORTECEDOR DO SISTEMA DE  SUSPENSAO DE,01A1
651006574R,CAPO DIANTEIRO PARA CARROCERIA DE VEICUL,01A1
220046,FITA PVC TRANSPARENTE 48X45,01A1
544010535R,BERCO DIANTEIRO DE FIXACAO DO MOTOR NA C,01A1
231A05413R,MODULO DE CONFORTO BCM (BODY CONTROL MOD,01A1
272779698R.,FILTRO POLÉM RENAULT,01A1
ACR84437,INTERFACE CAMERA DE RE,01A1
833419392R,VIDRO DE SEGURANCA TEMPERADO DE DIMENSAO,01A1
764137124R,SAIA PARA CARROCARIA DE VEICULO AUTOMOVE,01A1
0460353,FAROL CELTA/ MOLDURA PRETA TEXTURIZADA LE,01A1
758908249R,CARENAGEM SOB O MOTOR DE USO EM VEICULO,01A1
384698539R,ANEL DE ACO PARA TRAVAMENTO DE ROLAMENTO,01A1
544015161R,BERCO DIANTEIRO DE VEICULO AUTOMOVEL,01A1
272102432R,AR CONDICIONADO,01A1
8200591244,CHICOTE TRASEIRO,01A1
272707224R,APARELHO DE AR CONDICIONADO COM CAPACIDA,01A1
7700428476,MOLDURA DE ACABAMENTO DO PARACHOQUE DIA,01A1
7702267537,OLEO LUB EVO RN TECH FE 5W30,01A1
774336829R,PAINEL LATERAL VIDRO,01A1
8200893573,CAIXA DA DIRECAO HIDRAULICA DE VEICULO A,01A1
681041911R,MOLDURA DO CONSOLE CENTRAL,01A1
7711732170,VIDRO TRASEIRO COM SISTEMA ELETRICO DE A,01A1
7711733749,TAMPAO DO PORTA MALAS PARA CARROCARIA,01A1
794205972R,BANDEJA TRASERA NC X65,01A1
8660089787,225/65 R16 112/110R VIKING TRANSTECH II,01A1
7701474160,PARA LAMA PARA CARROCARIA DE VEICULO,01A1
769242666R,GUARNICAO DE BORRACHA ALVEOLAR PARA PORT,01A1
738209423R,TRAVESSA  DO TETO PARA CARROCARIA DE VEI,01A1
651001118R,CAPO PARA CARROCARIA DE VEICULO AUTOMOVE,01A1
8200607416,PAINEL  DA PORTA DA CARROCARIA DE VEICUL,01A1
214106091R,RADIADOR DE USO EM VEICULO AUTOMOVEL,01A1
738217017R,BARRA DE TETO PARA VEICULO AUTOMOVEL,01A1
231A09335R,MODULO ELETRONICO DE CONTROLE DA CARROCE,01A1
544012464R,BERCO DE FIXACAO DO MOTOR NA CARROCARIA,01A1
873518763R,ESTRUTURA DE METAL DO ASSENTO DO BANCO,01A1
886516038R,ESTRUTURA DO ENCOSTO DO ASSENTO DE VEICU,01A1
7701057658,APARELHO ELETRICO (FAROL) DE ILUMINACAO,01A2
313973JX0A,JUNTA EM ACO DE OLEO EM VEICULO AUTOMOVE,01A2
7701207581,KIT GUARNIÇÕES VIDRO DIANT ESQ X65,01A2
7701207797,BATENTE DO AMORTECEDOR DA SUSPENSAO DE V,01A2
8200632014,CAIXA DE LUZES, FAROL DIANTEIRO,01A2
479505873R,SENSORES INDUTIVOS DE MOVIMENTO CONTENDO,01A2
8200313126,EIXO DE ENGRENAGEM DA CAIXA DE MARCHAS,01A2
8200661149,LIMITADOR TIPO TRAVA DE ACO DA PORTA DE,01A2
903005110R,VIDRO DE SEGURANCA COM DESEMBACADOR,01A2
903009523R,VIDRO TRASEIRO COM DESEMBACADOR,01A2
901008544R,TAMPAO DO PORTAMALAS DA CARROCARIA DE VE,01A2
8200024411,ROLAMENTO DE ESFERA DE CARGA RADIAL,01A2
764618185R,ELEMENTO FECHAMENTO LATERAL DA CARROCERI,01A2
0160741,FAROL H4/H1,01A2
0160123,FAROL(200622),01A2
491105133R,BOMBA ROTATIVA PALHETAS DIRECAO HIDRAUL,01A2
0160200,FAROL HB20 / HB20 SEDAN 2014/ MOLDURA PRETA TEXTUR,01A2
760205017R,MOLDURA LATERAL INFERIOR DA CARROCERIA D,01A2
271204388R,CARCACA DO AQUECEDOR DO AR CONDICIONADO,01A2
150105428R,BOMBA DE OLEO DE USO EM MOTOR DE VEICULO,01A2
8200766887,FECHADURA ELETRICA DE METAL COMUM PARA V,01A2
803865931R,TRILHO DE APOIO DO VIDRO PARA USO EM VEI,01A2
6001549211,DISCOFREIODIANT8'SOLIDO,01A2
876206391R,REVESTIMENTO DE COBERTURA DO ASSENTO,01A2
8671018195,DISCO DE FREIO PARA VEICULO AUTOMOVEL,01A2
631005204R,PARA LAMA PARA CARROCARIA DE VEICULO AUT,01A2
8200439260,ALMOFADA DO MIOLO DO VOLANTE DE VEICULO,01A2
8200723735,BATENTE DE BORRACHA DO AMORTECEDOR,01A2
7702267190,185/65 R15 ECOPIA EP150 88H,01A2
873204565R,COBERTURA REVESTIMENTO ASSENTO DO BANCO,01A2
7701067341,COBERTURA DE PLASTICO DO ESPELHO RETROVI,01A2
7701059704,SUPORTE DE FIXACAO DA PINCA DO FREIO DIA,01A2
8200861525,EIXO DE COMANDO DA CAIXA DE MARCHAS DE V,01A2
808654337R,ACABAMENTO DE VEDACAO DA PORTA,01A2
873700101R,REVESTIMENTO DE COBERTURA DO ASSENTO,01A2
402107049R,ROLAMENTO DE ESFERAS DE CARGA AXIAL,01A2
8200530998,VIDRO TEMPERADO P/ VEICULO AUTO,01A3
130850344R,GUIA DA CORREIA TENSIONADORA DE VEICULO,01A3
200107716R,LINHA DE ESCAPAMENTO,01A3
7701040965,SUPORTE PINÇA FREIO,01A3
823006406R,VIDRO TEMPERADO LATERAL,01A3
848109755R,ACABAMENTO DA TAMPA DO  PORTAMALAS PARA,01A3
8200530124,TAMPAO DO PORTAMALAS DA CARROCARIA DE VE,01A3
265553894R,CAIXAS DE LUZES PARA SINALIZACAO VISUAL,01A3
681004229R,PAINEL DE INSTRUMENTOS PARA CARROCARIA,01A3
833065608R,VIDRO FIXO DIR,01A3
822207546R,VITRE FIXE PORTE AR D TEINTEE,01A3
7702267542,195/55 R16 87V CONTIPOWERCONTACT,01A3
963661064R,ESPELHO RETROVISOR PARA VEICULO AUTOMOVE,01A3
241632044R,JOGO DE FIOS ELETRICOS (CHICOTE ELETRICO,01A3
0160550,FAROL( 200622P),01A3
823006383R,VIDRO MOVEL DA PORTA DIR,01A3
0160795,FAROL HB20 / HB20 SEDAN 2014/ MOLDURA PRETA TEXTUR,01A3
7702271188,JG DE TAPETE DE BORRACHA CLIO LAC X65,01A3
781001882R,PAINEL LATERAL PARA CARROCERIA DE VEICUL,01A3
7711734397,PNEU 185/65 R 15 H724 HANKOOK 86T LRI,01A3
7711734412,205/75 R 16C FRD96 FARROAD 110/108R LRI,01A3
8660003182,185/65 R15 88H VIKING CITYTECH II,01A3
803001742R,VIDRO DE SEGURANCA CURVO TEMPERADO DA PO,01A3
7701477101,BLOCO DE CILINDROS PARA MOTOR DE IGNICAO,01A3
7701065985,FILTRO DE ENTRADA DE AR PARA MOTOR DE VE,01A3
8660089785,205/75 R16 110/108R VIKING TRANSTECH II,01A3
822624282R,VIDRO TEMPERADO LATERAL,01A3
803877232R,GUIA DO VIDRO DA PORTA, PARA CARROCERIA,,01A3
876701134R,REVESTIMENTO TEXTIL DE COBERTURA DO ASSE,01A3
7711732199,225/65 R16 112/110R CONTIVANCONTACT 100,01A3
873206446R,COBERTURA DE ACABAMENTO DO ASSENTO DE VE,01A3
849516486R,REVESTIMENTO DO PORTA MALAS PARA CARROCA,01A3
7702267195,215/65 R16 98T DUELER H/T 684 II,01A3
8201163444,AMPLIFICADOR (HIDROVACUO) PARA SISTEMA D,01A4
8200320289,ALAVANCA DA CAIXA DE MARCHAS DE VEICULO,01A4
760335349R,PAINEL DA ESTRUTURA LATERAL PARA CARROCA,01A4
827201551R,MECANISMO MANUAL LEVANTAMENTO DO VIDRO,01A4
7700426211,BOMBA DE COMBUSTIVEL PARA MOTOR DE IGNIC,01A4
7700852925,DEFLETOR DE OLEO DA CAIXA DE MARCHAS DE,01A4
776304718R,COLUNA PARA CARROCARIA DE VEICULO AUTOMO,01A4
960176677R,MOLDURA DE ACABAMENTO PARA CARROCARIA DE,01A4
6001550385,ENCOSTO DO BANCO DIANTEIRO PARA VEICULO,01A4
873200990R,REVESTIMENTO DO ASSENTO DO BANCO ESQUERD,01A4
8200140478,TRAVESSA PARA CARROCARIA DE VEICULO AUTO,01A4
8201737032,PROTECAO DIANTEIRA DO PARACHOQUE,01A4
284B18392R,MODULO ELETRONICO DE CONTROLE DA CARROCE,01A4
484007613R,VOLANTE DE DIRECAO PARA VEICULO,01A4
284B10328R,MODULO DE CONTROLE ELETRONICO AUTOMATICO,01A4
0160771,FAROL H4 REG.M.MOLD.BLUE BEXEL,01A4
0460435,LANT. TRAS. FUME PRISMA 2013/ LE,01A4
8200072713,RADIADOR DE VEICULO AUTOMOVEL,01A4
365310042R,CABO COM ELEMENTOS TERMINAIS PARA FREIO,01A4
8201548549,CAIXA DE TRANSMISSAO AUTOMATICA COM CAIX,01A4
873017693R,ESTRUTURA DO ASSENTO DO BANCO,01A4
8200125077,MÓDULO TRANSMISSOR POR SINAIS,01A4
484001818R,VOLANTE DA DIRECAO DE VEICULO AUTOMOVEL,01A4
8200687969,CJ BOIA/BOMBA COMBUSTIVEL KANGOO,01A4
622229372R,SUPORTE PLASTICO LATERAL DO PARACHOQUE,01A4
7711734323,PATINETE ELETRICO 10" AMARELO,01A4
3010603,BATERIA DE LITIO,01A4
809006613R,ACABAMENTO DA MOLDURA DO PAINEL DA PORTA,01A4
281157837R,CENTRAL MULTIMIDIA, PARA CONEXAO COM TEL,01A4
963011348R,ESPELHO RETROVISOR DE VEICULO,01A4
281153962R,CENTRAL MULTIMIDIA, PARA CONEXAO COM TEL,01A4
265500140R,CAIXAS DE LUZES PARA SINALIZACAO VISUAL,01A4
7700350377,TRILHO DA PORTA CORREDICA PARA CARROCARI,01A5
8200417351,CAIXA DE LUZES COMBINADAS , LA,01A5
8200700047,APARELHO ELETRICO (CAIXAS DE LUZES COM,01A5
6001549824,ELEMENTO DE LIGAÇÃO,01A5
0160773,FAROL H4 ONIX 2012/ PRISMA 2013/ LE,01A5
6001550459,ESTRUTURA EM METAL DO ASSENTO DE VEICULO,01A5
8200603862,MECANISMO DE ELEVACAO DO VIDRO ELETRICO,01A6
7702267184,185/65 R15 TURANZA ER300 88H,01A6
8200028782,ACABAMENTO DE PLASTICO DA MACANETA,01A6
807203892R,MECANISMO PARA REGULAGEM DE POSIÇÃO DO V,01A6
472103385R,BOOSTER HIDROVACUO,01A6
807201397R,MECANISMO DE ACIONAMENTO DO VIDRO,01A6
0160772,FAROL H4 REG.MOLD,01A7
555119778R,EIXO NAO MOTOR DE VEICULO AUTOMOVEL,01A8
200104463R,SILENCIOSO DO ESCAPAMENTO DE VEICULO AUT,01A9
172023723R,BOMBA DE COMBUSTIVEL COM DISPOSITIVO MED,01B01
8200742209,TUBULACAO DO SISTEMA DE DIRECAO HIDRAULI,01B05
850425471R,CANTONEIRA DE SUSTENTACAO DO PARACHOQUE,01B08
118263662R,MANGUEIRA DE BORRACHA VULCANIZADA NÃO EN,01B1
6001548623,SUPORTE DE METAL COMUM DA SUSPENSAO PARA,01B1
283934160R,FIACAO ELETRICA (CHICOTE ELETRICO) PARA,01B1
8201068828,MODULO DE CONTROLE ELETRONICO PARA ACION,01B1
8201128904,TUBO METALICO DE ENTRADA DE AGUA DA BO,01B1
7700108609,ARVORE DE CAMES PARA COMANDO DE VALVULAS,01B1
908300018R,GUARNICAO DE BORRACHA ALVEOLAR,01B1
243229316R,COBERTURA DO COMPARTIMENTO DOS FUSIVEIS,01B1
766112938R,REFORCO DA COLUNA PARA CARROCARIA DE VEI,01B1
110410660R,CABECOTE PARA MOTOR DE IGNICAO POR CENTE,01B1
760566749R,PAINEL LATERAL EM ACO PARA MONTAGEM DA C,01B1
8201739943,TAPETE DE CARPETE PARA CARROCERIA,01B1
6001547052,TUBO EM BORRACHA VULCANIZADA NÃO ENDUREC,01B1
876115121R,COBERTURA DO ENCOSTO DO BANCO,01B1
7701472674,CORRENTE EM ACO DA BOMBA DE OLEO DE USO,01B1
7702266460,PERFORMANCE VICTORY 15W40,01B1
7711732226,TAPETE EM BORRACHA VULCANIZADA NAO ENDUR,01B1
7751477911,PORTA TRAS/ESQUERDA MASTER II,01B1
901016100R,PORTA  DE VEICULO AUTOMOVEL,01B1
7702295495,PARACHOQUE PARA VEICULO AUTOMOVEL,01B1
681011329R,PAINEL DE INSTRUMENTOS PARA USO EM VEICU,01B1
7701473703,PARALAMAS PARA CARROCARIA DE VEICULO AU,01B1
7701067336,LENTE PARA ESPELHO RETROVISOR EXTERNO LA,01B1
341087098R,COMANDO DE MUDANCA DE MARCHAS,01B1
873333355R,SENSOR DE DETECCAO DE OCUPANTE DE VEICUL,01B1
801017005R,PORTA PARA CARROCARIA DE VEICULO,01B1
8200432132,ARRUELA DE ACO,01B1
8200394204,TUBO DE BORRACHA VULCANIZADA NAO ENDUREC,01B1
756G29571R,TRAVESSA DE FECHAMENTO DO ASSOALHO DA CA,01B1
756106988R,TRAVESSA DE MONTAGEM PARA CARROCARIA DE,01B1
822623236R,VITRE FIXE PORTE AR D TEINTEE,01B1
8200647826,INJELETRÔNICAP/MOTORIGNCENT,01B1
625047737R,ESTRUTURA FRONTAL DA CARROCARIA DE VEICU,01B1
745123729R,ALONGAMENTO ASSOALHO,01B1
850906664R,ABSORVEDOR DE IMPACTO DO PARACHOQUE,01B1
7701471883,MACANETA DE PLASTICO DE VEICULO AUTOMOVE,01B12
472101777R,AMPLIFICADOR (HIDROVACUO) PARA SISTEMA D,01B2
791822879R,CANTONEIRA DE SUSTENTACAO DO PARACHOQUE,01B2
806068194R,MOLDURA DE PLASTICO DA MACANETA,01B2
349359903R,CABO DE COMANDO DA CAIXA DE MARCHAS,01B2
149503910R,ABSORVEDOR DE VAPOR DE COMBUSTIVEL,01B2
801014978R,PORTA PARA CARROCARIA DE VEICULO AUTOMOV,01B2
638302834R,DEFLETOR DA CAIXA DE RODA  PARABARRO,,01B2
7702266455,OLEO SEMI-SINTETICO 10W40,01B2
7711732157R,RADIO PIONNER MVH 88 UB,01B2
8200695684,SENSOR DO AIR BAG,01B2
7702271196,ALARME LAC,01B2
8200917748,CAIXA DA DIRECAO HIDRAULICA DE VEICULO,01B2
7703081163,CLIP PLASTICO DE RETENÇÃO MULTIUSO PARA,01B2
7701068375,MOLDURA DE RETROVISOR PLASTICO PARA VEIC,01B2
908510003R,FRISO DE PLASTICO,01B2
833970001R,CALCO DE ACO DE VEICULO AUTOMOVEL,01B2
823305556R,CANALETA EM PLASTICO PARA MONTAGEM DO VI,01B2
255676841R,MÓDULO CENTRAL DE COMUTAÇÃO PRODUZIDO DE,01B2
8200792424,BANDEJA DA BATERIA DE VEICULO AUTOMOVEL,01B2
391016491R,391011023R SEMI EIXO TRANSMISSÃO DE VEIC,01B2
281159719R,CENTRAL MULTIMIDIA PARA CONEXAO DE TELEF,01B2
7711733127,APARELHO ELETRICO DE SINALIZACAO ACUSTIC,01B2
625305955R,TRAVESSA DO RADIADOR DA CARROCARIA,01B2
7702270432,JOGO DE TAPETE DE BORRACHA,01B2
7711732033,CJ.FRISO LATERAL NOVO LOGAN PRATA ETOILE,01B2
206063616R,SUPORTE FABRICADO EM ACO, PARA FIXACAO D,01B2
306209222R,ALAVANCA INTERNA DA CAIXA DE MUDANÇA DE,01B3
288866506R,BRACO DO LIMPADOR DE PARA BRISA DE VEIC,01B3
745962444R,REFORCO DA SOLEIRA DA PORTA PARA CARROCA,01B3
484006332R,VOLANTE DA DIRECAO DE USO EM VEICULO AUT,01B3
555012371R,EIXO NAO MOTOR DE VEICULO AUTOMOVEL,01B3
488109440R,COLUNA DIRECAO PARA VEICULO AUTOMOVEL,01B3
8200688970,CUBO DA RODA DIANTEIRA PARA VEICULO AUTO,01B3
751108724R,LONGARINA DIANTEIRA DA CARROCARIA DE VEI,01B3
555011466R,EIXO NAO MOTOR DE TRANSMISSAO DE USO EM,01B3
924404657R,TUBO DE METAL DO AR CONDICIONADO DE VEIC,01B3
391008333R,SEMI EIXO DE TRANSMISSAO,01B3
6001550394,COBERTURA PLASTICA DE ACABAMENTO DA MANO,01B3
969243819R,MANUAL XBB,01B3
876015465R,ESTRUTURA EM METAL DO ASSENTO,01B3
8200049077,RADIADOR PARA SISTEMA DE ARREFECIMENTO,01B3
8200641119,MACANETA DE PLASTICO DA PORTA DE VEICULO,01B3
7700351240,MOLDURA DE BORRACHA VULCANIZADA NAO ENDU,01B3
8200742281,MOLDURA PLASTICA DA SOLEIRA,01B3
8200679824,ELEMENTO FILTRANTE DO FILTRO DE ENTRADA,01B3
7701207677,ROLAMENTO DE ESFERAS DE CARGA AXIAL,01B3
243809584R,BASE DA UNIDADE DE INTERCONEXAO DO MOTOR,01B3
8200163740,TRILHO DE METAL DE ABERTURA DA PORTA L,01B3
200102581R,SILENCIOSO DO ESCAPAMENTO,01B3
572115531R,SUPORTE DO ESTEPE PARA CARROCARIA DE VEI,01B3
808217689R,MOLDURA PLASTICA DA JANELA DA PORTA,01B3
7703077153,PRESILHAPLÁSTICA,01B3
7701769551,JG ANEL SINCRONISMO CX MARCHAS,01B3
788753599R,EXTENSOR DO PARALAMAS,01B3
231004784R,ALTERNADOR PARA USO EM VEICULO AUTOMOVEL,01B3
679000235R,ISOLADOR ANTIRRUIDO DA CARROCERIA DE VEI,01B3
901017381R,PORTA PARA CARROCARIA,01B3
490014228R,CAIXA DA DIRECAO HIDRAULICA,01B3
231000057R,ALTERNADOR,01B3
8200321029,ALAVANCA DE ACIONAMENTO DO FRE,01B3
172024289R,BOMBA DE COMBUSTIVEL PARA MOTOR DE IGNIC,01B4
172024328R,BOMBA DE COMBUSTIVEL PARA MOTOR DE IGNIC,01B4
237105103R,MODULO DE CONTROLE ELETRONICO DE INJECAO,01B4
8200717729,TUBO DE ESCAPAMENTO DE USO EM VEICULO AU,01B4
765189330R,ELEMENTO DE LIGACAO DA LATERAL,01B4
8200497590,MODULO PLASTICO DE COMANDO EXTERNO,01B4
214769978R,DEFLETOR DE AR DO RADIADOR DE VEICULO AU,01B4
808218874R,808217927R FRISO PLASTICO DA CARROCARIA,01B4
934A66658R,HASTE DA CARROCARIA DE ACIONAMENTO DA TR,01B4
8200742277,MOLDURA PLASTICA DA SOLEIRA DA CARROCARI,01B4
7711732147,LONGARINA DE USO MULTIFUNCIONAL DA CARRO,01B4
823008808R,VITRE PORTE AR D TEINTEE,01B4
260105157R,APARELHO ELETRICO (FAROL) DE ILUMINACAO,01B4
924803713R,TUBULACAO COM FORMATO PROPRIO DO SISTEMA,01B4
215039970R,TUBO DE BORRACHA VULCANIZADA NAO ENDUREC,01B4
8200299483,MACANETA PLASTICA DE BERTURA DO PORTA MA,01B4
8200669066,HASTE DA SUSPENCAO,01B4
164466932R,CANALISATION DE PURGE D' ABSORBEUR VAPEU,01B4
921000005R,CONDENSADOR DE AR CONDICIONADO PARA US,01B4
7702295869,ACABAMENTO PLASTICO DO PARACHOQUE DE VEI,01B4
7700116378,SENSOR DE VELOCIDADE DE VEICULO AUTOMOVE,01B4
8200784391,ALAVANCA DO FREIO DE ESTACIONAMENTO DE,01B4
110678071R,PAINEL DE CONTROLE ELETRICO PARA TENSAO,01B4A
732108023R,TRAVESSA DO TETO PARA VEICULO AUTOMOVEL,01B5
727121945R,VIDRO DE SEGURANCA CURVO FORMADO POR FOL,01B5
844002175R,DOBRADIÇA DE AÇO DO PORTAMALAS DE VEÍCU,01B5
484007067R,VOLANTE DA DIRECAO DE USO EM VEICULO AUT,01B5
8200766888,FECHADURA ELETRICA COM ATUADOR  DO TIP,01B5
8200459155,COMANDO DE ACIONAMENTO HIDRAULICO DA E,01B5
8200467971,MECANISMO DE ABERTURA E FECHAMENTO DE VI,01B5
7701476657,ANELSINCRONIZADORDACAIXADEMARCHA,01B5
963025707R,ESPELHO RETROVISOR PARA VEICULO AUTOMOVE,01B5
8200895561,FUSIVEL,01B5
8200700115,ESPELHO RETROVISOR DE VEICULO,01B5
144A24542R,ABRACADEIRA DE ACO DA TUBULACAO DE SAIDA,01B5
254111678R,MÓDULO COMPOSTO DE COMBINAÇÃO, EM INVÓLU,01B5B
7703179077,CLIP PLASTICO PARA FIXAÇAO DO CAPO DE VE,01B5B
807200008R,MECANISMO ACION VIDRO ELETR P/ AUTO,01B6
7705005276,ARTICULACAO DE ABERTURA EM METAL DO TIPO,01B6
8200103259,APARELHO ELETRICO (LUZ FIXA DA PLACA DE,01B6
250600832R,MEDIDOR DO NIVEL DE COMBUSTIVEL,01B6
7701209132,CHAVE COM APARELHO DE RADIOTELECOMANDO,01B6B
7750350383,PAINEL LATERAL FECHAMENTO DA CARROCARIA,01B7
7703034220,PORCA ROSCADA DE ACO LIGA. COM PROCESSO,01B7
990325379R,ETIQUETA AUTOADESIVA DE POLICLERETO,01B7
850447814R,SUPORTE EM PLASTICO DE FIXACAO DO PARACH,01B8
484002245R,VOLANTE DE DIRECAO PARA VEICULO AUTOMOVE,01B8
392417848R,COIFA DE BORRACHA VULCANIZADA NAO ENDUR,01B8
765302083R,PAINEL DA COLUNA PARA CARROCARIA,01B8
768F30005R,RISO DE PLASTICO,01B8
6001550014,FRISO DA GRADE DO RADIADOR, EM ACO, UTIL,01B8
8201108358,COIFA,01B8
745407124R,TRAVESSA PARA CARROCARIA DE VEICULO,01B9
8200661153,LIMITADOR DE ABERTURA DO PORTA MALAS  DE,01B9
638442016R,ROTETOR PLASTICO DA CAIXA DE RODAS,01C01
631015804R,PARA LAMA PARA CARROCARIA DE VEICULO AUT,01C02
7700776743,PROTETOR DE BORRACHA VULCANIZADA NAO END,01C07
392416968R,JUNTA DA TRANSMISSAO DE VEICULO AUTOMOVE,01C1
7751680302,ELEMENTO DE FECHAMENTO DA CARROCARIA DE,01C1
248107024R,INDICADOR DE VELOCIDADE (VELOCIMETRO) E,01C1
544013141R,QUADRO DO CHASSIS DE VEICULO AUTOMOVEL D,01C1
302051548R,CONJUNTO DISCO PLATO DA EMBREAGEM PARA V,01C1
8200415287,COBERTURA INT CAIXA RODAS P/ VEIC,01C1
7711734463,CAMISA POLO 1945 VINT MASC CINZA GG,01C1
200107544R,CONJ DIANT LINHA DE ESCAPAMENTO,01C1
282175233R,ANTENA DE APARELHO RECEPTOR DE RADIODIFU,01C1
288908484R,PALHETA DO LIMPADOR DO PARA BRISA DE VEI,01C1
7701716865,CAIXADEMARCHASPARAVEICULOAUTOMOVEL,01C1
8200699903,SUPORTE PLASTICO DO PARACHOQUE DE VEICUL,01C1
7702271251,TAPETE EM BORRACHA VULCANIZADA NAO ENDUR,01C1
8200459643,JUNTA EM METAL DO COLETOR DE ESCAPE PARA,01C1
8200120521,RODA DE AÇO ARO 16' PARA VEICULO,01C1
622200145R,GUIA PLASTICO DE FIXACAO DO PARACHOQUE,01C1
806077198R,MACANETA DE PLASTICO DA PORTA DE VEICULO,01C1
ACR24,FILTRO DE OLEO-COROLLA/FIELDER,01C1
963017356R,ESPELHO RETROVISOR PARA USO EM VEICULO A,01C1
8200207081,BANDA DE FREIO DA CAIXA DE MARCHAS DE,01C1
821003956R,PORTA LATERAL,01C1
6001550759,GUIA DO VIDRO DA PORTA DE VEICULO AUTOMO,01C1
474013285R,TUBO EM BORRACHA VULCANIZADA NÃO ENDUREC,01C1
990460565R,ETIQUETA AUTOADESIVA DE POLICLERETO,01C1
200103425R,TUBULACAO DE ESCAPAMENTO PARA USO EM VEI,01C1
745146795R,ASSOALHO TRAS,01C1
873116531R,ESPUMA DO ASSENTO DO BANCO,01C1
7701474796,PIVO DE ARTICULACAO DA BARRA DA DIRECA,01C1
7701473521,MOLDURA PLASTICA DE ACABAMENTO,01C2
8200754011,EIXO SUPORTE DO BALANCIM PARA MOTOR DE,01C2
8200705031,TUBULAÃ#Ã#O DO SISTEMA DE DIREÃ#Ã#O HID,01C2
240800480R,FIACAO ELETRICA  MUNIDA DE PEÇA DE CONEX,01C2
8200548389,Manual de proprietArio Clio 2006  2008,01C2
000205684,MANUAL GAR PT,01C2
543022196R,AMORTECEDOR DO SISTEMA DE SUSPENSAO DE V,01C2
543023954R,AMORTIGUADO DEL X52,01C2
620252766R,ELEMENTO DE FECHAMENTO DO PARACHOQUE DIA,01C2
200107927R,DEPURADOR POR CONVERSAO CATALITICA DE GA,01C2
623871373R,MOLDURA DE ACABAMENTO DA GRADE DO RADIAD,01C2
8200146042,SUPORTE EM PLASTICO DE FIXACAO DO PARACH,01C2
620725136R,COBERTURA DO PARA CHOQUE DE VEICULO AUTO,01C2
7702266430,TRANSELF TRX 75W80,01C2
7701476161,DOBRADICA DE METAL COMUM DA PORTA PARA V,01C2
7701209368,VALVULA DO TIPO BORBOLETA DE USO EM VEIC,01C2
306202899R,ACIONADOR HIDRAULICO SISTEMA EMBREAGEM,01C2
544C48645R,TRAVESSA PARA CARROCARIA DE VEICULO AUTO,01C2
638410005R,PROTETOR DA CAIXA DE RODA PARA CARROCARI,01C2
8200555112,BOMBA DE OLEO LUBRIFICANTE,01C2
8200675217,SUPORTE DA BIELETA DE SUSPENSAO MOTOR CE,01C2
849510967R,REVESTIMENTO INTERNO DA LATERAL DO PORTA,01C2
306205626R,CILINDRO DA EMBREAGEM CONCENTRICA DE VEI,01C2
8200089446,BOTAO PLASTICO DE COMANDO PARA USO EM VE,01C2B
7700847055,TUBO DE BORRACHA VULCANIZADA NAO ENDUREC,01C3
200106442R,TUBO DE ESCAPAMENTO PARA VEICULO,01C3
7701048673,ESPELHO RETROVISOR DE VEICULO AUTOMOVEL,01C3
8201206748,TAMPA PLASTICA DO TANQUE DE COMBUSTIVEL,01C3
7700500048,VELA DE IGNICAO PARA MOTOR DE IGNICAO PO,01C3
6001550126,INTERRUPTOR ELETRICO PARA COMANDO DOS FA,01C3
7701692448,FRISO LATERAL DA CARROCERIA PARA VE,01C3
8200677011,JUNTA DE ESTANQUEIDADE CAPÔ PRISA,01C3
8200465550,RAMPA DE ALIMENTACAO DE COMBUSTIVEL PARA,01C3
410602889R,PASTILHA DE FREIO DE USO EM VEICULO,01C3
200106304R,LINHA DE ESCAPAMENTO,01C3
248103720R,INDICADOR DE VELOCIDADE (VELOCIMETRO) E,01C3
8200833570,CORREIA DE TRANSMISSAO POLYV PERFIL 6PK,01C3
7750350423,ELEMENTO DE FECHAMENTO DO PARACHOQUE DE,01C3
7711230112,COLA TRAVA PARAFUSO, VENDA RETALHO,01C3
8200910717,BRACO INFERIOR DA SUSPENSAO DE VEICULO A,01C3
7700353021,APARELHO ELETRICO (LANTERNA DA PLACA DE,01C3
850228326R,COBERTURA DO PARACHOQUE DE VEICULO AUTOM,01C3
638304371R,PROTETOR PLASTICO DA CAIXA DE RODAS DA C,01C3
410601061R,PASTILHA DE FREIO PARA VEICULO AUTOMOVEL,01C3
240112967R,JOGO DE FIOS ELETRICOS (CHICOTE ELETRICO,01C3
288862244R,BRACO DO LIMPADOR DE PARABRISAS DE VEICU,01C3
200109455R,TUBO DE ESCAPAMENTO PARA VEICULO AUTOMOV,01C3
7701477636,FRISO DE PLASTICO PARA PORTA DA CARROCER,01C3
924142963R,TUBO DE BORRACHA, EM FORMATO PROPRIO, DA,01C3
8200263440,CABO DE ACIONAMENTO DA EMBRAGEM DE VEICU,01C3
638400004R,PROTETOR DA CAIXA DE RODA PARA CARROCARI,01C3
638308362R,PROTETOR DA CARCACA DA RODA DA CARROCERI,01C3
7711732665,APARELHO ELETRICO (FAROL ) DE ILUMINACAO,01C3
828365556R,JUNTA DE BORRACHA VULCANIZADA NAO ENDURE,01C3
7701208408,FECHADURA COMPLETA COM SWITCH DE IGNICAO,01C3
7711733772,APARELHO ELETRICO (FAROL ) DE ILUMINACAO,01C3
8201017784,POLIA DE VEICULO AUTOMOVEL,01C3
8200503234,TUBULACAO DO SISTEMA DE RETORNO DE COMBU,01C3
326101263R,ANEL DA CAIXA DE MARCHAS DE VEICULO AUTO,01C3
849512074R,REVESTIMENTO INTERNO DA COLUNA DA CARROC,01C4
990446478R,FAIXA DECORATIVA AUTOADESIVA EM PLASTIC,01C4
479100004R,GERADOR DE SINAIS, SENSOR DE VELOCIDADE,01C4
DF3541RP,PROTETOR DE CARTER CLIO KANGOO,01C4
479109155R,SENSORES INDUTIVOS DE MOVIMENTO CONTENDO,01C4
285916556R,ANEL TRANSPONDER DE COMUNICACAO,01C4
255407372R,CONJUNTO DE INTERRUPTORES ELETRICOS, FOR,01C4
878165134R,FIVELA DO CINTO PARA CARROCERIA DE VEICU,01C4
7701044444,JUNTA DE BORRACHA VULCANIZADA NAO ENDURE,01C4
7701207255,MECANISMO FABRICADO PREDOMINANTEMENTE EM,01C4
240152896R,FIACAO ELETRICA (CHICOTE ELETRICO),01C4
7701474447,COIFA PARA VEICULO AUTOMOVEL,01C4
768613309R,JUNTA DE VEDACAO EM BORRACHA VULCANIZADA,01C4
8200910716,BRACO DA SUSPENSAO DIANTEIRA DE VEICULO,01C4
8200184111,GUIA DE PUERTA LATERAL,01C4
7701040255,ESPELHO RETROVISOR PARA VEICULO AUTOMOVE,01C4
289101259R,RESERVOIR LAVE PAREBRISE,01C4
8200912024,EIXODEENTRADADECOMANDODEPASSAGEMD,01C4
876115614R,ENCOSTO DO BANCO PARA VEICULO AUTOMOVEL,01C4
827201053R,MECANISMO DE ELEVACAO DO VIDRO ELETRICO,01C4
200108820R,TUBO DE ESCAPAMENTO PARA VEICULO,01C4
8200250915,ARRUELA LISA DE ACO BAIXO CARBONO, SEM T,01C4
7701471647,EIXO NAO MOTOR DE VEICULO AUTOMOVEL,01C4
924000016R,TUBO DE BORRACHA VULCANIZADA NAO ENDUREC,01C5
825039368R,FECHADURA ELETRICA DA PORTA DE VEICULO,01C5
7701692574,FRISO PLASTICO DO PAINEL PARA CARROCERIA,01C5
164463902R,TUBULACAO DO SISTEMA DE ALIMENTACAO DE C,01C5
23796ED06A,VALVULA DE CONTROLE DE OLEO DE USO EM MO,01C5
240151419R,FIACAO ELETRICA (CHICOTE ELETRICO) PARA,01C5
250602942R,MEDIDOR DE COMBUSTÍVEL,01C5
8200409455,BOCAL DE ENCHIMENTO PARA LIMPADOR DE PAR,01C5
828385905R,JUNTA DE BORRACHA VULCANIZADA NAO ENDURE,01C5
23796ED00D,VALVULA PROPORCIONAL DE GERENCIAMENTO DE,01C5
7701474795,PIVO DA BARRA DE DIRECAO PARA VEICULO,01C5
7701206740,ROLAMENTO DE ESFERAS DE CARGA RADIAL,01C5
317283JX0C,FILTRO DE OLEO DA TRANSMISSAO DE VEICULO,01C5
631120005R,ACABAMENTO PLASTICO DA CARROCARIA DE VEI,01C5
8200164777,MACANETA DE PLASTICO DA PORTA DE VEICULO,01C5
8200065205,TUBO BORRACHA REFORCO TEXTIL S/ ACESSORI,01C5
200101180R,LINHA DE ESCAPAMENTO COMPOSTA DE TUBO DE,01C6
8200085400,TUBO DE BORRACHA VULCANIZADA NAO ENDUREC,01C6
7703020041,PARAFUSO DE ACO,01C6
904529943R,MOLA A GAS DO TIPO UTILIZADO PARA FACILI,01C6
7700867867,BICO INJETOR DE COMBUSTIVEL, PARA MOTOR,01C6
688262624R,CENDRIER EQP,01C6
7700428135,TB D'AGUA ENTRADA RADIADOR X65 D7D,01C6
631598017R,SUPORTE DE FIXACAO,01C6
8200694080,CABO DO FREIO DE ESTACIONAMENTO DE VEICU,01C6
250602864R,INDICADOR DE NIVEL ENTRE EIXOS DE VEICUL,01C6
7700842765,JUNTA DE BORRACHA VULCANIZADA NAO ENDURE,01C7
6001548742,TAMPA PLASTICA DO RESERVATORIO DE AGUA,01C7
8200034377,SUPORTE PLASTICO DO PARACHOQUE DE VEICUL,01C7
112100014R,TAMPÂO DE SUSPENSÃO GMP,01C7
8200852172,TUBO DE SAIDA DO RADIADOR, UTILIZADO EM,01C7
8200026111,TUBO DE BORRACHA VULCANIZADA NAO ENDUREC,01C7
2345012920,SENSOR DE TEMPERATURA DÁGUA DE VEICULO A,01C7
7701207437,KIT DE ESQUADROS DO PARACHOQUE L65PHII,01C7
870192635R,JOGO DE FIOS ELETRICOS PARA VEICULO AUTO,01C7
788226986R,CABO DE ABERTURA DA TAMPA DE COMBUSTIVEL,01C7
682525689R,TAMPA DO PORTALUVAS PARA CARROCARIA DE,01C7
6001548050,CHAVE DE METAL COMUM APRESENTADA ISOLADA,01C7
8200121691,MOLDURA PARA CARROCARIA DE VEICULO AUTOM,01C7
7701470902,CONJUNTO DE CABOS PARA ACIONAMENTO DO FE,01C7
924801577R,TUBULACAO COM TAMANHO E FORMATOS PROPRIO,01C8
7700871802,JUNTA DE BORRACHA VULCANIZADA NAO ENDURE,01C8
200107431R,SILENCIOSO DO ESCAPAMENTO DE VEICULO AUT,01C8
738861379R,BARRA DO TETO PARA CARROCARIA DE VEICULO,01C8
282434173R,CABO COAXIAL  DE USO MULTIFUNCIONAL EM V,01C8
8200394731,CAIXA DE LUZES COMBINADAS, LANTERNA TRAS,01C8
244976310R,TAMPA CAIXA FRIA,01C9
964017653R,PARASOL  PARA CARROCERIA DE VEICULO AUTO,01C9
768180129R,FRISO DE PLASTICO,01C9
924103635R,MANGUEIRA DE BORRACHA VULCANIZADA NAO EN,01C9
320102232R,CAIXA DE MARCHAS  DE VEICULO AUTOMOVEL,01DIC
7702270263,JG DE TAPETE DE BORRACHA MASTER X70,01D01
240113333R,JOGO DE FIOS ELETRICOS (CHICOTE ELETRICO,01D01
540109345R,MOLA DE ACO HELICOIDAL CILINDRICA DA SUS,01D1
8200420871,ELEMENTO FILTRANTE DO FILTRO DE ENTRADA,01D1
8201562902,JOGO TAPETE DE BORRACHA DUSTER,01D1
807217042R,MECANISMO MANUAL EM METAL COMUM DE LEVAN,01D1
823880009R,JUNTA PLASTICA DA PORTA DE VEICULO,01D1
758907899R,PROTETOR DE CARTER PARA VEICULO AUTOMOVE,01D1
572007947R,SUPORTE PARA FIXACAO DA RODA RESERVA,01D1
341088903R,COMANDO DE MUDANCA DE MARCHAS,01D1
756500470R,PAINEL DO ASSOALHO TRASEIRO DA CARROCERI,01D1
410110092R,PINCA DO FREIO DE VEICULO AUTOMOVEL,01D1
8200737135,BRACO DA SUSPENSAO DE VEICULO AUTOMOVEL,01D1
8200543309,COLETOR DE ESCAPE, CONFECCIONADO EM MATE,01D1
625117910R,TRAVESSA DIANTEIRA DA CARROCERIA DE VEIC,01D1
823310036R,JUNTA DE BORRACHA VULCANIZADA NÃO ENDURE,01D1
8200241904,COBERTURA DA CAIXA DE RODAS PARA CARROCA,01D1
7703179006,CLIP PLASTICO MULTIFUNCIONAL,01D1
6001550460,ESTRUTURA EM METAL DO ASSENTO DE VEICULO,01D1
7700410279,FRISO DE PORTA DE PLASTICO, PARA CARROCE,01D1
8200678121,GUARNICAO DE BORRACHA VULCANIZADA,01D1
868841699R,CINTO DE SEGURANCA PARA USO EM VEICULO,01D1
8200701114,GANCHO DE SEGURANCA DE METAL COMUM PARA,01D1
341080314R,MANOPLA DA ALAVANCA DE CONTROLE DA CAIXA,01D1
432067161R,TRAVESSA DE MONTAGEM DO CUBO DA RODA E S,01D1
8201341907,TUBULACAO SISTEMA ALIMENTACAO COMBUSTIV,01D1
8200051244,BOMBA DE COMBUSTIVEL DE MOTOR DE IGNICAO,01D1
7750301254,TRAVESSA PARA CARROCARIA DE VEICULO AUTO,01D1
767G79703R,ELEMENTO DE LIGACAO DA PASSAGEM DE RODA,01D1
8200861553,PARAFUSO NAO PERFURANTE ROSCADO DE ACO L,01D1B
8200403043,TUBO DE BORRACHA VULCANIZADA NAO ENDUR,01D10
122011KA0A,VIRABREQUIM FORJADO,01D16
807214105R,MECANISMO DE ACIONAMENTO DO VIDRO,01D2
807211471R,LEVANTA VIDRO ELETRICO PARA CARROCERIA D,01D2
237140901R,SUPORTE EM METAL COMUM DE FIXACAO DO MOD,01D2
990451470R,ETIQUETA AUTOADESIVA DE PLASTICO DA CAR,01D2
7701478497,BIELA PARA MOTOR DE IGNICAO POR CENTELHA,01D2
884000892R,ENCOSTO DE CABECA DE ASSENTO DO BANCO DE,01D2
8200673232,BOMBA DE COMANDO DA EMBREAGEM HIDRAULICA,01D2
648601231R,BANDEJA METALICA DE SUPORTE DA BATERIA N,01D2
802170003R,QUADRO PORTA,01D2
7711732207,CARPETE DO ASSOALHO EM PLASTICO   PVC D,01D2
751113140R,TRAVESSA DE FECHAMENTO DA CARROCARIA DE,01D2
828318453R,VEDACAO DE BORRACHA VULCANIZADA NAO ENDU,01D2
8660007079,MOTRIO ADITIVO,01D2
8201739946,TAPETE DE CARPETE PARA CARROCERIA,01D2
8200068384,TELA PASSAGEM DE ROD,01D2
8201043605,PORTA INJETOR COM DIAMETRO < 20MM MOTOR,01D2
8200603858,MECANISMO DE ELEVACAO DO VIDRO ELETRICO,01D2
DF3542RP,PROTETOR DE CARTER SANDERO,01D2
804303543R,LIMITADOR DE ABERTURA DA PORTA,01D2
7701477325,BICO INJETOR DE COMBUSTIVEL COM DIAMET,01D2
8200638670,SOMBREIRA PARA CARROCARIA,01D2
8200125386,TUBO DE BORRACHA VULCANIZADA NAO ENDUREC,01D2
8200751534,FILTRO DE ENTRADA DE AR PARA MOTOR,01D2
7711732225,TAPETE EM BORRACHA VULCANIZADA NAO ENDUR,01D2
823300033R,JUNTA EM BORRACHA VULCANIZADA NÃO ENDURE,01D2
751114632R,LONGARIA DIANTEIRA ESQ H5H,01D2
284B17791R,MODULO DE CONTROLE ELETRONICO AUTOMATICO,01D2
ACR18,FILTRO DE OLEO,01D3
7711732224,TAPETE EM BORRACHA VULCANIZADA NAO ENDUR,01D3
8201562892,TAPETE EM BORRACHA VULCANIZADA NAO ENDUR,01D3
7701477856,BIELA P/ MOTOR IGNICAO CENTELHA D4 TURBO,01D3
7702270911,TAPETE EM BORRACHA VULCANIZADA NÃO ENDUR,01D3
7700842859,LIMITADOR DE ABERTURA DA PORTA DE VEICUL,01D3
8200856291,MACANETA DE PLASTICO PARA PORTA  DE VEIC,01D3
8200737134,BRACO DA SUSPENSAO DE VEICULO AUTOMOVEL,01D3
123033598R,POLIA DO EIXO DO VIRABREQUIM, APLICADA N,01D3
638132812R,638139404R ACABAMENTO PASSAGEM DE RODA,01D3
963019147R,ESPELHO RETROVISOR PARA USO EM VEICULO A,01D3
8200780968,FILTRO,01D3
8200785081,SUPORTE PLASTICO PARA FIXACAO DO FAROL D,01D3
440601186R,JOGO DE PASTILHAS DO FREIO,01D3
440604591R,PASTILHA DE FREIO DE VEICULO AUTOMOVEL,01D3
963741413R,COBERTURA DE PLASTICO, DO TIPO COQUILHA,01D3
8200849928,SUPORTE DO PARA CHOQUE DE VEICULO AUTOMO,01D3
550206521R,MOLA DE ACO HELICOIDAL CILINDRICA DE USO,01D3
7711427724,LUVA TRANSVERSAL DE USO EM VEICULO,01D3
687607366R,GRADE DE SAIDA DE AR,01D3
825700005R,BATENTE SIMPLES FABRICADO EM AÇO, COM AC,01D3
288105839R,LIMP PÁRABRISA S/BRAÇO E PALHETA,01D3
8200083217,MOLDURA PLÁSTICA DE ACABAMENTO DO PARAC,01D3
8200699690,PROTETOR DA CAIXA DE RODAS,01D3
8200849927,SUPORTE DO PARACHOQUE PARA CARROCERIA DE,01D3
6001550515,TAMPAO OBTURADOR DE BORRACHA,01D3A
767493625R,PROTETOR DA CAIXA DE RODA,01D4
873613958R,ESPUMA DO ENCOSTO DO BANCO,01D4
873110940R,ESPUMA DO ENCOSTO DO BANCO DIANTEIRO,01D4
555013187R,BRACO DA SUSPENSAO DE VEICULO AUTOMOVEL,01D4
484008128R,VOLANTE DA DIRECAO SEM MODULO AIR BAG PA,01D4
306104007R,CILINDRO DE ACIONAMENTO HIDRAULICO DA EM,01D4
823307583R,GUIA EM PLASTICO DA JANELA DA PORTA PARA,01D4
873118471R,ESPUMA DO ASSENTO DO BANCO,01D4
873610725R,ESPUMA DO ASSENTO DE VEICULO AUTOMOVEL,01D4
110621KT0A,JUNTA DE ACO DA BOMBA DE AGUA DE USO MOT,01D4
7701692463,PARACHOQUE TRASEIRO DE VEICULO AUTOMOVEL,01D4
8201387319,ADESIVO PLASTICO AUTOCOLANTE, DECORATIVO,01D4
738207468R,BARRA (RACK) DO TETO, LADO DIREITO, CONF,01D4
8200864996,PROTETOR DA CAIXA DE RODAS PARA CARROCAR,01D4
8200220440,VEDAÇÃO BORRACHA PÁRABRISA AUTO,01D4
261A33583R,ACABAMENTO DO FAROL DE NEBLINA DO PARAC,01D4
8200025862,FILTRO DE OLEO PARA MOTOR VEICULO AUTOMO,01D4
8200326719,ROLAMENTO DE ROLETES CONICOS, EM ACO,,01D5
682600047R,DIFUSOR DE AR DO PAINEL DE INSTRUMENTOS,01D5
788553827R,GRADE DE ENTRADA DE AR,01D5
768619714R,GUARNICAO BORRACHA ALVEOLAR VEIC,01D5
668630027R,GRADE DE SAIDA DE AR DA CARROCARIA DE VE,01D5
764136645R,ELEMENTO DE FECHAMENTO DA CARROCERIA DE,01D5
8200189443,FILTRO DE ENTRADA DE AR PARA M,01D5
7700108084,COIFA DE BORRACHA VULCANIZADA NAO ENDURE,01D5
8200250913,ARRUELA DE PRESSAO EM ACO UTILIZADO NA M,01D5
253C78846R,SUPORTE PLASTICO, POLIPROPILENO, DO SENS,01D5A
7703041030,PORCA PLASTICA PARA USO EM VEICULO,01D6
8200597523,LIMITADOR EM METAL DA PORTA PARA CARRO,01D6
7703002904,PARAFUSO,01D6A
8200855936,TUBODECOMBUSTIVELDEVEICULOAUTOMOVEL,01D6A
7701469501,BUCHA DE BORRACHA COM ABRACADEIRA DE ACO,01D7
130856739R,GUIA DA CORRENTE DE DISTRIBUICAO DA LINH,01D7
805031478R,FECHADURA DA PORTA,01D7
738214104R,BARRA DO TETO SOLAR PARA CARROCERIA,01D8
8200197453,TIRANTE DE FIXACAO DO BERCO DO MOTOR PAR,01D9
651002244R,CAPOT AV ASS,01EX
651005752R,CAPO PARA CARROCARIA DE VEICULO,01EX
848109774R,ACABAMENTO DA TAMPA DO PORTA MALAS PARA,01E1
313971XF0C,JUNTA DA BANDEJA DE OLEO DE VEICULO AUTO,01E1
123031777R,POULIEAMORTISSEURVIBRATIONTORSION,01E1
123033245R,POLIA,01E1
8200425097,GARFO DA CAIXA DE MARCHAS,01E1
544013831R,BERCO DE FIXACAO DO MOTOR DE VEICULO AUT,01E1
876705586R,CAPA DE ASSENTO DE VEICULO AUTOMOVEL,01E1
8200568712,INJECAO ELETRONICA (CORPO DE BORBOLETA),01E1
7700303119,MOLDURA DE BORRACHA VULCANIZADA NAO ENDU,01E1
7702266464,TRANSELF TYPE B 80W90,01E1
112101351R,TAMPAO DE FILTRACAO DA VIBRACAO DO MOTOR,01E1
194811,EVOL.FULLTECH,01E1
215A78699R,SUPORTE DA GUIA DE AR PARA CARROCARIA DE,01E1
7711734371,PASTA PARA NOTEBOOK 38X28,01E1
764614325R,ELEMENTO DE FECHAMENTO DA CARROCARIA DE,01E1
7700847054,TUBO DE BORRACHA VULCANIZADA NAO ENDUREC,01E1
460118760R,CILINDRO HIDRAULICO MASTER DO SISTEMA DE,01E1
8201691185,MANOPLA DE REGULAGEM DO ASSENTO,01E10
121006904R,BIELLE ASS,01E13
924003567R,MANGUEIRA DE BORRACHA VULCANIZADA NÃO EN,01E14
491101666R,BOMBA ROTATIVA DE PALHETAS COM VAZAO MAX,01E2
8660089614R,MOTRIO MOTRIX PERFORMA 5W30 C4,01E2
219315,EVOL. 900 SXR 5W30 24B1L ELF BR,01E2
805038648R,MECANISMO DA FECHADURA DE METAL COMUM DA,01E2
963743190R,COBERTURA PLASTICA, DA PARTE TRASEIRA DO,01E2
7702266423,TRANSELF TRJ 75W80,01E2
824766422R,CENTRALIZADOR DE METAL COMUM DA PORTA LA,01E2
255403601R,CONTROLADOR PROGRAMAVEL COM TENSAO DE 12,01E2
38331CA060,COBERTURA DE ACOPLAMENTO DA TRANSMISSAO,01E2
410602192R,PASTILHA DE FREIO DIANTEIRO PARA VEICUL,01E2
7703074316,OBTURATEUR 6,2X12,2,01E2
8201373014,APARELHO DE SINALIZACAO ACUSTICA, SENSOR,01E2
8200765579,ENGRENAGEM CX MARCHAS P/VEÍC,01E2
908725986R,FECHAMENTO DA TAMPA DO PORTA MALAS PARA,01E2
8200766682,MOLDURA EM PLASTICO PA6GF30, PARA ACABA,01E2A
8201052009,ESCOTPLÃ#STTAMPCOMANDISTP/VEÃ#C,01E2A
874515088R,RECLINADOR PARA BANCOS AUTOMOTIVOS,01E3
243800010R,CAIXA DE CONEXAO ELETRICA DOS FUSIVEIS P,01E3
8200105894,LIMITADOR,01E3
7700352126,EMBLEMAPLASTICOCARROCERIAP/VEIC,01E3
479006552R,GERADOR DE SINAL (SENSOR DE VELOCIDADE),,01E3
990473021R,ETIQUETA AUTOADESIVA DE PLASTICO DA CAR,01E3
8200794713,SOLEIRA DA CARROCARIA DE VEICULO,01E3
8200120090,ENGRENAGEM DA CAIXA DE MARCHAS DE VEIC,01E3
122155540R,BRONZE DO VIRABREQUIM DO MOTOR PARA VEIC,01E3
479007637R,SENSORES INDUTIVOS DE MOVIMENTO CONTENDO,01E3
7703074501,PLUG PLASTICO DO PAINEL DE VEICULO AUTOM,01E3B
668300019R,JUNTA DE BORRACHA VULCANIZADA NAO ENDURE,01E4
760129283R,TRAVESSA PARA CARROCERIA DE VEICULO AUTO,01E4
462108892R,TUBULACAO COM FORMATO PROPRIO PARA O SIS,01E4
7701049881,RAMPADISTRIBUICAOCOMBUST.MOTORCENTEL,01E4
8200447266,FECHADURA ELETRICA DO PORTA MALAS,01E4
8200571105,BATENTE DE ACO PARA VEICULO AUTOMOVEL,01E4
7700757688,RONDELLE PROTECTION,01E4
240369060R,FIACAO ELETRICA  DO TIPO CHICOTE ELETRIC,01E4
8200246091,RESERVATORIO COM BOMBA DO LIMPADOR DO PA,01E4
7700107433,SENSOR DE OXIGENIO (SONDA LAMBDA) PARA V,01E4
3801815000,TUBULAÇÃO RÍGIDA DO FREIO ABS,01E4
271206395R,MODULO ELETRONICO DE CONTROLE DO AQUECIM,01E4
130015605R,ARVORE DE CAMES PARA COMANDO DE VALVULAS,01E4
7701048962,ANEL DE VEDACAO DE BORRACHA VULCANIZADA,01E4B
8200252431,SUPORTEDAPORTA,01E4B
876184360R,TRILHO DE FIXACAO PARA BANCO,01E5
7711732233,EVOLUTION RNTECH 10W40,01E5
674106286R,TRAVESSA PARA CARROCARIA DE VEICULO AUTO,01E5
7701049890,JUNTA DE BORRACHA VULCANIZADA NAO ENDURE,01E5
8200715957,PLACA DE FIXACAO SUPERIOR DO PAINEL LATE,01E5B
7700352488,MACANETA DE PLASTICO DE VEICULO AUTOMOVE,01E6
497303723R,SUPORTE DE METAL COMUM PARA FIXACAO DA T,01E6
668635996R,GRADE DE ENTRADA DE AR DO CAPO PARA CARR,01E6
668624406R,GRADE DE ENTRADA DE AR DO CAPO PARA CARR,01E6
687601726R,GRADE DE VENTILACAO DO PAINEL DASH PARA,01E6
8200588425,TUBULACAO DO SISTEMA,01E6A
7702270969,SAIA PARA CARROCARIA,01E7
7703079463,GRAMPO SUPORTE,01E7
223658143R,SENSOR PARA MEDICAO DE TEMPERATURA (TERM,01E7A
764130590R,ESTRUTURA DA SOLEIRA PARA CARROCARIA DE,01E8
762141105R,REFORCO DA LONGARINA DO TETO PARA CARROC,01E9
8200413951,ENGRENAGEM TIPO PINHAO DA BOMBA DE AGUA,01F06
164467918R,TUBO PLASTICO NÃO REFORCADO COM OUTRAS M,01F1
8200059097,FORQUILHA DA CAIXA DE MARCHAS,01F1
8200699883,SUPORTE PLASTICO DO PARACHOQUE DE VEICUL,01F1
963663165R,ESPELHO RETROVISOR EXTERNO,01F1
205403312R,PROTETOR TERMICO SILENCIADOR,01F1
7702295873,FIACAO ELETRICA PARA VEICULO AUTOMOVEL (,01F1
8201685483,KIT DO CILINDRO MESTRE (BOMBA) DO FREIO,01F1
7701071147,PARAFUSO NAO PERFURANTE ROSCADO DE ACO L,01F1
328008021R,TRILHO DA CAIXA DE MARCHAS DE VEICULO AU,01F1
8200621232,ECRAN THERMIQUE TRAVERSE TRAIN ARRIERE,01F10
8200030794,MANIVELA DE PLASTICO DO REGULADOR DA JAN,01F2
479103706R,15NSOR DE VELOCIDADE RODA DIANT,01F2
8200801803,PINO DE ACO LIGA ROSCADO,01F2
465312148R,COIFFE PEDALE FRE,01F2
7711732730,CAMISETA VINTAGE LEGENDARY MOTOR MAS,01F2
8200371661,ELEMENTO FILTRANTE FILTRO ENTRADA DE AR,01F2
140409673R,COLETOR DE ADMISSAO PARA MOTOR DE IGNICA,01F2
6001547890,SUPORTE DA CARROCARIA PARA FIXACAO DO EI,01F2
7701207397,COIFA DE BORRACHA VULCANIZADA NAO ENDURE,01F2
410151326R,SUPORTE DO FREIO DE VEICULO AUTOMOVEL,01F2
809602454R,MOLDURA DO INTERRUPTOR ELETRICO DE COMAN,01F2
8200855938,TUBODECOMBUSTIVELDEVEICULOAUTOMOVEL,01F2B
8201183788,BOMBROTPALHETAVAZÃOMÁX8,6L/MIN,01F3
656241HA0A,CLIPE EM PLASTICO DE FIXACAO DOS CABOS E,01F3
440608565R,SAPATA DO FREIO DE VEICULO AUTOMOVEL,01F3
656202655R,CABOCOMANDODAABERTURADOCAPO,01F3
7701054685,ESTRUTURA DO ESPELHO RETROVISOR DA PORTA,01F3
152089F60A,FILTRO DE OLEO LUBRIFICANTE PARA MOTOR,01F3
990C36395R,ETIQUETA PLASTICA AUTOADESIVA,01F3A
7701477522,POLIA REGULADORA DE TENSAO DE VEICULO AU,01F4
985103923R,MODULO DE CONTROLE ELETRONICO DO AIR BAG,01F4
7703079459,CLIP PLASTICO MULTIFUNCIONAL PARA USO EM,01F4
904746142R,GUIA DE FIXACAO DA PORTA TRASEIRA DE VEI,01F4
286200851R,POMPE L/PBR B/P B,01F4
7700107555,TUCHODEVÃ#LVULA,01F4
908928973R,EMBLEMA PLASTICO DA CARROCARIA DE VEICUL,01F5
995456012R,CHAVE DE RODA MANUAL COM ABERTURA FIXA D,01F5
13270EN200,JUNTA DE BORRACHA,01F5
1254115910,JUNTA DE BORRACHA VULCANIZADA NAO ENDURE,01F5
8200254186,CHAVE DE DESATIVACAO DO AIRBAG DO PASSAG,01F5
822837467R,ACABAMENTO PLASTICO DA COLUNA DA PORTA P,01F5A
8201722075,JUNTA DE BORRACHA PARA BOMBA DE AGUA,01F5A
990445163R,FRISO DECORATIVO, DO TIPO AUTOADESIVO E,01F6
275105737R,UNIDADE DE CONTROLE DE ARCONDICIONADO S,01F6
135208446R,SUPORTE DE VEDACAO DO MOTOR DE IGNICAO P,01F6
7700739943,EIXO EM ACO DO PINHAO DO DIFERENCIAL DE,01F6
7703077476,PRESILHAPLÁSTICAFIXAÇÃOP/AUTO,01F6A
8200073109,CAVILHA, NAO ROSCADA, EM ACO, REVENIDA,,01F6B
8200027121,SUPORTE PARA FIXACAO DO RADIADOR DE VEIC,01F7
403007736R,RODA EM LIGA DE ALUMINIO COM 16 POLEGADA,01G01
7711732686,CAMISETA VINTAGE OLD LOGO STYLE MAS,01G1
8200713678,TUBO PLASTICO RIGIDO DA BOMBA DE AGUA DE,01G1
654000016R,DOBRADICA DE METAL COMUM DO CAPO PARA VE,01G1
7701477098,POLIA DE VEICULO AUTOMOVEL,01G1
214766565R,DEFLETOR AR RADIADOR AUTOMÓVEL,01G1
7701207244,CINZEIRO PARA CARROCARIA DE VEICULO AUTO,01G1
926009541R,COMPRESSOR DO AR CONDICIONADO COM CAPA,01G1
6001547051,TUBO DE BORRACHA VULCANIZADA NÃO ENDUREC,01G1
8200261761,TUBULAÇÃO DO SISTEMA DE ALIMENTAÇÃO DE C,01G1
8200113817,BATENTE DE BORRACHA VULCANIZADA NAO EN,01G1
825709702R,PINO DO TRINCO DA PORTA,01G1
265554657R,APARELHO ELETRICO (CAIXAS DE LUZES COMBI,01G1
8200661155,LIMITADOR TIPO TRAVA DA PORTA PARA CARRO,01G1
806079208R,MOLDURA DE PLASTICO DA MACANETA,01G1
8200212519,ANNEAU ARRET,01G1A
543A06915R,CONJUNTO BATENTE AMORTECEDOR SUSPENSAO,01G2
8200784444,FRISO CROMADO RADIADOR,01G2
600380003R,FERRAMENTA MANUAL PARA FIXACAO E OU EXTR,01G2
430433418R,PONTA DO EIXO DA RODA DE VEICULO AUTOMOV,01G2
6001549730,CHAVE DE RODA MANUAL COM ABERTURA FIXA,01G2
6001550057,MECANISMO LIMPADOR DO PARABRISA DE VEICU,01G2
130856510R,CALCO DA CORREIA DE TRANSMISSAO DE VEICU,01G2
8200831080,MOLDURA DE BORRACHA DA PORTA DA CARROCER,01G2
802261788R,QUADRO DA PORTA PARA CARROCARIA DE VEICU,01G2
7700315139,APARELHO DE SINALIZAÇÃO ACÚSTI,01G2
175215697R,GALERIA DE COMBUSTIVEL PARA MOTOR DE IGN,01G2
988304337R,SENSOR DE COLISAO PARA APLICACAO EM SIST,01G2
906113632R,PUXADOR INTERNO, DE PLÁSTICO, PARA PORTA,01G2
7701071477,JUNTA DE VEDACAO EM ACO  DE USO MULTIFUN,01G2B
7701474493,TERMINAL DA DIRECAO PARA VEICULO AUTOMOV,01G2B
172022442R,BOMBA DE COMBUSTIVEL PARA MOTOR A GASOLI,01G3
165878839R,CONECTOR DE PLASTICO DO DUTO DO FILTRO D,01G3
120103254R,PISTAO PARA MOTOR DE IGNICAO POR CENTELH,01G3
7703017110,PARAFUSO DE ACO LIGA, TEMPERADO E REVENI,01G3
7701472120,RÓTULA AXIAL DIREÇÃO P/ VEÍC AUTO,01G3
8200974730,POLIA REGULADORA DE TENSAO,01G3
8200175538,APARELHO ELETRICO (LUZ INDICADORA DE MAN,01G3
7703046143,PORCA,01G3A
8200337666,RELÉ 12V, 70A, 40 GRAMAS,01G3A
7705030390,CONEXAO PLASTICA DO TIPO Y PARA TUBOS DE,01G3A
210105296R,BOMBA DE LIQUIDO DE ARREFECIMENTO,01G4
828204735R,FRISO PLASTICO DA PORTA PARA CARROCERIA,01G4
255501220R,INTERRUPTOR ELETRICO PARA TENSAO IGUAL A,01G4
237109970R,MODULO DE CONTROLE ELETRONICO AUTOMATICO,01G4
8200205564,SUPORTE DE METAL DE FIXACAO DO MOTOR NA,01G4
8200715433,DOBRADICA DE METAL COMUM DO PORTA MALAS,01G4
430422862R,TAMBOR DE FREIO DE VEICULO AUTOMOVEL,01G4
8200882221,CAPA PLASTICA DO SENSOR ABS DE VEICULO A,01G4
912956112R,MOT CC P/SIST ABER TET SOLAR P/VEIC,01G4
255674917R,ALAVANCA ACIONAMENTO LIMPADOR PARABRISAS,01G4
8200683158,TUBO DE COMBUSTÍVEL S2F,01G4
7701471854,COBERTURA RETROVISOR P/ AUTO,01G4
410017106R,ESTRIBO DO FREIO PARA VEICULO AUTOMOVEL,01G4
7703083471,ABRACADEIRA FABRICADA EM ACO CK75 (C: 0,01G4A
7703179035,CLIPE EM PLASTICO PA66, FIXACAO ELEMENTO,01G4B
264300007R,CONSOLE TETO DIANTEIRO,01G5
806067794R,SUPORTE DA MACANETA DA PORTA,01G5
8200151046,BATENTE DE METAL COMUM PARA PORTA DE VEI,01G5A
487036194R,PARAFUSO EM ACO BAIXO CARBONO, SEM TRATA,01G5B
7703074610,OBTURATEUR 20X50,01G6
7703034268,PORCA DE ACO LIGA TEMPERADO, REVENIDO,01G6
7701475315,PUXADOR EM PLASTICO DA PORTA DE VEICULO,01G6
904675708R,CONTRA BATENTE EM BORRACHA VULCANIZADA N,01G6A
849347208R,CLIP DE FIXAÇÃO DO TAMPAO DO PORTA MALAS,01G6A
7701692583,FRISOLATERALDACARROCERIAPA,01G7
8200095965,MACANETA DE PLASTICO PARA PORTA  DE VEIC,01G7
252800001R,INTERRUPTOR ELETRICO PARA TENSAO IGUAL A,01G7
8200597653,TAMPA DO PARACHOQUE DO GANCHO DE REBOQU,01G7A
878162978R,FECHO METAL E PLASTICO CINTO SEGURANCA,01G8
7700691527,HASTE LIMITADORA DA TAMPA DO PORTALUVAS,01H04
7702295398,LIMITADOR DE ABERTURA DA TAMPA DO PORTA,01H04
120104832R,KIT DE PISTÃO COM ANEL E PINO,01H1
8200027779,FECHADURA DE ACO DE VEICULO AUTOMOVEL,01H1
491328861R,POLIADABOMBADADIRECAOHIDRAULICA,01H1
8200282199,JUNTA DE BORRACHA VULCANIZADA NAO ENDU,01H1
8200117491,GUARNICAO DE BORRACHA ALVEOLAR DA TAMPA,01H1
7700872240,PISTAO DA EMBREAGEM DE VEICULO AUTOMOVEL,01H1
170425109R,BOMBA DE COMBUSTIVEL PARA MOTOR DE IGNIC,01H1
768190129R,FRISO DE PLASTICO,01H1
170427120R,BOMBA DE COMBUSTIVEL PARA MOTOR,01H1
113605003R,COXIM ANTIVIBRACAO E DE FIXAC,01H1
7700655281,SUPORTE EM METAL COMUM DE FIXACAO, DO VI,01H1A
7700424341,SUPORTE DE FIXACAO DE BORRACHA VULCANIZA,01H2
7701064228,ALAVANCA DE INTERRUPTORES ELETRICOS PARA,01H2
886207324R,COBERTURA DE ACABAMENTO DO ENCOSTO DO AS,01H2
130245669R,POLIA TENSIONADORA DO VIRABREQUIM DE VEI,01H3
7701471580,ANEL SINCRONIZADOR DA CAIXA DE MARCHAS D,01H3
430432163R,TAMBOR DE FREIO DE VEICULO AUTOMOVEL,01H3
7707602066,PARAFUSO NAO PERFURANTE ROSCADO,01H3
8200164825,MACANETA PLASTICA EXTERNA DA PORTA LATER,01H3
8200107370,MACANETA DE PLASTICO PARA PORTA  DE VEIC,01H3
990457201R,ETIQUETA  AUTOADESIVA EM POLI(CLORETO DE,01H3
8200091632,CABO DE LIBERACAO DA TRAVA DO CAPO PARA,01H3
7700422220,EMBLEMA PLASTICO DA CARROCARIA DE VEICUL,01H3A
8200201750,LIGACAO DA HASTE DA CAIXA DE MARCHAS,01H4
7701053057,INTERRUPTOR ELETRICO PARA TENSAO DE 12V,01H4
8200553118,PARAFUSO ROSCADO DE ACO LIGA, TEMPERADO,,01H4
7701468573,COIFA DE BORRACHA VULCANIZADA NAO ENDURE,01H4
8200000509,ESPELHO RETROVISOR PARA VEICULO AUTOMOVE,01H4
223233304R,CONEXAO 3 VIAS DE ALUMINIO PARA TUBOS,01H4A
510G48437R,BUCHA DE ACO DE USO MULTIFUNCIONAL EM VE,01H4A
8200943288,MODULO DE CONTROLE ELETRONICO DO HABITAC,01H5
990449401R,ETIQUETA  AUTOADESIVA EM POLI(CLORETO DE,01H6
8200043625,TUBO DO SISTEMA DE ABSORCAO DE VAPOR DE,01H6
259260363R,APARELHO ELETRICO DE SINALIZACAO ACUSTIC,01H7
8200060917,FECHADURA ELETRICA DO PORTA MALAS DE VE,01H7
7701049484,ANEL DE VEDACAO DE BORRACHA VULCANIZADA,01H7
8200956617,MANUAL DE PROPRIETÁRIO 2007-2010,01I04
620782837R,MOLDURA DE ACABAMENTO DO PARACHOQUE DE V,01I1
8200744264,JUNTA DE VEDACAO DE BORRACHA,01I1
908417943R,OBTURADOR EM BORRACHA VULCANIZADA NÃO EN,01I1
924107546R,TUBO DE BORRACHA VULCANIZADA NAO ENDUREC,01I1
255404709R,CONTROLADOR PROGRAMAVEL COM TENSAO DE 12,01I1
806060527R,MACANETA DE PLASTICO DA PORTA DE VEICULO,01I1
808333086R,MOLDURA DE BORRACHA PARA VEDAÇAO DA PORT,01I1
326005387R,CUBO DE SINCRONISMO DA CAIXA DE MARCHAS,01I1
479104225R,SENSORES INDUTIVOS DE MOVIMENTO EQUIPADO,01I1
8200875573,MAÇANETA PLÁSTICA DA PORTA DE VEÍCULO AU,01I1A
240704067R,FIACAO ELETRICA  DO TIPO CHICOTE ELETRIC,01I2
440605713R,PASTILHA DE FREIO DE VEICULO AUTOMOVEL,01I2
8200831316,MOLDURA DE BORRACHA DA PORTA DA CARROCER,01I2
7701062386,ANEL DE BORRACHA VULCANIZADA NAO ENDUREC,01I2
240800255R,FIACAO ELETRICA (CHICOTE ELETRICO) PARA,01I2
822839376R,ACABAMENTO PLASTICO AUTOADESIVO DA COLU,01I2
112380004R,BIELA,01I3
8200068691,EMBLEMA DE PLASTICO PARA VEICULO AUTOMOV,01I3
7700310536,BATENTE DE ACO DA PORTA DE VEICULO AUTOM,01I3
543258776R,ROTULA DA SUSPENSAO DE VEICULO AUTOMOVEL,01I3
555227507R,BATENTE DO AMORTECEDOR DA SUSPENSAO DE V,01I4
392410919R,COIFA DE BORRACHA VULCANIZADA NAO ENDURE,01I4
7701471591,CHAVE DE IGNICAO COM DEMAIS FECHADURAS,01I4
8201708662,CONTATOR MULTIFUNCAO DO COMANDO DE VEL,01I4
969246189R,KIT DE MANUAIS MASTER 2018-2019,01I4
809617858R,MOLDURA PARA ACOPLAMENTO DOS COMANDOS DO,01I4
206950526R,VEDACAO ROLAMENTO CJTO EXAUSTAO,01I4A
215868545R,BUCHAPLASTICA,01I5
8200687861,PORCA DE ACO,01I5
242597187R,JOGO DE FIOS ELETRICOS (CHICOTE ELETRICO,01I6
748162679R,TAMPA PLASTICA DO ASSOALHO,01I6
7703062072,ARRUELA DE COBRE DE VEDACAO DE OLEO DO,01I6B
7700352455,MACANETA DE PLASTICO DA PORTA DE VEICULO,01I7
240182917R,FIACAO ELETRICA  DO TIPO CHICOTE ELETRIC,01J06
237964892R,VALVULA PROPORCIONAL DE GERENCIAMENTO DE,01J1
364007808R,CABO DO FREIO DE ESTACIONAMENTO DE VEICU,01J1
896077673R,PROTECAO ANTIRUIDO PARA USO EM VEICULO,01J1
8200731160,TUBULACAO DO SISTEMA DE ALIMENTACAO DE C,01J1
326103478R,ANEL DA CAIXA DE MARCHAS DE VEICULO AUTO,01J2
322759060R,ROLAMENTO DE ESFERAS DE CARGA RADIAL, FA,01J2
620251659R,FECHAMENTO PÁRACHOQUE DIANT P/ AUTO,01J2
7750301855,PAINEL PARA CARROCARIA DE VEICULO AUTOMO,01J2
8201566968,CINTO DE SEGURANCA PARA VEICULO AUTOMOVE,01J3
150A03157R,KIT DA CORRENTE DE CONDUCAO DA BOMBA DE,01J3
622235405R,SUPORTE EM PLASTICO DE FIXACAO DO PARACH,01J3
8200024453,BUCHA DE BORRACHA E METAL PARA MOLA DA S,01J3
572210001R,TRAVA SUPORTE DA RODA RESERVA PARA CARRO,01J3
7701070218,PARAFUSO EM ACO LIGA TRATAMENTO TERMICO,01J3A
7711733666,CHICOTE ELÉTRICO FAROL (CMA),01J4
8200598963,CORREIADENTADA5PK1755P/AUTO,01J4
223243708R,OBTURADOR PLASTICO MULTIFUNCIONAL DE USO,01J4
122071383R,BRONZE,01J4
6001549916,CONTROLADOR PROGRAMAVEL COM TENSAO DE 12,01J5
7700283236,CABO ELETRICO, NO FORMATO DE CINTA, MUNI,01J6
802857064R,ETIQUETA AUTO ADESIVA DE POLICLORETO DE,01J6
132853895R,ESPACADOR EM ACO DE MONTAGEM DO MOTOR DE,01J6
7701471366,PARAFUSO NAO PERFURANTE ROSCADO DE ACO L,01J6
8200830192,COURROIESTRIEE,01J7
7701467125,COIFA DE BORRACHA VULCANIZADA NAO ENDURE,01J7
479007700R,GERADOR DE SINAL (SENSOR DE VELOCIDADE),01J8
924108463R,MANGUEIRA DE BORRACHA VULCANIZADA NAO EN,01L2
739400994R,ALCA DE PLASTICO DO TETO PARA USO EM VEI,01SL
739408782R,ALCA DE PLASTICO DO TETO PARA USO EM VEI,01SL
6001546750,TRAVESSA DIANTEIRA DA CARROCARIA DE VEIC,011
7700435006,TAPETE DE CARPETE DO PORTAMALAS DE VEIC,011
803129691R,VIDRO MOVEL DA PORTA DIANT,011
803002254R,VIDRO DA PORTA LATERAL DIANT COM MOLDURA,011
164464750R,TUBO PLASTICO ABSORVEDOR DE VAPOR DE COM,011
833404426R,VIDRO FIXO PAINEL LAT DIANT L3,011
849023117R,CARPETE DO PORTA MALAS DA CARROCARIA DE,011
620228122R,PARACHOQUE DIANTEIRO PARA VEICULO AUTOMO,011
809011152R,PAINEL DE REVESTIMENTO INTERNO DA PORTA,011
762319962R,PAINEL INTERNO DA COLUNA PARA CARROCARIA,011
794640388R,TAMPAO DO PORTAMALAS DA CARROCARIA DE V,011
768302008R,VITRE FIXE PORTE AV D,011
960304415R,AEROFOLIO PARA CARROCARIA DE VEICULO AUT,011
739396787R,ACABAMENTO DO TETO PARA CARROCARIA DE VE,011
620107455V,PARACHOQUE DE VEICULO AUTOMOVEL,011
833406677R,VIDRO TEMPEADO DE SEGURANCA DE USO EM VE,011
963019265R,ESPELHO RETROVISOR PARA VEICULO AUTOMOVE,02A01
850223126R,PARACHOQUE DE VEICULO AUTOMOVEL,02A01
620360309R,PARACHOQUE DIANTEIRO,02A01
963021356R,ESPELHO RETROVISOR PARA USO EM VEICULO A,02A03
963021584R,PECA NAO CADA,02A05
850423694R,SUPORTE DO PARACHOQUE,02A07
749400978R,ISOLADOR ANTI RUIDO DO ASSOALHO PARA CAR,02A1
903135774R,VITRE PORTE COFFRE G,02A1
111116139R,CARTER DE OLEO PARA MOTOR DE IGNICAO POR,02A1
873708263R,ASSENTO DO BANCO PARA VEICULO AUTOMOVEL,02A1
306205974R,CILINDRO DA EMBREAGEM CONCENTR,02A1
926005548R,COMPRESSOR DO AR CONDICIONADO, UTILIZADO,02A1
7700425842,RADIADOR.VALEO J64 F3R/K4M,02A1
903014077R,VIDRO DE SEGURANCA TEMPERADO DE DIMENSOE,02A1
960162804R,COBERTURA DA PASSAGEM DE RODA DO PARA CH,02A1
265550041R,LUZ TRASEIRA ESQUERDA PORTA MALAS,02A1
8200721889,MAMELONFILTREHU,02A1
930409258R,TAPIS BENNE,02A1
8660089507,FILTRO DE AR MOTRIO,02A1
985254015R,BOLSA INFLAVEL DE SEGURANCA COM SISTEMA,02A1
474011531R,TUBO ASSIST FRENAGEM,02A1
727126130R,VIDRO DE SEGURANCA (PARABRISAS) FORMADO,02A1
484007897R,VOLANTE DE DIRECAO PARA VEICULO AUTOMOVE,02A1
281151919R,AUTORADIO,02A1
281152309R,APARELHO RECEPTOR DE RADIODIFUSAO COMBIN,02A1
791005322R,JUPE AR ASS,02A1
760328102R,PAINEL LATERAL DA PORTA PARA CARROCARIA,02A1
281155495R,AUTORADIO,02A1
281157699R,APARELHO RECEPTOR DE RADIO C/ GPS,02A1
760015732R,TRAVESSA PARA CARROCARIA,02A1
760138761R,PAINEL LATERAL DIANTEIRO DA CARROCERIA D,02A1
8200526426,APARELHO ELETRICO CAIXA DE LUZES COMBINA,02A1
631003395R,PARA LAMA PARA CARROCARIA DE VEICULO AUT,02A1
306206822R,ACIONADOR HIDRAULICO,02A1
809004651R,REVESTIMENTO DO ACABAMENTO DA PORTA DA C,02A1
7751479169,PORTA PARA CARROCARIA DE VEICULO AUTOMOV,02A1
822830970R,ACABAMENTO DA COLUNA DA PORTA PARA CARRO,02A1
7701209380,JOGO PASTILHA FREIO P/ VEIC,02A1
828210159R,FRISO DE PLASTICO,02A1
7701478018,BOMBA DE LIQUIDO DE ARREFECIMENTO,02A1
873700833R,COBERTURA DE ACABAMENTO DO ASSENTO DO AS,02A1
873702777R,CAPA ASSENTO BANCO DIANTEIRO LADO ESQUER,02A1
745147079R,ASSOALHO TRASEIRO DA CARROCARIA DE VEICU,02A1
0160814,FAROL H4 MOLDURA FUME ONIX 2012/ LD,02A2
265558342R,APARELHO SINALIZACAO VISUAL, LUZES FIXAS,02A2
622230753R,SUPORTE PLASTICO PARA FIXACAO DO PARACH,02A2
484724382R,COBERTURA INFERIOR DA COLUNA DE DIRECAO,02A2
484000553R,VOLANTE DA DIRECAO DE VEICULO AUTOMOVEL,02A2
7701044898,TUBO S9W  MASTER,02A2
0160735,FAROL DUPLO CORSA S4300,02A2
7701474704,CARCACA DA EMBREAGEM DE VEICULOS AUTOMOV,02A2
462521815R,TUBO DO FREIO DE VEICULO AUTOMOVEL,02A2
8200582930,CJ BRACO DO LIMPADOR DE PARABRISA,02A2
8200504265,TAMPA DE DE COBERTURA DAS POLIAS,02A2
8200731132,TUBO DE RETORNO DE COMBUSTIVEL DE VEICUL,02A2
8200206623,MOLDURA DO PAINEL DO CAPO PARA CARROCARI,02A2
963749835R,COBERTURA PLASTICA DO ESPELHO RETROVISOR,02A2
265506903R,APARELHO ELETRICO (CAIXA DE LUZES COMBIN,02A2
237102472R,MODULO DE CONTROLE ELETRONICO DE INJECAO,02A2
495586936R,DUTO DE AR DO SISTEMA DA DIRECAO DE VEIC,02A2
261A38947R,MOLDURA DE ACABAMENTO DO FAROL DE NEBLIN,02A2
265100848R,APARELHO ELETRICO LUZ DE PLACA,02A2
631002194R,AILE AV D CATAPHORESE ASS,02A2
117507271R,POLIA REGULADORA DE TENSAO PARA USO EM V,02A2
850448507R,SUPORTE DO PARA CHOQUE DE VEICULO AUTOMO,02A2
260106344R,CAIXA LUZ COMB, CONJ FAROL E SETA P/VEÍC,02A2
8200739701,RAMPA DE ALIMENTACAO DO BICO INJETOR DE,02A2
237104495R,MODULO DE CONTROLE ELETRONICO DA INJECAO,02A2
774203358R,PAINEL LATERAL PARA CARROCARIA DE VEICUL,02A2
271202380R,MODULO DE CONTROLE DO AQUECIMENTO ADICIO,02A2
873702742R,COBERTURA DE ACABAMENTO DO ASSENTO DE VE,02A2S
0160661,FAROL H4 CELTA 2006/, PRISMA 2006/ LE,02A3
8200641468,POLIA DE ROLAMENTO REGULADORA DE TENSA,02A3
755567388R,PLAQUETTE D,02A3
7711732198,CAIXA MULTIBOX PARA VEICULO AUTOMOVEL,02A3
682707901R,MOLDURA PARA CARROCERIA DE VEICULO AUTOM,02A3
508430001R,PROTETOR PLASTICO LATERAL DA CARROCERIA,02A3
210102773R,BOMBA PARA LIQUIDO DE ARREFECIMENTO PROP,02A3
144405476R,DUTO DE SAIDA DE AR DE VEICULO AUTOMOVEL,02A3
809006864R,PAINEL DE REVESTIMENTO INTERNO DA PORTA,02A3
7702295224,CONJUNTO COIFA DE PLASTICO ACOMPANHADA D,02A3
868855287R,CINTO DE SEGURANCA DIANTEIRO PARA VEICUL,02A3
7711732640,MODULO ELETRONICO PARA AUXILIO ESTACIONA,02A3
7702233691,PARACHOQUE PARA VEICULO AUTOMOVEL,02A3
685000614R,PORTA OBJETO PARA CARROCARIA DE VEICULO,02A3
474016217R,TUBULACAO DO SERVOFREIO DE VEICULO,02A4
808210166R,FRISO DE PLASTICO DE VEICULO AUTOMOVEL,02A4
0160752,F. DUPLO H7/H1 GOL NF MY 2008 C/ MOL(200622),02A4
265901529R,APARELHO ELETRICO DE SINALIZACAO VISUAL,02A4
410159956R,CALIPER DO FREIO DE VEICULO AUTOMOVEL,02A4
963743387R,COBERTURA DE PLASTICO, DO TIPO COQUILHA,02A4
484006218R,VOLANTE DA DIRECAO SEM MODULO AIR BAG PA,02A4
403007268R,RODA EM LIGA DE ALUMINIO, PARA VEIC AUTO,02A4
175068733R,TUBULACAO EM PLASTICO POLIAMIDA, COM 2,5,02A4
6001552204,VALVULA DE ESCAPE PARA MOTOR DE PISTAO D,02A4
265552698R,LANTERNA TRASEIRA DE VEICULO AUTOMOVEL,02A4
8200700557,FRISO DA TAMPA DO PORTAMALAS, DE PLASTI,02A4
8200740835,ACABAMENTO PLASTICO DA SOLEIRA DA PORTA,02A4
491105510R,BOMBAHIDRAULICADEDIRECAOASSITIDA,02A4
7700428054,APARELHO ELETRICO (CAIXAS DE LUZES COMBI,02A4
769151201R,COBERTURA DECORATIVA INTERNA DA COLUNA,02A4
803018255R,VIDRO MOVEL DA PORTA DIANT ESQ,02A4
8201740601,PROTECAO FRONTAL PARA CARROCERIA DE,02A4
622A12453R,PROTECAO DO PARACHOQUE DE USO EM VEICULO,02A4
0160737,FAROL H7/H1 COM DEFLETOR DE MALHA GOL GERAÇAO V 20,02A5
7700351245,PESTANA DE BORRACHA VULCANIZADA NAO ENDU,02A5
768603884R,JUNTA DE VEDACAO DE BORRACHA VULCANIZADA,02A5
172022254R,BOMBA DE COMBUSTIVEL PARA MOTOR DE IGNIC,02A5
903004500R,VIDRO TRASEIRO COM AQUECIMENTO,02A5
924803956R,TUBULACAO EM ALUMINIO DO SISTEMA DE AR C,02A6
288000943R,MOTOR DE CORRENTE CONTINUA COM POTENCIA,02A6
217417067R,TUBO DE BORRACHA VULCANIZADA,02A6
651005045R,CAPOT AV CATAPHORESE ASS,02A6
8200315231,FUSIVEL, 40 AMP, PARA TENSAO INFERIOR A,02A6
7700351242,GUARNICAO DE BORRACHA VULCANIZADA NAO EN,02A6
175061594R,TUBO DE COMBUSTIVEL,02A7
760335928R,PAINEL PARA CARROCARIA DE VEICULO AUTOMO,02A7
823306495R,VEDACAO EM PLASTICO  TPE (ELASTÔMERO TER,02A7
873700370R,REVESTIMENTO TEXTIL DO ASSENTO,02A7
7751475533,PAINEL LATERAL PARA CARROCERIA DE VEICUL,02B02
8200385828,EIXOEPINHÃODEMARCHARÓ,02B04
7701470944,FECHADURA DE METAL COMUM DA PORTA COM CH,02B04
172020853R,RESERVATORIO DE COMBUSTIVEL (TANQUE), AC,02B06
8200581598,TUBULACAO DE ABSORCAO DO VAPOR DE COMBUS,02B1
6001550660,CONDENSADOR DO AR CONDICIONADO DE VEICUL,02B1
822722838R,PESTANA DE BORRACHA VULCANIZADA NAO ENDU,02B1
562101820R,AMORTECEDOR DO SISTEMA DE  SUSPENSAO,02B1
679000408R,ABSORVEDOR ANTIRUIDO DO PAINEL DE INSTRU,02B1
821009100R,PORTA DIANTEIRA DIREITA,02B1
8200139172,LINHA PARA ALIMENTAÃ#Ã#O DE COMBUSTÃ#,02B1
901009978R,TAMPA DO PORTA MALA PARA CARROCERIA,02B1
8200487939,TAMPA DE METAL DO MOTOR DE IGNICAO POR C,02B1
6001550405,ENCOSTO DO ASSENTO DE VEICULO AUTOMOVEL,02B1
144960015R,TROCADOR DE CALOR TUBULAR METALICO, DO F,02B1
7751718632,GUARDABARRO,02B1
821006193R,PORTA PARA CARROCARIA DE VEICULO,02B1
8200153668,MACANETA DE PLASTICO DA PORTA DE VEICULO,02B1
8200186294,GERADOR DE SINAIS, SENSOR DE VELOCIDADE,02B1
762470084R,RENFORT PIED AV G ASS,02B1
562100788R,AMORTECEDOR DO SISTEMA DE  SUSPENSAO DE,02B1
620848797R,MOLDURA PARA ACABAMENTO DO FAROL DE NEBL,02B1
8200753750,PESTANA EXTERNA DE BORRACHA VULCANIZADA,02B1
231009350R,ALTERNADOR DE VEICULO AUTOMOVEL,02B1
924805511R,TUBULACAO DO SISTEMA DE AR CONDICIONADO,02B1
828397504R,GUARNICAO DA PORTA FORMADA POR PERFIL DE,02B1
7701693576,BOMBADEOLEOK4,02B1
8200455424,CAIXA DE CONEXAO ELETRICA DOS FUSIVEIS E,02B1
623824142R,GRADE FRONTAL DA CARROCERIA DE VEICULO,02B1
7700315153,BOMBA DE COMBUSTIVEL PARA MOTOR DE IGNIC,02B1
808300017R,JUNTA DE BORRACHA VULCANIZADA NAO ENDU,02B1
764126798R,SAIA PARA CARROCARIA,02B1
8200531546,SUPORTE P/CHOQUE T/D SANDERO,02B1
745145485R,ASSOALHO TRASEIRO DA CARROCERIA,02B1
748581914R,ISOLADOR ANTI RUIDO DO TUNEL EM BORRACHA,02B1
990446494R,FRISO DECORATIVO, DO TIPO AUTOADESIVO E,02B1
822821572R,ADESIVO PLASTICO PLANO PARA ACABAMENTO D,02B1
8200460515,COBERTURA INTERNA DA CAIXA DE RODAS PARA,02B1
901008199R,TAMPA DO PORTA MALAS PARA CARROCARIA,02B1
901017167R,PORTA PARA VEICULO AUTOMOVEL,02B1
7701477638,FRISO PLASTICO DA PORTA PARA CARROCERIA,02B1
901003612R,PORTA,02B1
8200000449,SUPORTE EM METAL COMUM DE MONTAGEM DO RE,02B1A
964016477R,PARA SOL DA CARROCARIA,02B10
8200183179,TAMPA DIANTEIRA DO MOTOR, CONFECCIONADA,02B10
8200158150,DEFLETOR DE AR DO RADIADOR PARA CARROCAR,02B2
681042788R,MOLDURA FACADE CENTRAL,02B2
265120001R,LAMINA DA PLACA, EM PLASTICO DA CARROCER,02B2
641967424R,REFORCO DA COLUNA DA CARROCARIA DE VEICU,02B2
6001550825,ESTRUTURA SUPERIOR DA CARROCERIA,02B2
7701210150,TROCALOR DE CALOR METALICO DE VEICULO AU,02B2
825135117R,HASTE DE ACO, PARA ACIONAMENTO DO MECANI,02B2
828351924R,JUNTA DE BORRACHA VULCANIZADA NAO ENDURE,02B2
149127710R,TUBULACAO COM TAMANHO E FORMATO PROPRIO,02B2
465406466R,PEDAL ACION EMBREAGEM P/VEÃ#C,02B2
768609229R,GAXETA DE BORRACHA VULCANIZADA NAO ENDUR,02B2
908520001R,FRISO DE PLASTICO,02B2
921003293R,CONDENSADOR DO AR CONDICIONADO PARA VEIC,02B2
172027732R,RESERVATORIO DE COMBUSTIVEL PARA VEICULO,02B2
745149765R,ASSOALHO DA CARROCARIA DE VEICULO AUTOMO,02B2
391015531R,SEMI EIXO DA TRANSMISSAO DE VEICULO AUTO,02B2
7700410277,FRISO DE PLASTICO PARA CARROCARIA DE VEI,02B2
873209889R,COBERTURA DO ASSENTO DO BANCO,02B2
8200841920,COBERTURA EM POLIPROPILENO DO ECU DO MOT,02B2
223203415R,TUBO DE VAPOR DE COMBUSTIVEL DE VEICULO,02B2B
402062650R,DISCO DE FREIO DE VEICULOS AUTOMOVEIS DE,02B3
809015295R,PAINEL DE REVESTIMENTO DA PORTA PARA CAR,02B3
768570130R,FRISO DE PLASTICO,02B3
873359623R,ESTRUTURA DE MOLAS COM PLASTICO INJETADO,02B3
272108177R,ELETROVENTILADOR COM MOTOR PARA USO EM V,02B3
7701065913,APARELHO ELETRICO (FAROL) DE ILUMINACAO,02B3
360163519R,COIFA DO FREIO DE ESTACIONAMENTO DE USO,02B3
248106886R,COMBINACAO DE MEDIDORES, DO TIPO VELOCIM,02B3
7700433146,REFORCO SUSTENT L65,02B3
826704065R,PAINEL DE CONTROLE,02B3
8201297860,CJ BOIA/BOMBA COMBUST MEGANE 1.6 16V,02B3
8201371162,PARACHOQUE DIANTEIRO CLIO II,02B3
172021574R,MODULO DA BOMBA DE MOTOR DE VEICULO AUTO,02B3
8200531536,SUPORTE EM PLASTICO DE FIXACAO DO PARACH,02B3
7701054058,APARELHO ELETRICO (FAROL) DE ILUMINACAO,02B3
805030020R,FECHADURA ELETRICA DA PORTA DE VEÍCULO,02B3
7700428059,COBERTURA PLASTICA DA LAMPADA PARA VEICU,02B3
7700410608,ELEMENTO DE LIGACAO DA CARROCARIA DE VEI,02B3
906009376R,FECHADURA DO PORTAMALAS DE VEICULO AUTO,02B3A
873708213R,COBERTURA DE ACABAMENTO DO ASSENTO,02B4
265508750R,APARELHO ELETRICO DE SINALIZACAO VISUAL,02B4
432002358R,CUBO DO TAMBOR DO FREIO DE VEICULO AUTOM,02B4
682001173R,PAINEL DE INSTRUMENTOS PARA CARROCARIA D,02B4
6001550396,COBERTURA PLASTICA DE ACABAMENTO DA MANO,02B4
7703602321,PARAFUSO FLANGEADO, EM ACO LIGA, TEMPERA,02B4
768F30004R,FRISO DE PLASTICO,02B4
8200115543,CONDENSADOR DO AR CONDICIONADO PARA VEIC,02B4
8200653837,COBERTURA DO PORTA MALAS PARA CARROCARIA,02B4
794205555R,TAMPAO DO PORTAMALAS DA CARROCARIA DE VE,02B4
7751691053,PARALAMA PARA CARROCARIA DE VEICULO AUTO,02B4
7700718856,COIFA DE BORRACHA VULCANIZADA NAO ENDURE,02B4
540103868R,MOLA DE ACO HELICOIDAL,02B4
764134836R,SAIA PARA CARROCARIA DE VEICULO AUTOMOVE,02B4
552402008R,LIMITADOR IMPACTO SUSPENSAO,02B4
808200149R,FRISO DE PLASTICO DE VEICULO AUTOMOVEL,02B4
363155749R,CONSOLE DO FREIO DE ESTACIONAMENTO PARA,02B4
122077135R,BRONZE DO VIRABREQUIM DO MOTOR COM DIAME,02B4
823316117R,GUIA DE BORRACHA DA LATERAL DO VIDRO DA,02B4
8201505587,SEMI EIXO DE TRANSMISSAO PARA VEICULO AU,02B4
296889389R,JUNTA EM ACO DE CARREGAMENTO DA BATERIA,02B4
7701470880,BOMBA D ÁGUA PARA ARREFECIMENTO DE MOTO,02B4
284B18927R,MODULO ELETRONICO DE CONTROLE DO HABITAC,02B4
0160985,FAROL H4 ONIX/PRISMA LT 2017/2019 LE MASC.NEGRA/MO,02B5
8200171478,APARELHO ELETRICO (CAIXAS DE LUZES COMBI,02B5
7703102071,PARAFUSO NAO PERFURANTE,02B5
7703602322,PARAFUSO NAO PERFURANTE ROSCADO,02B5
901019143R,ELEMENTO DE FECHAMENTO DA TAMPA DO PORTA,02B5
768524716R,ETIQUETA AUTOADESIVA DE POLIPROPILENO,02B5
8200036411,COBERTURA DA FECHADURA DE VEICULO AUTOMO,02B5A
8200410297,JUNTA METALOPLÁSTICA DA CAIXA DE MA,02B6
135003188R,TAMPA DE VEDACAO DO CARTER,02B6
6001551889,TAMPAO PLASTICO PARA O PAINEL DA PORTA D,02B6
479104822R,SENSOR (GERADOR DE SINAIS) PARA FREIO AB,02B6
546139852R,BUCHA EM BORRACHA VULCANIZADA NÃO ENDURE,02B6
7701475899,CONJUNTO DE JUNTAS PARA VEDACAO DO MOT,02B6
7700834882,MANGUEIRA DE BORRACHA REFORCADA COM MATE,02B6
122231625R,BRONZE DO VIRABREQUIM DO MOTOR COM DIAME,02B6B
511656035R,TAMPA DO ANEL DE REBOQUE DO PARACHOQUE,02B7
802930383R,COBERTURA INTERNO DO ESPELHO RETROVISOR,02B7
990444747R,BANDE DECORATIVE PORTE AV D,02B7
240140346R,FIACAO ELETRICA (CHICOTE ELETRICO) PARA,02B8
7711733176,PORTA COPOS PARA CARROCERIA DE VEICULO A,02B8
8200083231,SEMIEIXO DE TRANSMI,02B9
903723483R,ETIQUETA AUTO ADESIVA DE POLICLORETO,02C01
767482986R,PROTETOR DA CAIXA DE RODA PARA CARROCARI,02C01
215030342R,TUBO DO RADIADOR,02C02
850459031R,SUPORTE DO PARA CHOQUE DE VEICULO AUTOMO,02C05
654002635R,DOBRADICA DE METAL COMUM DO CAPO PARA VE,02C06
392415890R,ROLAMENTO DE ESFERAS ACOMPANHADO DE ABRA,02C07
7751477915,PORTA TRASEIRA PARA VEICULO AUTOMOVEL,02C1
8200564283,TUBULACAO EM BORRACHA COM FORMATO PROPRI,02C1
7701048092,KIT DE FIXACAO DA FERRAMENTAS DE USO NA,02C1
121112361R,BRONZINA DA BIELA SUPERIOR,02C1
322016693R,EIXO PRINCIPAL DA CAIXA DE DIRECAO,02C1
848107638R,FECHAMENTO TRASEIRO P/ AUTOMÓVEL,02C1
121114874R,BRONZINA PARA BIELA PARA MOTOR,02C1
482039555R,JOGO DA COIFA DA DIRECAO DE VEICULO AUTO,02C1
237311KT0A,SENSOR ELETRONICO DE EMISSAO D,02C1
0160736,FAROL DUPLO CORSA S4300 MY08 C/REG M(200622),02C1
7700865345,PARAFUSO NAO PERFURANTE ROSCADO DE ACO L,02C1
8200505297,TUBO DO SIST DE ABSORCAO DE VAPOR DE COM,02C1
8200142684,APARELHO ELETRICO (CAIXAS DE LUZES COMBI,02C1
252900266R,INTERRUPTOR ELETRICO COM TENSAO DE 12 V,02C1
8200168239,INTERRUPTOR ELETRICO PARA TENSAO DE 12V,02C1
801864732R,FRISO PLASTICO DA PORTA PARA CARROCERIA,02C1
208090628R,PLACA  TERMICA DE PROTECAO DO ASSOALHO D,02C1
8200797164,BOMBA DE VACUO PARA VEICULO AUTOMOVEL,02C1
8200176036,SUPORTE DE FIXAÇÃO DO PÁRACHOQUE D,02C1
7700872079,TAMPA DA CAIXA DE SAIDA DE AGUA DO MOTOR,02C1
403003392R,RODA DE LIGA DE ALUMINIO PARA VEICULO AU,02C1
403004019R,RODA DE ACO PARA VEICULO AUTOMOVEL,02C1
7703102068,PARAFUSO NAO PERFURANTE ROSCADO DE ACO,02C1
7703002591,PARAFUSO NAO PERFURANTE ROSCADO DE ACO L,02C1
747619268R,PROTETOR TERMICO DO RESERVATORIO DE COMB,02C1
217415590R,MANGUEIRA DE BORRACHA,02C1
769150311R,REVESTIMENTO INTERNO DA COLUNA DA CARROC,02C1
8200299358,ANEL TRAVA,02C1
296886838R,SUPORTE EM ALUMINIO DA BATERIA DE VEICUL,02C1
7700433130,PROTETOR PLASTICO DA CAIXA DE RODAS DE V,02C1
391009320R,SEMI EIXO DE TRANSMISSAO PARA VEICULO AU,02C1
264300010R,CONSOLE ILUMINACAO,02C1
7700421671,ACIONADOR MANUAL PARA AJUSTE DO FAROL,02C1A
924004178R,TUBO DE BORRACHA SEM ACESSORIOS,02C10
215015469R,TUBO DE BORRACHA VULCANIZADA NAO ENDUREC,02C11
850450016R,SUPORTE PLASTICO DO PARACHOQUE DE VEICUL,02C2
747615020R,ISOLADOR DO TANQUE DE COMBUSTIVEL DE VEI,02C2
121100415R,BRONZINA DA BIELA SUPERIOR,02C2
638415353R,PROTETOR PLASTICO DA CAIXA DE RODAS DA C,02C2
121106141R,BRONZE DO VIRABREQUIM DO MOTOR COM DIAME,02C2
403000409R,RODA COM DIAMETRO DE 16 POLEGADAS DE VEI,02C2
13020CK80A,ARVORE DE CAMES PARA COMANDO DE VALVULAS,02C2
6001551473,SUPORTE LATERAL DA TRAVESSA DIANTEIRA PA,02C2
8200247043,CABO DO FREIO DE ESTACIONAMENTO,02C2
668620027R,GRADE DE SAIDA DE AR DA CARROCERIA DE VE,02C2
403005362R,RODA EM FERRO PARA VEICULO AUTOMOVEL,02C2
769238888R,GUARNICAO DE BORRACHA VULCANIZADA NAO,02C2
7701057555,VENTILADOR PARA SISTEMA DE CLIMATIZACAO,02C2
7700430825,SUPORTE FIXACAO MOTOR P/ VEICULO,02C2
8201030260,SEMI EIXO DE TRANSMISSAO SEM DIFERENCIAL,02C2
7701207254,MECANISMO DE ACIONAMENTO DO VIDRO ELETRI,02C2
8200153071,DOBRADICA DE METAL COMUM DO CAPO PARA,02C2
762148619R,SUPORTE DA VEDACAO DA PORTA,02C2
8200619927,POLIA  DO VIRABREQUIM DE VEICULO AUTOMOV,02C2
555115788R,EIXO NAO MOTOR DE VEICULO AUTOMOVEL,02C2
752108967R,TRAVESSA PARA CARROCARIA DE VEICULO AUTO,02C2
767493829R,PROTETOR DA CAIXA DE RODAS DE VEICULO,02C2
8200146043,SUPORTE PLASTICO DO PARACHOQUE PARA CARR,02C2
768615166R,JUNTA DE VEDACAO EM BORRACHA VULCANIZADA,02C2
8200214213,DEFLETOR DE AR DA GRADE DE VENTILACAO DE,02C3
7701695350,SUPORTE PLASTICO DO PARACHOQUE,02C3
555110100R,EIXO NAO MOTOR DE VEICULO AUTOMOVEL,02C3
281157341R,APARELHO RECEPTOR DE RADIO COM TELA TOU,02C3
8200816695,DEPURADOR POR CONVERSÃO CATALÍTICA,02C3
7703075213,TAMPAO EM ACO ESTAMPADO PARA MOTOR DE VE,02C3
546148891R,COLAR DE ACO DA BARRA ANTIROLT DE FRONT,02C3
7703075306,TAMPAO EM ACO ESTAMPADO PARA MOTOR DE VE,02C3
768607119R,JUNTA DUPLA EM BORRACHA VULCANIZADA NAO,02C3
280218984R,APARELHO RECEPTOR DE RADIODIFUSAO,02C3
402064549R,DISQUE FREIN AV,02C3
6001547139,ABRACADEIRA BARRA ESTABILIZADORA,02C3
7701474725,ANEL DE SEGMENTO PARA MOTOR DE IGNICAO,02C3
7711733751,MULTIMIDIA 8' + CÂMERA,02C3
132016529R,VALVULA DE ADMISSAO PARA MOTOR DE PISTAO,02C3
401613416R,PIVO DO BRACO DA SUSPENSAO DE VEICULO,02C3
738874240R,TRAVESSA  DO TETO PARA CARROCARIA DE VEI,02C3
281150132R,AUTORADIO,02C3
8200763640,TAMP PLÁST FECH CARROC VEÍC AUTO,02C3
112310414R,TAMPA SUPERIOR DA CORREIA DO MOTOR,02C3
681048555R,ACABAMENTO DO PAINEL DE INSTRUMENTOS DA,02C3
748928081R,TAMPA DE BORRACHA DO MEDIDOR DE COMBUSTI,02C3
ACR FALANTE,"AF QU AD 5"" 160W",02C3
341040289R,UNIDADE DE CONTROLE DE MARCHAS DE VEICUL,02C3
8200208420,PROTETOR DO CARTER DE OLEO DO MOTOR DE V,02C3
8200235412,CABO DE LIBERACAO DA TRAVA DO CAPO PARA,02C3
8200927690,INTERRUPTOR ELETRICO,02C3
768603060R,JUNTA DE VEDACAO EM BORRACHA VULCANIZADA,02C3
873702882R,COBERTURA REVESTIMENTO ASSENTO DO BANCO,02C3
8200467967,MECANISMO DE ABERTURA E FECHAMENTO DE VI,02C3
7701209260,COIFA DE BORRACHA VULCANIZADA NAO ENDURE,02C3
8200690878,MOLDURA DE BORRACHA DA LATERAL DO VIDRO,02C4
7701209072,MOLDURA DE ACABAMENTO DO PARACHOQUES DE,02C4
7700413607,COBERTURA DA CAIXA DE RELES DE USO EM VE,02C4
844001385R,ARTICULATION PORTE COFFRE,02C4
850926323R,REFORCO DO PARACHOQUE DE VEICULO AUTOMOV,02C4
111107817R,BASE DO BLOCO DO MOTOR DE IGNICAO POR CE,02C4
682528955R,TAMPA PORTA LUVAS,02C4
622562144R,ELEMENTO AERODINAMICO DO PARACHOQUE DE,02C4
873203800R,COBERTURA DE ACABAMENTO DO ASSENTO,02C4
682520971R,TAMPA DO PORTA LUVAS DO PAINEL DE INST,02C4
8200127401,PARACHOQUE DIANTEIRO DE VEICULO AUTOMOVE,02C4
8201042931,DUTO DE SAIDA DE AR DO TROCADOR DE CALOR,02C4
803306401R,GUIA DO VIDRO DA PORTA, EM BORRACHA VULC,02C4
240804648R,FIACAO ELETRICA  MUNIDA DE PEÇA DE CONEX,02C4
8200731857,PRESILHA SUPORTE DO PARASOL, DE PLÁSTIC,02C4A
8200410813,ANEL DE TRAVA (CIRCLIPS) NAO ROSCADO DE,02C4A
364007298R,CABO DO FREIO DE ESTACIONAMENTO DE VEICU,02C5
969357811R,ALAVANCA DE VELOCIDADE,02C5
990459115R,ADESIVO PLASTICO AUTOCOLANTE DECORATIVO,02C5
850907215R,ABSORVEDOR DE IMPACTO DO PARA CHOQUE DE,02C5
990448563R,BANDE DECORATIVE PORTE AV D,02C5
7700410274,FRISO DE PLASTICO PARA CARROCARIA DE VEI,02C5
7702233690,PARACHOQUE PARA VEICULO AUTOMOVEL,02C5
8200196615,ENGRENAGEM PLANETARIA DO DIFERENCIAL DA,02C5
485213172R,PONTEIRA DA CAIXA DE DIRECAO,02C5
6001548978,PESTANA DE BORRACHA VULCANIZADA,02C5
7700840390,TUBO FLEXIVEL DE BORRACHA VULCANIZADA NA,02C5
255500002R,INTERRUPTOR ELETRICO,02C5A
110622559R,GAXETA DE BORRACHA VULCANIZADA NAO ENDUR,02C5B
8200103285,LANTERNA TRASEIRA, CAIXA DE LUZES COMBIN,02C6
8200666287,GUIACOMVARETAINDICADORADO,02C6
7700109905,DUTO DE ENTRADA DE AR DO FILTRO DE AR DE,02C6
7700836723,SUPORTE DE FERRO PARA FIXAÇÃO DO MÓ,02C6
240151411R,JOGO DE FIOS ELETRICOS (CHICOTE ELETRICO,02C6
873704432R,CAPA DO ASSENTO,02C6
289456121R,AGRAFE FIX TUYAU RESERVOIR LAVEVITRE,02C6A
7703002638,PARAFUSO ROSCADO, NAO PERFRANTE EM ACO L,02C6A
307707842R,CABO DA EMBREAGEM DE VEICULO AUTOMOVEL,02C7
392416815R,PROTETOR DA SAPATA DO SEMI EIXO DA TRAN,02C7
307706197R,CABO DE COMANDO DA EMBREAGEM,02C7
8200830182,CORREIA DE TRANSMISSAO DE BORRACHA VUL,02C7
846430001R,INTERRUPTOR ELETRICO DE USO EM VEICULO A,02C7
261522085R,JOGO DE MOLDURA PARA FAROL DE NEBLINA DO,02C7
738828466R,ACABAMENTO DA BARRA DE TETO PARA CARROCA,02C7
908511259R,ACABAMENTO DA PORTA PARA CARROCARIA DE V,02C8
781150402R,CANALETA PARA CARROCERIA DE VEICULO AUTO,02C8
7701694496,PROTETOR DA PORTA TRASEIRA DA CARROCERIA,02C8
656202811R,CABODEABERTURADOCAPODOMOTORDEVEI,02C8
8201050437,GRADE DE ENTRADA DE AR DO PARACHOQUE DE,02C8
8200357281,DUTO DE ESCAPAMENTO, SAIDA DO TURBO COMP,02C9
8200805133,JOGOS DE FIOS (CHICOTE ELETRICOS) PARA U,02C9
8200139173,TUBO DE ALIMENTACAO DE COMBUSTIVEL PARA,02C9
8201728370,PARACHOQUE TRASEIRO DE USO EM VEICULO,02C9
8200026108,TUBO DE AGUA ENTRADA RADIADOR X65 D4D,02C9
281745956R,GRADE DE PROTECAO DO ALTOFALANTE NO TAM,02D03
200106175R,TUBO DE ESCAPAMENTO PARA VEICULO AUTOMOV,02D04
200103531R,ESCAPAMENTO DE USO EM VEICULO AUTOMOVEL,02D04
752D47086R,TRAVEVESSA PARA CARROCERIA DE VEICULO,02D1
769234613R,JUNTA DA PORTA,02D1
7702295927,ESPACADOR DE BORRACHA VULCANIZADA NAO EN,02D1
440016059R,PINÇA DO FREIO DE VEICULO AUTOMOVEL,02D1
210109597R,CONJUNTO DE BOMBA DE OLEO,02D1
7711733219,205/75 R16C 110/108R TL AGILIS R MI,02D1
200102651R,SILENCIOSO DO ESCAPAMENTO,02D1
391002124R,SEMI EIXO DE TRANSMISSAO PARA VEICUL,02D1
302057688R,CONJUNTO DISCO E PLATO DA EMBREAGEM PARA,02D1
806710642R,MAÇANETA PRETA ES,02D1
545017342R,BANDEJA DA SUSPENSAO,02D1
768F20006R,FRISO DE PLASTICO PARA CARROCARIA DE VEI,02D1
8200249085,SOMBREIRA PARA CARROCARIA DO VEICULO AUT,02D1
302054789R,CONJUNTO DISCO E PLATO DA EMBREAGEM PARA,02D1
545013512R,BRACO DA SUSPENSAO DE VEICULO AUTOMOVEL,02D1
8671019575,BOMBA DAGUA,02D1
551107240R,BARRA ESTABILIZADORA DA SUSPENSAO DE VEI,02D1
410600379R,PASTILHA DE FREIO DE VEICULO AUTOMOVEL,02D1
807213342R,MECANISMO DE ELEVACAO DO VIDRO ELETRICO,02D1
768520014R,PROTECAO DA SOLEIRA DA PORTA DA CARROCAR,02D1
788A30003R,FRISO DE PLASTICO DA LATERAL  CARROCERIA,02D1
462107211R,TUBO DE FREIO HIDRAULICO AUTOMOTIVO DE B,02D1
8200009149,TAMPAO DE PLASTICO MULTIUSO PARA VEICULO,02D1
7700351243,JUNTA DE PLASTICO DE USO MULTIFUNCIONAL,02D1
555010611R,EIXO TRASEIRO MONTADO DE VEICULO AUTOMOV,02D1
926000097R,COMPRESSOR DO AR CONDICIONADO COM CAPA,02D1
7701048693,ESTRUTURA DO ASSENTO DE VEICULO AUTOMOVE,02D1
8200080754,CORREDICA DE METAL COMUM DA PORTA CORRED,02D1
200106407R,CONVERSOR CATALITICO DE GASES DE ESCAPE,02D1
410607115R,PLAQUETTE GARNIE FRN AV,02D1
8200897749,PARAFUSO FLANGEADO, EM ACO LIGA, TEMPERA,02D1B
284F15465R,CAMERA PARA AUXILIO EM MANOBRAS,02D1B
7701692576,FRISOPLÁSTICOPARACARROCERIA,02D10
964009219R,SOMBREIRA PARA CARROCARIA DO VEICULO AUT,02D10
873616900R,ESPUMA DO ASSENTO DO BANCO,02D2
769243358R,GUARNICAO DE BORRACHA NÃO ENDURECIDA PAR,02D2
963665235R,ESPELHO RETROVISOR EXTERNO,02D2
484715023R,COBERTURA DA COLUNA DA DIRECAO DE VEICUL,02D2
682600112R,COBERTURA CENTRAL DO PAINEL DE INSTRUMEN,02D2
231002418R,ALTERNADOR PARA VEICULO AUTOMOVEL,02D2
806081044R,VARETA DA ABERTURA DA PORTA PARA CARROCA,02D2
440115485R,PINÇA DO FREIO DE VEICULO AUTOMOVEL,02D2
924000918R,TUBO DE ENTRADA DO RADIADOR,02D2
8200190741,TUBULACAO DO SISTEMA DE AR CONDICIONADO,02D2
809604230R,MACANETA PLASICA INTERNA DA PORTA DE VEI,02D2
8200890823,EIXO DE COMANDO DA CAIXA DE MARCHAS DE V,02D2
164465037R,TUBO DE COMBUSTIVEL DE VEICULO AUTOMOVEL,02D2
8200705044,TUBLACAO DO SISTEMA DE DIRECAO HIDRAULIC,02D2
7711419630,COLA PARA TRAVAR A ROSCA DE PARAFUSO,02D2
462109983RK4,BOBINE DE TUYAU DE FREIN RIGIDE APV,02D2
807211509R,MECANISMO MANUAL PARA ELEVACAO DO VIDRO,02D2
8200763659,CALOTA EM PLASTICO DA RODA PARA VEICULO,02D2
8200768913,FILTRO DE OLEO PARA MOTOR VEICULO AUTOMO,02D2
924902854R,TUBO DO CONDENSADOR DO AR CONDICIONADO D,02D2
7701473495,RETENTOR DE VALVULA DO MOTOR, CONSTITU,02D2
231001017R,ALTERNADOR PARA MOTOR DE COMBUSTAO DE VE,02D2
6001549205,COXIM ELASTICO DE FIXACAO DO MOTOR,02D2
7717001752,PORTA DOCUMENTO INSTITUTO,02D2
281154705R,APARELHO RECEPTOR DE RADIODIFUSAO COMBIN,02D3
7684851S00,PRESILHA PLASTICA MULTIFUNCIONAL DE USO,02D3
7702271628,RODA DE LIGA DE ALUMINIO,02D3
250607026R,MEDIDOR DO NIVEL DE COMBUSTIVEL PARA VEI,02D3
7701068753,LIMPADOR DE PARABRISAS DE VEICULO AUTOMO,02D3
873513479R,ESTRUTURA DE METAL DO ASSENTO DO BANCO,02D3
403000037R,RODA PARA VEICULO AUTOMOVEL,02D3
868853214R,CINTO DE SEGURANCA PARA USO EM VEICULO,02D3
8200720537,MANGA DO EIXO DA DIRECAO DE VEICULO AUTO,02D3
21049ED00B,GAXETA DE BORRACHA VULCANIZADA NAO ENDUR,02D3
284428401R,CAMERA PARA AUXILIO EM MANOBRAS,02D3
8200110075,TRAVA PLASTICA DO CAPO DE VEICULO,02D3
8200275057,JUNTABORRACHAP/VEDAÃ#Ã#OAUTO,02D3
6001549123,TUBO DE BORRACHA ASSOCIADO COM OUTRA MAT,02D3
620726293R,MOLDURA DE ACABAMENTO DO FAROL DE NEBLIN,02D3
743668599R,TIRANTE EM METAL COMUM MULTIFUNCONAL DA,02D3
7711733443,FRISOS PERSONALIZADOS (BEIGE DUNE),02D4
929A22406R,SUPORTE SIMPLES FABRICADO EM ACO, COM AC,02D4
8200106085,CORREIA DE BORRACHA DE TRANSMISSAO SEM F,02D4
285977054R,CHAVE COM APARELHO DE RADIOTELECOMANDO,02D4
8200494284,RAMPA DE ALIMENTACAO DE COMBUSTIVEL PARA,02D4
117205191R,CORREIA DE TRANSMISSAO POLYV PERFIL 6PK,02D4
200102834R,DEPURADOR POR CONVERSAO CATALITICA,02D4
149509035R,CANISTER DE EVAPORACAO DE COMBUSTIVEL,02D4
7701056084,ESPUMA DO ASSENTO DO BANCO,02D4
7701062203,MODULO DE CONEXAO ELETRICA DOS INTERRUPT,02D4
825038462R,FECHADURA ELETRICA PARA ACIONAMENTO DE T,02D4
768F20007R,FRISO DE PLASTICO,02D4
240153190R,FIACAO ELETRICA  DO TIPO CHICOTE ELETRIC,02D4
8200030251,JUNTA DE ACO DO ESCAPAMENTO DE VEICULO,02D4
7700427190,CALOTA PARA RODA DE VEICULO AUTOMOVEL,02D4
828763776R,FRISO PLASTICO DA PORTA PARA CARROCERIA,02D4
8200254199,CALOTA DA RODA DE VEÍCULOS,02D4B
243132428R,ETIQUETA AUTOADESIVA, PLANA, EM PLASTIC,02D5
227908265R,SENSOR DE OXIDO DE NITROGENIO PARA MOTOR,02D5
168038543R,RODA DENTADA DO PINHAO DA BOMBA DE INJEC,02D5
8200212480,GRADE DE VENTILACAO,02D5
7701059143,JOGO DE FIOS ELETRICOS (CHICOTE ELETRICO,02D5
8200143048,MOLDURA DE BORRACHA VULCANIZADA NAO ENDU,02D5
7700115021,PRESILHA DE ACO DE USO MULTIFUNCIONAL EM,02D5
823884189R,JUNTA DE BORRACHA VULCANIZADA NAO ENDURE,02D5
7700847056,TUBO DE BORRACHA VULCANIZADA NAO ENDUREC,02D5
6001547032,COBERTURA DE FECHAMENTO DA COLUNA DIANTE,02D5
768F30006R,FRISO DE PLASTICO,02D5
8201110675,PLACA ANTIEMULSAO DO ÓLEO PARA MOTOR,02D5
180109674R,PEDAL DO ACELERADOR ELETRÔNICO CONSTRUÍD,02D6
180102887R,PEDAL DE METAL E BORRACHA, DO ACELERADOR,02D6
824007904R,DOBRADICA DE METAL COMUM DA PORTA,02D6
8200358147,COXIM DE BORRACHA E ELEMENTOS METALICOS,02D6
7703101446,PARAFUSO NAO PERFURANTE ROSCADO DE ACO L,02D6
8200752810,TAMPA DO  REBOQUE DO PARACHOQUE,02D6
8200617223,JUNTA DE BORRACHA VULCANIZADA NAO ENDURE,02D6
8200895172,GUARNIAO DE BORRACHA DA PORTA,02D6
768560130R,FRISO DE PLASTICO DE VEICULO AUTOMOVEL,02D6
8200895171,JUNTA PORTA TRASEIRA DIREITA E ESQUERDA,02D6
261527580R,JOGO DE MOLDURA PARA FAROL DE NEBLINA DO,02D7
7703085044,RUBAN DE SERRAGE,02D7
8200485129,SOMBREIRA PARA CARROCARIA DO VEICULO AUT,02D7
628958907R,SUPORTEPLÃ#STICOFIXAÃ#Ã#OP/VEÃ#C,02D7
8200531545,SUPORTE DO PARACHOQUE TRASEIRO,02D7
140037159R,COLETOR DE ADMISSAO PARA MOTOR DE IGNICA,02D8
7701205506,ANEL DE PLASTICO PARA TANQUE DE COMBUSTI,02D8
150108069R,BOMBA DE OLEO LUBRIFICANTE DE VEICULO,02E01
8200693464,SUPORTE INFERIOR DA MOLA TRASEIRA DA SUS,02E04
648941811R,BANDEJA DA BATERIA DE VEICULO AUTOMOVEL,02E1
8200908869,INJECAOELETRONICA,CORPODEBORBOLETAS,02E1
110564070R,PARAFUSO ROSCADO DE ACO LIGA,02E1
995019648R,FONCTION LEVAGE,02E1
7703081239,CLIPE EM PLASTICO PE, PARA FIXACAO ELEME,02E1
7701061583,PAINEL ELETRICO DE CONTROLE DO VENTILADO,02E1
8200735315,SENSORES INDUTIVOS DE MOVIMENTO CONTENDO,02E1
7711732293,ORGANIZADOR DE PORTA MALAS,02E1
7703034259,PORCA FLANGEADA M8 EM ACO LIGA, TEMPERA,02E1
8200591681,TUBO DE BORRACHA VULCANIZADA, NAO ENDURE,02E1
118263603R,TUBOVAPOROLEOTAMPACABECOTEREPARTI,02E1
8200182967,CABO DE AÇO DE ACIONAMENTO DA PORTA DE V,02E1
687607209R,DIFUSORES DE AR CENTRAIS OU LATERAIS,02E1
905920002R,FECHO DE METAL COMUM DO PORTAMALAS PARA,02E1
7701474492,TERMINAL DA DIREÇÃO PARA VEICULO AUTOM,02E1A
964013181R,PARASOL PARA CARROCERIA DO VEICULO AUTO,02E2
7701477441,JOGO DE ANEIS DE SEGMENTO PARA MOTOR DE,02E2
8200130838,TAMPA DO CUBO DA RODA DE VEICULO AUTOMOV,02E2
7701205339,CONJUNTO DE LONAS DE FREIO MONTADAS,02E2
995509611R,MACACO HIDRAULICO DE USO EM VEICULO AU,02E2
8201609646,KIT DE BORRACHA VULCANIZADA NAO ENDURECI,02E2
7700842246,MECANISMO DE ABERTURA E FECHAMENTO DE VI,02E2
656030009R,MECANISMO CONSTITUIDO POR ALAVANCA PLAST,02E2
995501626R,MACACO MANUAL PARA VEICULO AUTOMOVEL,02E2
8200927687,PONTA DO EIXO DE VEICULO AUTOMOVEL,02E2
261609550R,APARELHO ELETRICO (LUZ INDICADORA DE MAN,02E2
990457356R,FRISO DECORATIVO, DO TIPO AUTOADESIVO E,02E2
8200138499,CONECTOR ELÉTRICO PARA TERMINAL DA,02E2B
8200187228,SUPORTE DE FIXACAO DA GRADE DO RADIADOR,02E3
806019475R,KIT DA FECHADURA ELETRICA CONTENDO TRANS,02E3
306201586R,ACIONADOR HIDRAULICO SISTEMA EMBREAGEM,02E3
8200520353,JUNTA DE VEDACAO DO ESCAPAMENTO,02E3
253C69535R,SUPORTE PLASTICO DO SENSOR DE ESTACIONAM,02E3
8200442197,ETIQUETA PLASTICA AUTOADESIVA PARA UTIL,02E3
306205482R,DESCRIÇÃO NÃO CADASTRADA,02E3
7711428304,MASTIQUE,02E4
140699648R,PARAFUSO NAO PERFURANTE,02E4
8200182966,CABO DE ACIONAMENTO DAS PORTAS PARA CARR,02E4
288815246R,BRACO DO LIMPADOR DE PARA BRISA DE VEIC,02E4
265600004R,REFLETOR DIREITO,02E4B
265607333R,CATADIOPTRE D,02E4B
282158477R,ANTENA PARA APARELHO RECEPTOR DE RADIO,02E5
687609985R,PAINEL DE INSTRUMENTOS DA CARROCARIA DE,02E5
8200243677,TUBO DE BORRACHA VULCANIZADA NAO ENDUREC,02E5
8200195803,TUBO DE BORRACHA VULCANIZADA NAO ENDUREC,02E5
240700032R,FIACAO ELETRICA (CHICOTE ELETRICO) COM C,02E5
8200191371,JUNTA DE ACO DO ESCAPAMENTO PARA VEICU,02E5
7705010056,ANEL CENTRALIZADOR EM METAL DO MOTOR DE,02E5
349201276R,CONJUNTO DA MANOPLA PARA TRANSMISSAO,02E6
6955151000,COBERTURA EM BORRACHA VULCANIZADA NÃO EN,02E6
8200225294,ACABAMENTO PARA CARROCARIA DE VEICULO AU,02E6
543200001R,BLOCO DO AMORTECEDOR DE VEICULO AUTOMOVE,02E6
8200469132,EMBLEMA PLASTICO DA CARROCARIA DE VEICUL,02E6
8200668704,PARAFUSO NAO PERFURANTE ROSCADO DE ACO L,02E6
990450080R,AUTO ADESIVO PLANO VINIL BRANCO PARA REG,02E6A
687601719R,AERADOR INTERNO DA CARROCARIA DE USO EM,02E6A
7701462824,JOGO MANCAIS SEM ROLAMENTOS BRONZES,02E7
873333610R,SENSOR ELETRONICO DE PRESENCA DO ASSENTO,02E7
984B11949R,MARTELO MANUAL DE SEGURANCA,02E7
344142205R,TRAVA PLASTICA PARA CAIXA DE VELOCIDADES,02E8
990442482R,ETIQUETA  AUTOADESIVA EM POLI(CLORETO DE,02F1
990462078R,ETIQUETA AUTOADESIVA DE POLICLORETO DE,02F1
7711732310R,MOLETOM SPORT MASCULINO M,02F1
8200053795,BATENTE DE BORRACHA,02F1
8200947699,FECHADURA DE METAL COMUM DA PORTA DE V,02F1
788301369R,PORTINHOLA DO TANQUE DE COMBUSTIVEL DA C,02F1
6001546809,FECHADURA COMPLETA COM SWITCH DE IGNICAO,02F1
807210009R,MECANISMO EM METAL COMUM PARA ELEVACAO M,02F1
113325214R,SUPORTE FABRICADO EM ACO GALVANIZADO, PA,02F1
804306458R,FERRAGEM EM METAL COMUM, LIMITADORA DE A,02F1
8200512234,TUBO DE ALIMENTACAO DO MOTOR, EM BORRACH,02F1
364548006R,CABO DO FREIO DE ESTACIONAMENTO DE VEICU,02F1
117503939R,POLIA REGULADORA DE TENSAO PARA USO EM V,02F1
275105808R,PAINEL DE COMANDO DO AR CONDICIONADO, VE,02F1
172374957R,TUBO PLASTICO DO FILTRO DO TANQUE,02F1
8200741658,TUBULACAO DO SISTEMA DE DIRECAO HIDRAULI,02F1
117209294R,CORREIATRANSMESTRIADA5PK1755,02F1
489355142R,PARAFUSO NÃO PERFURANTE ROSCADO DE ACO L,02F2
6001549850,MOLDURA EM ACO DE FECHAMENTO DA CARROCAR,02F2
217410022R,TUBO DE BORRACHA VULCANIZADA NAO ENDUREC,02F2
846406044R,MANOPLA DE ABERTURA DA TAMPA TRASEIRA PA,02F2
474010229R,TUBULACAO DE VACUO MONOCAMADA MEDINDO 6,02F2
261A39347R,MOLDURA DE ACABAMENTO DO FAROL DE NEBLIN,02F2
341408482R,TRAVA DE ENGATE DA MARCHARE,02F2
687609637R,AERADOR,02F2
307704240R,CABO DA EMBREAGEM DE VEICULO AUTOMOVEL,02F2
802412079R,GUIA DO VIDRO DA PORTA PARA CARROCARIA D,02F2
7700314961,CUBO DE RODA TRASEIRA PARA VEICULO AUTOM,02F2
625612414R,SUPORTE FIX FAROL CARROCERIA AUTO,02F2
7700410575,FUSIVEL PARA TENSAO DE 12V DE USO EM VEI,02F2B
175200117R,GALERIA DE ENTRADA DE COMBUSTIVEL EM MOT,02F3
806719486R,CONJUNTO COMANDO ABERTURA INTERNA PORTAS,02F3
120101446R,PISTÃO,02F3
8200247950,FECHO DE METAL COMUM DO CAPO DA DE VEICU,02F3
7700835929,BUCHA DE BORRACHA VULCANIZADA NAO ENDURE,02F3
306200650R,RECEPTOR CONCENTRADOR DA EMBREAGEM HIDRA,02F3
874013660R,INCLINACAO DO BANCO,02F3
117207736R,SORTIDO COMPOSTO POR POLIA REGULADORA DE,02F3
484B92152R,PARAFUSO NAO PERFURANT ROSCADO M8 125 20,02F3
990478986R,ETIQUETA AUTOADESIVA DE POLICLORETO DE,02F3
8660089538,CONJUNTO DE DISCOS DE FREIO,02F3
963748888R,CAPA PLASTICA CROMADA DO RETROVISOR DE U,02F4
7703101447,PARAFUSO FLANGEADO M6 EM ACO LIGA (C: 0,,02F4
8200057918,EMBLEMA PLASTICO DA CARROCARIA DE VEICUL,02F4A
8200698562,FLEXIVEL FREIO DIANTEIRO,02F5
7702295519,DIFUSOR DE AR DO PAINEL DE INSTRUMENTOS,02F5
1210A5RB0A,SET CONNROD ASSY,02F5
7700875596,ANEL EM PLASTICO PARA VEDACAO CAIXA DE C,02F5
8201375535,CENDRIER AV EQUIPE,02F5
8200301131,COBERTURA DE FECHAMENTO DE ORIFICIO DO R,02F6
479005846R,GERADOR DE SINAL (SENSOR DE VELOCIDADE),02F6
255541414R,FITA FLEXÍVEL COM CONECTORES MONTADOS E,02F6
963660166R,ESPELHO RETROVISOR DE VEICULO,02F6
7700422630,Contacteur feux marche ar,02F6A
990424671R,ETIQUETA PLASTICA AUTOADESIVA,02F7
1210A1KA0A,BIELA PARA MOTOR CENTELHA,02F7
1102631X00,JUNTA EM ACO DE DRENAGEM EM VEICULO AUTO,02F7
402149179R,ANEL DE ACO NAO ROSCADO TRASEIRO DE USO,02F7
8200060868,CORPO DE BORBOLETA DA INJECAO PARA MOTOR,02F7
631474111R,SUPORTE DE METAL COMUM DO PARALAMA PARA,02F7
7701059314,JUNTA DE BORRACHA VULCANIZADA NAO ENDURE,02F7
7701052569,MANGUEIRA DE BORRACHA SEM ACESSORIOS,02F7
7711732141,MODULO ELETRONICO PARA ACIONAMENTO DOS V,02G02
561466205R,PORCA FIXA AMORTECEDOR,02G1
7717001751,PORTA CELULAR INSTITUTO,02G1
8200114674,CANTONEIRA DE PLASTICO DE SUSTENTACAO DO,02G1
8200713518,TUBO DE ENTRADA DO RADIADOR,02G1
7700353024,APARELHO ELETRICO (CAIXAS DE LUZES COMBI,02G1
638310003R,PROTETOR DA CAIXA DE RODA PARA CARROCARI,02G1
934A73912R,HASTE DE LIBERAÇÃO DA FECHADURA DA TAMPA,02G1
8200067773,PORCA DE AÇO,02G1
363157867R,COBERTURA DE ACABAMENTO DO CONSOLE PARA,02G1
488102374R,COLUNA DA DIRECAO DE VEICULO AUTOMOVEL,02G1
7701208142,JOGO DE PASTILHAS DO FREIO DE VEICULO AU,02G1
7701209837,ELEMENTO DO FILTRO DE AR,02G1
7701209242,SORTIDO COMPOSTO POR COIFA DE BORRACHA V,02G1
217104354R,TANQUE DE DEGASSAGEM DE VEICULOS AUTOMOV,02G1
256101536R,APARELHO ELETRICO DE SINALIZACAO ACUSTIC,02G1
809616873R,PLACA DO CONTROLE DA PORTA PARA CARROCAR,02G1
8660089544,DISCO DE FREIO DE VEICULO,02G1
7700410280,FRISO DE PLASTICO PARA CARROCARIA DE VEI,02G2
687604310R,DIFUSOR DE AR DO PAINEL DE INSTRUMENTOS,02G2
8200073231,APARELHO ELETRICO (LUZ DO TETO) DE ILUMI,02G2
8200199223,COMANDO LEVANTA VIDRO CONDUTOR,02G2
546180727R,BIELETA DA BARRA ESTABILIZADORA DA SUSPE,02G2
7700274177,FILTRODEÓLEOLUBRIF.P/MOT.AIGNIÇÃO,02G2
7701209196,Coleção Reparos da Pinças Freio Diant,02G2
7700842857,LIMITADOR DE ABERTURA DA PORTA DE VEICUL,02G2
285B66699R,PROTETOR ANTIVIOLACAO,02G2
561452043R,PARAFUSO EM ACO LIGA TRATAMENTO TERMICO,02G2
261A23322R,ACABAMENTO DO FAROL DE NEBLINA DO PARAC,02G3
250608961R,BOIA PARA MEDIDA DO NIVEL DE COMBUSTIVEL,02G3
397411935R,COIFA DE BORRACHA VULCANIZADA NAO ENDU,02G3
8200315033,INTERRUPTOR ELETRICO PARA TENSAO INFERIO,02G3
441006059R,CILINDRO RECEP RODA,02G3A
687519139R,DIFUSOR DE AR DO PAINEL DE INSTRUMENTOS,02G3B
255401642R,CONTROLADOR PROGRAMAVEL COM TENSAO DE 12,02G4
668621368R,GRADE DE ENTRADA DE AR DO CAPO DE VEICUL,02G4
7701471583,CUBO DE SINCRONISMO ACOMPANHADO DE ANEL,02G4
511154282R,SUPORTE DO ANEL DE REBOQUE PARA CARROCAR,02G4
805070001R,HASTE DE FECHAMENTO DA PORTA PARA CARROC,02G5
7703083430,ABRACADEIRA DE ACO PARA USO EM VEICULO A,02G5
217410580R,TUBO DE BORRACHA VULCANIZADA NÃO ENDUREC,02G5
7703043127,PORCA ROSCADA DE ACO LIGA. COM PROCESSO,02G5
7701044902,DUTO CIRCULAÇÃO ÁGUA  L1H1/L2H2 MASTER,02G5
8200577914,MOLDURA LATERAL DO PARACHOQUE DE VEICULO,02G5
261A30026R,ACABAMENTO DO FAROL DE NEBLINA DO PARAC,02G5
8201088741,COBERTURA DO COMPARTIMENTO DO FILTR,02G5
8200413135,HASTE ACIONAMENTO DA FECHADURA DA PORTA,02G5
809546092R,COBERTURA PLASTICA DO PUXADOR DA PORTA D,02G6
8200588424,TUBULACAO DO SISTEMA,02G6
9640469680,RELEDETEMPO(TEMPORIZADOR)DEPREAQUE,02G6A
7703002654,PARAFUSO,02G7
622237490R,GUIA PLASTICO DE FIXACAO DO PARACHOQUE,02G8
7700732903,BUCHA DE PLASTICO DA ALAVANCA DE CAMBIO,02G8
7703087148,JUNTA DE VEDACAO MECANICA,02G8
7750303683,SUPORTE PARA CARROCERIA DE VEICULO AUTOM,02G8
149129385R,TUBULACAO ABSORCAO VAPOR DE COMBUSTIVEL,02H03
7703081054,CLIP DE PLASTICO PARA FIXACAO DO PARACHO,02H1
462102625R,TUBO DE FREIO HIDRAULICO AUTOMOTIVO DE B,02H1
206061694R,SUPORTE FABRICADO EM ACO, PARA FIXACAO D,02H1
130419589R,TAMPA LATERAL DO MOTOR DE VEICULO AUTOMO,02H1
641955230R,ELEMENTO DE LIGACAO LONGARINA TRASEIRA,02H1
990442504R,ETIQUETA AUTOADESIVA DE PLASTICO DA CAR,02H1
164464092R,TUBO PLASTICO ABSORVEDOR DE VAPOR DE COM,02H1
462107874R,TUBO DE BORRACHA VULCANIZADA NAO ENDUREC,02H1
7701470760,ABRACADEIRA DE ACO DE USO MULTIFUNCIONAL,02H2
7703017121,GRAMPO FIXAÇÃO PAINEL DE PORTA,02H2
8200564192,ANEL EM ACO DA CAIXA DE MARCHA DE VEICUL,02H2
7700842386,HASTE DE SUSTENTACAO DO CAPO DA CARROCAR,02H3
7703101554,PARAFUSO DE AÇO,02H3
7703602321K4,PARAFUSO,02H3
410276720R,SUPORTE DO JOGO DE PASTILHA DE FREIO DIA,02H3
8200518233,TUBO DE BORRACHA VULCANIZADA NÃO ENDUREC,02H3
7703002755,PARAFUSO NAO PERFURANTE,02H3
963745668R,COBERTURA DE PLASTICO DO ESPELHO RETROVI,02H3
8200395310,FUSIVEL 500A PARA TENSAO INFERIOR A 1000,02H3A
402227272R,PARAFUSO DE ACO,02H4
7703074604,OBTURADORES FUSIVEIS E TERMO FUSIVEIS, O,02H4
121502463R,BRONZE DO VIRABREQUIM DO MOTOR COM DIAME,02H4
805643131R,CHAVE LIBER TRANPOSDER P/VEÍC,02H4
8200613066,RAMPA DE ALIMENTACAO DO BICO INJETOR DE,02H5
122070208R,BRONZE COM DIAMETRO INTERNO INFERIOR A 2,02H5
8200782671,POLIA DO COMANDO DE VALVULAS PARA MOTOR,02H5
240153463R,JOGO DE FIOS ELETRICOS COM CONECTORES, I,02H5
769842061R,GRAMPO PLASTICO PARA FIXACAO DE USO MULT,02H5A
7700352178,COBERTURA DE PLASTICO DO ESPELHO RETROVI,02H6
990441403R,ETIQUETA PLASTICA AUTOADESIVA DE POLI(C,02H6
8200823807,SUPORTE DO AGREGADO, EM ACO, PARA FIXACA,02H6
8200404460,SENSOR DE VELOCIDADE (GERADOR DE SINAIS),02H6
402222121R,PARAFUSO NAO PERFURANTE ROSCADO DE ACO L,02H6
223650001R,SENSOR DE PRESSAO DE VEICULO AUTOMOVEL,02H6B
8200523539,INTERRUPTOR ELETRICO PARA TENSAO < 1000V,02H7
122159417R,BRONZINA DO MANCAL COM RANHURAS,02H7
122158845R,BRONZE DO VIRABREQUIM DO MOTOR PARA VEIC,02H7
7701044922,PARAFUSO NAO PERFURANTE ROSCADO DE ACO L,02H8
479101624R,GERADOR DE SINAL (SENSOR DE VELOCIDADE),02H8
254219575R,MÓDULO COMPOSTO DE COMBINAÇÃO, EM INVÓLU,02H8
288815910R,BRACO DO LIMPADOR DE PARABRISA,02I1
165556262R,CONDUTORDEARDOSISTEMADEVENTILACAO,02I1
250606822R,BOIA TANQUE COMB CLIO II //2000,02I1
638537420R,PARA LAMA PARA CARROCARIA DE VEICULO AUT,02I1
8200910446,TROCADOR DE CALOR, METALICO, DO SISTEMA,02I1
6001548891,TUBO DE BORRACHA VULCANIZADA NAO ENDUREC,02I1
809602746R,PLACA DE COBERTURA EM PLASTICO PARA PAIN,02I2
8200274800,GERADOR DE SINAL (SENSOR DE VELOCIDADE,02I2
240804425R,CORDAO ELETRICO FLEXIVEL, MUNIDO DE PECA,02I2
7703066430,PRESILHA DE ACO PARA FIXACAO,02I2
164466492R,TUBO DE COMBUSTIVEL,02I2
540106816R,MOLA HELICOIDAL CILINDRICA DA SUSPENSAO,02I2
7700425250,SENSOR DE VELOCIDADE DE VEICULO AUTOMOVE,02I2A
7701474771,JOGO DE ANEIS SINCRONIZADORES DA CAIXA,02I3
802177263R,QUADRO DA PORTA PARA CARROCARIA DE VEICU,02I3
8200334608,GUIA DA VARETA DO MEDIDOR DO NIVEL DE OL,02I3
7700422227,EMBLEMA PLASTICO DA CARROCARIA DE VEICUL,02I3
546137404R,BUCHA DE BORRACHA VULCANIZADA NAO ENDURE,02I3
326193227R,JOGO ANEIS SINCRONISMO CAIXA DE MARCHAS,02I3
7701062288,TUBO DE BORRACHA VULCANIZADA NAO ENDUREC,02I4
8200327182,GUIADAVARETADONIVELDEOLEO,02I4
806068777R,MACANETA DE PLASTICO PARA VEICULO AUTOMO,02I4
622223860R,GUIA PLASTICO DE FIXACAO DO PARACHOQUE,02I4
284B69159R,CAIXA DE DISTRIBUICAO ELETRICA,02I4
401602379R,ROLAMENTO DE ESFERAS DE CARGA RADIAL,02I4
7700438116,CALOTA CENTRAL DE RODA, FABRICADA EM MAT,02I4B
7703002825,PARAFUSO NAO PERFURANTE ROSCADO DE ACO L,02I5
264306877R,APARELHO ELETRICO (LUZ DO TETO) DE ILUMI,02I5
122079148R,BRONZINA VIRABREQUIM,02I5
172284087R,TUBO DE BORRACHA VULCANIZADA,02I5
8200576507,ANEL SINCRONIZADOR DA CAIXA DE MARCHAS,02I5A
7711732732,CAMISETA VINTAGE LEGENDARY MOTOR MAS,02I6
687604898R,AERADOR INTERNO DA CARROCARIA DE USO EM,02I6
7702233692,TAMPA DO ANEL DE REBOQUE DO PÁRACH,02I6
8200035447,COXIM SUPORTE DE FIXACAO DO SILENCIOSO I,02I6
550440043R,EIXO MOTOR DA TRANSMISSAO DE VEIC AUTO,02I6
7700429530,GUARNICAO DE BORRACHA ALVEOLAR PARA VEDA,02I6
7703074616,OBTURADORES FUSIVEIS E TERMO FUSIVEIS, O,02I6
7701210065,COBERTURA DO GANCHO DE REBOQUE DO PARACH,02I6
546141405R,CLIPE EM ACO DE USO NA BARRA ESTABILIZAD,02I6
7703074611,OBTURADORES FUSIVEIS E TERMO FUSIVEIS, O,02I6
7700800426,CAPA DE BORRACHA VULCANIZADA NAO ENDUREC,02I6B
8200699734,ACABAMENTO DA COLUNA DA PORTA PARA CARRO,02I7
7700309989,MECANISMO DE METAL COMUM DE TRAVAMENTO D,02I7
331117564R,JUNTA DE BORRACHA VULCANIZADA NAO ENDURE,02I7
990473872R,ADESIVO PLASTICO AUTOCOLANTE DECORATIVO,02I7
8200310579,CONJUNTO COMANDO ABERTURA INTERNA PORTAS,02I7
7700102090,ROLAMENTO DO EIXO DE MARCHAS DE USO EM V,02I7
172515451R,TAMPA DE PLASTICO DO BOCAL DO TANQUE DE,02I8
990468069R,ADESIVO PLASTICO AUTOCOLANTE, DECORATIVO,02J05
7701476810,ALTERNADOR COM POLIA P/ USO EM VEIC AUTO,02J1
123095499R,PARAFUSO NAO PERFURANTE ROSCADO DE ACO,02J1
7711732311R,MOLETOM SPORT MASCULINO G,02J1
262920539R,LAMPADA HALOGENA DE TUNGSTENIO PARA TENS,02J2
150538676R,GAXETA DE BORRACHA VULCANIZADA NAO ENDUR,02J2
8201001358,DUTO DE SAIDA DE AR DE VEICULO AUTOMOVEL,02J2
201529825R,MOLA HELICOIDAL CILINDRICA, EM ACO INOXI,02J2A
8201070518,JOGOS DE FIOS (CHICOTE ELETRICOS) PARA U,02J3
8200236731,ANEL DE BORRACHA VULCANIZADA NAO ENDUREC,02J3
850A78615R,SUPORTE PLASTICO PARA PARACHOQUE,02J3
7703081056,PRESILHA PLASTICA MULTIFUNCIONAL DE USO,02J3
253C79891R,SUPORTE EM PLASTICO DO SENSOR DE ESTACIO,02J3
254110431R,INTERRUPTORELETRICOPARAUSOEMVEICULO,02J4
7703003008,PARAFUSO NAO PERFURANTE ROSCADO DE ACO,02J4
7703083475,ABRACADEIRA DE ACO,02J4
1253141920,TAMPA PLASTICA DE ENCHIMENTO DE OLEO DO,02J5
7700415991,MOLDURA DO BOTAO DE ABERTURA DO PORTA MA,02J5
7701045856,GRADE DO DIFUSOR DE AR DO PAINEL DE INST,02J5
7703074631,OBTURADORES FUSIVEIS E TERMO FUSIVEIS,02J5
687601364R,DIFUSOR DE AR DO PAINEL DE INSTRUMENTOS,02J5
846434248R,MÓDULO COMPOSTO DE COMBINAÇÃO, EM INVÓLU,02J6
825024608R,FECHADURA ELETRICA DA PORTA DE VEICULO,02J6A
7701474784,ARRUELA DE AÇO DE USO EM VEICULO AUTOM,02J7
622216421R,PRESILHA DE ACO ESTAMPADO,02K4
7700351244,MOLDURA DE BORRACHA VULCANIZADA NAO ENDU,02K6
8200185198,VARETA DE ABERTURA DO CAPO PARA CARROCAR,02L02
7702271062,FIACAO ELETRICA  DO TIPO CHICOTE ELETRIC,02L1
850228579R,PARACHOQUE TRASEIRO PARA VEICULO AUTOMOV,02RTE
272779698RK4,FILTRO POLÉM RENAULT,02001
272779698R,FILTRO DE AR DO HABITACULO DE VEICULO AU,02001
908927814R,EMBLEMA DE PLASTICO,02002
7703179096,CLP PLASTICO MULTIFUNCIONAL PARA USO EM,02003
120336443R,ANEIS DE SEGMENTO PARA MOTOR DE IGNICAO,02004
687606395R,AERATEUR,02005
687600913R,SAIDA DE AR DA CARROCARIA DE VEICULO AUT,02005
883463356R,TRAVA DE ACO DO ENCOSTO DO ASSENTO,02005
8200733847,MACANETA DE PLASTICO PARA VEICULO AUTOMO,02006
7703602210,PARAFUSO FLANGEADO, EM ACO LIGA, TEMPERA,02006
805020766R,SUPORTE FABRICADO EM ACO SK5 (C: 0,86%),02007
8200201381,JOINT BOUCHON REMPLISSAGE HUILE,02008
7703034221,PORCA ROSCADA ACO LIGA M10X125 10 SA1GS,02009
804202083R,DOBRADICA DA PORTA,02010
132315544R,TUCHO HIDRAULICO,02011
6001550574,EMBLEMA PLASTICO DA CARROCARIA DE VEICUL,02011
7701066086,BUJAO DE PLASTICO MULTIFUNCIONAL DE USO,02012
110564954R,PARAFUSO EM ACO LIGA, TEMPERA E REVENIME,02013
7703015207,PARAFUSO FLANGEADO EM ACO LIGA, TRATAMEN,02014
805656557R,APARELHO DE RADIOTELECOMANDO,02015
223657340R,SENSOR ELETRONICO PARA MEDIR PRESSAO,02016
7701050901,BATENTE BORRACHA P/ VEÍC AUTO,02017
7703065311,ANEL RETENTOR DE BORRACHA COM ARMADURA,02018
7700434725,EMBLEMA PLASTICO DA CARROCARIA DE VEICUL,02019
7701474477,EMBLEMA PLASTICO DA CARROCARIA DE VEICUL,02019
8200040484,TAMPÃOAÇOC/REVETPLÁST,02020
8200199604,ARRUELA DE ACO  DE VEICULO AUTOMOVEL,02021
7707074030,OBTURATEUR 20X50,02021
7701407068,ABRACADEIRA EM ACO DE FIXACAO DE USO MUL,02022
401594633R,PORCA ROSCADA HEXAGONAL DE ACO LIGA COM,02023
806078197R,MACANETA EXTERNA UTILIZADA NAS PORTAS,02024
8200150768,BUCHA DE BORRACHA VULCANIZADA NAO ENDU,02025
166002099R,BICO INJETOR DE COMBUSTIVEL PARA MOTOR D,02026
122070041R,BRONZE DO VIRABREQUIM DO MOTOR COM DIAME,02027
250825784R,SENSOR ELETRONICO PARA MEDICAO DE PARAME,02028
7707003013,PARAFUSO ROSCADO DE ACO LIGA, TEMPERADO,,02029
8201746322,TRAVA ANTIFURTO DE METAL COMUM PARA ROD,02030
215532902R,SELO DE PLASTICO VEDACAO DE ESPUMA AUTO,02031
8660089515,FILTRO DE ÓLEO  MOTRIO,02032
165467753R,ELEMENTO FILTRANTE PARA FILTRO DE ENTRAD,02033
165466859R,CARTUCHO DE FILTRO DE AR PARA MOTOR,02034
805652636R,CHAVE COM TRANSPONDER,02035
7703602238,PARAFUSO FLANGEADO, EM ACO LIGA, TEMPERA,02035
326041339R,ANELSINCRONIZADORDACAIXADEMARCHAS,02036
253C76872R,SUPORTE SENDOR DE ESTACIONAMENTO ESQ,02037
8200711554,ARTICULATION AR BRAS TRSV INF AV,02037
904679207R,CONTRA BATENTE DE BORRACHA VULCANIZADA N,02038
110516171R,BUJAO EM PLASTICO DO CIRCUITO DE OLEO,02038
8200147149,FECHADURA DE METAL COMUM DA PORTA DE V,02039
7703002690,PARAFUSO NAO PERFURANTE ROSCADO DE ACO L,02039
322630767R,ROLAMENTO DE ROLETES CILINDRICOS DE CARG,02040
110214061R,CLIPE EM ACO DE VEDACAO DO VIRABREQUIM D,02041
135106492R,GAXETA DE BORRACHA VULCANIZADA NÃO ENDUR,02042
403152085R,CALOTA DA RODA DE VEICULO AUTOMOVEL,02043
120413AC0A,ANEL DE PISTAO DE MOTOR POR IG,02043
852749795R,VEDACAO DE BORRACHA ALVEOLAR P/ AUTO,02044
7703017108,VIS CBLX 4,513F MAT TENDRES SS1ND,02045
8201739927,ARRUELA DE FIXACAO DE REGULEM DOS BANCOS,02045
0854961800,LAMPADA HALOGENA DE TUNGSTENIO,02046
7707602045,PARAFUSO,02047
998109989R,CHAVE COM TRANSPONDER,02048
7703074669,TAMPÃOOBTURADOR,02048
7701071286,JUNTA DE BORRACHA VULCANIZADA NAO ENDURE,02049
804300992R,MECANISMO LIMITADOR DE MOVIMENTO DAS POR,02049
8200727568,GRAMPO MANUTENCAO,02050
122152322R,BRONZINA DO MANCAL SUPERIOR,02051
7703081237,PRESILHADEPLASTICO,02052
147229559R,JUNTA DE METAL DO ESCAPEMENTO DE GAS,02053
7703077268,CLIP PLASTICO PARA ENCAIXE DA VARETA DO,02053
8200836578,BUJAODEACOROSCADO,02054
7703033206,PORCA ROSCADA ACO LIGA M8X125 8 SA1GS,02055
165802799R,SENSOR DE TEMP DE ADM DE AR,02056
328655773R,CONJUNTO DA MANOPLA PARA TRANSMISSAO MAN,02056
8200209496,INTERRUPTOR ELETRICO PARA TENSAO IGUAL,02057
161757436R,GAXETA DE BORRACHA VULCANIZADA NAO ENDUR,02057
322625406R,ANEL DO ROLAMENTO DE USO EM VEICULO AUTO,02057
687619585R,DEFLETOR DE AR PARA CARROCARIA DE VEICUL,02058
322B26812R,PINHAO TERCEIRA MARCHA,02058
805948321R,APARELHO ELETRONICO DE RADIOTELECOMANDO,02058
147222029R,JOINT ECHANGEUR RGE,02059
164467826R,TUBO DE ENTRADA DE COMBUSTIVEL EM VEICUL,02059
403158192R,TAMPA DO CUBO PARA RODA DE ALUMÍNIO DE V,02060
254113909R,INTERRUPTOR ELETRICO DUPLO, PARA TENSAO,02061
135654971R,GAXETA DE BORRACHA VULCANIZADA NÃO ENDUR,02062
7703033163,PORCA ROSCADA DE ACO,02063
403113HN0A,VALVULA CORTE DE AR DE USO EM VEICULO,02063
8200958352,TUBO DE BORRACHA, REFORCADO COM MALHA TE,02064
7703072236,CLIPE FABRICADO EM PLASTICO POLIOXIDO DE,02066
7703033205,PORCA FLANGEADA M6 EM ACO LIGA, TEMPERA,02067
7703102060,PARAFUSODEAÃ#OLIGA,TEMP,GALVANIZADO,02068
7700867612,ENGRENAGEM DA CAIXA DE MARCHAS DE VEICUL,02069
572212564R,PARAFUSO ROSCADO DE ACO DE FECHADURA,02069
8201708519,PARAFUSO NAO PERFURANTE ROSCADO DE ACO L,02070
7703002700,PARAFUSO DE ACO LIGA, ROSCADO, TEMPERA,02071
118264342R,TUBO DE BORRACHA VULCANIZADA, NAO ENDURE,02072
485206512R,TERMINAL DA CAIXA DIRECAO KWID,02072
283E97670R,PLACA ADESIVA,02073
7700104965,ANEL DE APOIO DA CAIXA DE MARCHA PARA VE,02074
7700101608,ANELDESINCRONISMODACAIXADEMARCHAS,02075
7703101492,PARAFUSO NAO PERFURANTE ROSCADO DE ACO L,02076
7703072384,REBITE,02076
7702266011,LÂMPADAS DE HALÓGENEO 12V PARA USO EM VE,02077
656161911R,REFORCO DO CAPO PARA CARROCARIA DE VEICU,02078
487003046R,ANTIVOL MECANIQUE,02079
7703034235,PORCA FLANGEADA M8 EM ACO LIGA, TEMPERA,02080
7701067338,ESPELHO RETROVISOR PARA VEICULO AUTOMOVE,02081
147221645R,JUNTA DE METAL DO ESCAPEMENTO DE GAS,02081
8200374675,PARAFUSO EM ACO LIGA TRATAMENTO TERMICO,02082
265653569R,REFLETOR DA CARROCARIA DE VEICULO AUTOMO,02082
7703034250,PORCA ROSCADA DE ACO LIGA. COM PROCESSO,02083
8200708909,BUCHA ESPACADORA DA ENGRENAGEM DA CAIXA,02084
322236417R,ROLAMENTO DE ESFERAS DE CARGA RADIAL DE,02085
261655JH0A,LAMPADA HALOGENA DE TUNGSTENIO PARA TENS,02086
253A42318R,SENSOR ELETRONICO DE ESTACIONAMENTO DE T,02087
401593384R,PORCA ROSCADA HEXAGONAL DE ACO LIGA COM,02088
623827867R,ENJOLIVEUR SUP GRILLE CALANDRE,02089
985906268R,ETIQUETA PLASTICA AUTOADESIVA,02090
8200925307,PROTETOR EM METAL DA BOMBA DE VEICULO AU,02090
265504389R,APARELHO ELETRONICO DE SINALIZACAO VISUA,02091
7700873354,TROCADOR DE CALOR DO OLEO PARA MOTOR DE,02091
164000787R,FILTERGAS,02092
117206746R,SORTIDO COMPOSTO POR POLIA REGULADORA,02092
7703026060,PARAFUSO,02094
110569992R,PARAFUSO NAO PERFURANTE,02095
160721041R,VALVULA SOLENOIDE,02096
906008497R,FECHADURA DA PORTA,02096
7703101553,PARAFUSO NAO PERFURANTE ROSCADO DE ACO,02097
8200209130,EMBLEMA DE PLASTICO PARA VEICULO AUTOMOV,02097
326022434R,ANEL DE TRAVAMENTO NAO ROSCADO EM ACO,02097
7703602268,PARAFUSO FLANGEADO, EM ACO LIGA, TEMPERA,02098
7703090344,ROLAMENTO DE ROLETES CONICOS, EM ACO,,02099
7703034248,PORCA ROSCADA ACO LIGA M12X175 10SA1GS,02101
7703004181,PARAFUSOSDEACO,02102
7703075348,TAMPAO ROSCADO (BUJAO ROSCADO) DO CARTER,02103
7701069213,JUNTADECAIXAEVAPORADO,02104
253312923R,TOMADA 12 V, CARCACA FABRICADA EM PLASTI,02104
253507278R,INTERRUPTOR ELETRICO PARA TENSAO DE 12V,02106
7703034319,PORCA FLANGEADA 14X15010SA1GS ACO LIGA,02107
806079580R,MACANETA DE PLASTICO PARA VEICULO AUTOMO,02107
8200964237,PORCA EM ACO LIGA, TRATAMENTO TERMICO DE,02108
326024662R,ANEL DE TRAVAMENTO NAO ROSCADO EM ACO,02109
122154031R,BRONZINA DO MANCAL SUPERIOR,02110
7703072394,REBITE TUBULAR FABRICADO EM ALUMINIO, PA,02110
166074154R,BICO INJETOR DE COMBUSTIVEL PARA MOTOR D,02111
990F22036R,ETIQUETA PLASTICA AUTOADESIVA DE POLIPRO,02112
401581542R,PARAFUSO ROSCADO DE ACO LIGA, TEMPERADO,,02113
7711213335,LAMPADA HALOGENA DE TUNGSTENIO PARA TENS,02114
6001547891,BRACO DE FIXACAO DO BERCO DO MOTOR DE VE,02115
296225844R,CAPACITE FLTG COMPATIBILITE E/MGN,02116
460208536R,TAMPA DO RESERVATORIO DE FLUIDO DE FREIO,02117
251451432R,INTERRUPTOR CONTROLE DE TRAJ,02118
7703034215,PORCA FLANGEADA M10 EM ACO LIGA, TEMPERA,02119
7703002822,PARAFUSO BASE M8X12520 88 SA3GS,02120
226301872R,TERMISTOR DOTADO DE ENVOLUCRO E CONECTOR,02121
8550503619,VEDACAO DE COBRE DA DRENAGEM,02122
6001549124,"CONECTOR TIPO T,02123
824440002R,GUIA PLASTICO DA PORTA DESLIZANTE DE VEI,02124
7703602323,PARAFUSO NAO PERFURANTE M14X150110,02124
289321198R,ESGUICHO COMPOSTO DE PECAS PLASTICAS,02125
262711454R,LAMPADA DE FILAMENTO,02126
237145578R,SUPORTE FABRICADO EM ACO GALVANIZADO, PA,02127
852745721R,MOUSSE ETANCHEITE BOUCLIER AR,02127
401582713R,PARAFUSO FIX,02128
262997321R,BULBO DA LAMPADA DE TUNGSTENIO DE TENSA,02129
7702266014,LÂMPADA H1,02130
284420753R,SENSOR DE ESTACIONAMENTO,02131
7701475787,COLEÇÃODEANÉISDEPISTÃOD4KAIZEN,02132
8200415410,SENSORTEMPERATURADEARDEADMISSAO,02134
7703002731,VIS H EMBASE M12X17560 1  SA3GS,02135
110265505R,JUNTA,02137
1102601M02,ARRUELA DE COBRE P/ VEIC AUTO,02138
321096881R,DEFLETOR DE OLEO DA CAIXA DE MARCHAS DE,02139
7700427640,CONTACTEUR FEUILLURE 2 VOIES,02139
8200274074,DEFLETOR DE OLEO DA CAIXA DE MARCHAS DE,02140
8200109564,TAMPA DE ACABAMENTO DO TETO,02140
7700761132,APARELHO DE ILUMINACAO DO TIPO LAMPADA H,02141
250609631R,MEDIDOR DO NIVEL DE COMBUSTIVEL,02141
7700801863,VALVULA PARA PNEUMATICO,02142
8200497543,ACABAMENTO DE PLASTICO DA MACANETA,02143
8200771417,PLACA DE RETENCAO ROLAMENTO DO EIXO DA T,02144
7700429418,INTERRUPTOR ELETRICO PARA TENSAO INFERIO,02145
7703602193,PARAFUSO FLANGEADO, EM ACO LIGA, TEMPERA,02146
7703102044,PARAFUSO NAO PERFURANTE ROSCADO DE ACO L,02147
122156655R,BRONZE COM DIAMETRO INTERNO INFERIOR A 2,02148
7703034247,PORCADEAÇO 10X12510SA1GS,02148
7711733258,PARAFUSO DE ACO LIGA NAO PERFURANTE,02149
214450001R,PINO DE PLASTICO MULTIFUNCIONAL PARA USO,02150
253205115R,INTERRUPTOR ELETRICO PARA TENSAO DE 13,5,02151
281155129R,APARELHO RECEPTOR DE RADIO DIFUSAO,03A01
281154189R,APARELHO RECEPTOR DE RADIODIFUSAO, COM A,03A01
8200526365,JUNTA EM BORRACHA VULCANIZADA NÃO ENDURE,03A04
7701474072,GARFO DA CAIXA DE MARCHAS DE VEICULO AUT,03A05
960157277R,AEROFOLIO PARA CARROCARIA,03A06
620722702R,MOLDURA CENTRAL DO PARACHOQUE DIANTEIRO,03A08
7701205830,MOLDURA DE BORRACHA DA VIDRO DA PORTA,03A1
749027921R,CARPETE DO ASSOALHO DA CARROCARIA DE VEI,03A1
479503610R,GERADOR DE SINAIS, DO TIPO SENSOR DE VEL,03A1
7701070807,CILINDRO MESTRE DO FREIO DE VEICULO AUTO,03A1
7701064227,ALAVANCA DE INTERRUPTOR ELETRICO SOB O V,03A1
265552690R,APARELHO ELETRICO (CAIXAS DE LUZES COMBI,03A1
256100864R,APARELHO DE SINALIZACAO ACUSTICA (BUZINA,03A1
760327871R,PAINEL LATERAL DA CARROCARIA DE VEICULO,03A1
821018141R,PORTA PARA CARROCARIA DE VEICULO AUTOMOV,03A1
822622242R,VIDRO TEMPERADO FIXO LATERAL,03A1
7701071896,COMUTADOR ELETRICO PARA TENSAO DE 12 V D,03A1
400143629R,ARTICULACAO DO SISTEMA DE SUSPENSAO,03A1
821009299R,PORTA PARA CARROCERIA DE VEIC AUTOM TD,03A1
822200706R,VITRE FIXE PORTE AR D,03A1
260603217R,APARELHO ELETRICO (FAROL) DE ILUMINACAO,03A1
462406871R,TUBO RIGIDO DO SISTEMA DE FREIO DE VEICU,03A1
788A35628R,ACABAMENTO DA PASSAGEM DE RODA PARA CARR,03A1
924909464R,TUBO DE ALUMINIO DA VALVULA DO COMPRESSO,03A1
0160156,FAROL H4 ELBA 1991/1996, FIORINO / PREMIO / DUNA 1,03A1
803004550R,VIDRO TEMPERADO MOVEL DA PORTA DIANTEIRA,03A1
260609223R,APARELHO ELETRICO (FAROL) DE ILUMINACAO,03A1
7711732655,MODULO ELETRONICO PARA AUXILIO ESTACIONA,03A1
284B11723R,MODULO ELETRONICO DA CARROCERIA,03A1
8201675904,ORTA PARA CARROCARIA,03A1
0460466,LANTERNA LATERAL HB-20 SEDAN 2014/ LD,03A1
0160167,FAROL HB20 / HB20 SEDAN 2014/ MOLDURA PRETA TEXTUR,03A1
472107706R,ASSISTENTE CILIN DE FREIO,03A1
0160983,FAROL DUPLO H1/H7 LOGAN 2014/ SANDERO 2015/ MASC.,03A1
0160713,FAROL H7/H1 COM DEFLETOR LOGO VW GOL GERAÇAO V 200,03A1
0160763,FAROL DUPLO H7 MASCARA METALIZADA CANHAO NEGRO PAL,03A1
0160155,FAROL H4 ELBA 1991/1996, FIORINO / PREMIO / DUNA 1,03A1
288159333R,LIMPADOR DE PARABRISAS SEM O BRACO E PAL,03A1S
7711734322K4,PNEU 165 70 R14 85T XL ECOCONTACT 6,03A2
794202382R,TAMPAO DO PORTA MALAS PARA CARROCARIA DE,03A2
7711733223,225/65 R16C 112/110R TL AGILIS + GRNX MI,03A2
237109076R,MODULO DE CONTROLE ELETRONICO AUTOMATICO,03A2
8200656780,FILTRO DE ENTRADA DE AR PARA MOTOR,03A2
150100934R,BOMBA DE OLEO DE USO EM MOTOR DE VEICULO,03A2
479003252R,SENSOR DO ABS DE VEICULO AUTOMOVEL,03A2
275108669R,PAINEL DE COMANDO DO AR CONDICIONADO, VE,03A2
281156914R,APARELHO RECEPTOR DE RADIO COM CD PLAYER,03A2
760204174R,TRAVESSA PARA CARROCARIA DE VEICULO AUTO,03A2
924400344R,TUBULACAO COM FORMATO PROPRIO PARA SISTE,03A2
130C11863R,COLETOR DE ADMISSAO DE MOTOR DE VEICULO,03A2
8200672235,SUPORTE DO PEDAL DO ACELERADOR DE VEICUL,03A2
8200765566,CONJUNTO MOTOVENTILADOR PARA SISTEMA DE,03A2
281157265R,AUTORADIO,03A2
6001552011,VENTILADOR PARA SISTEMA DE CLIMATIZACAO,03A2
7700433076,MACANETA DE PLASTICO DE VEICULO AUTOMOVE,03A2
7711780759,TRIANGULO DE SEGURANCA DE PLASTICO PARA,03A2
727128095R,VIDRO DO PARABRISA ACOMPANHADO DE SENSOR,03A2
804218643R,DOBRADICA DE METAL COMUM DA PORTA PARA V,03A2
8200453516,FECHO PARA TRAVAMENTO DO CINTO DE SEGURA,03A2
0460362,LANT. TRAS. CRISTAL PRISMA 2006/ LD,03A2
0160380,FAROL H4 CARCAÇA CINZA MOLDURA METALIZADA CORSA 3P,03A2
0160379,FAROL H4 CARCAÇA CINZA MOLDURA METALIZADA CORSA 3P,03A2
0160764,FAROL DUPLO H7 MASCARA METALIZADA CANHAO NEGRO PAL,03A2
934164692R,ACABAMENTO DA TAMPA DA CACAMBA PARA CARR,03A3
410600950R,PASTILHA DE FREIO DE VEICULO AUTOMOVEL,03A3
8200497579,FECHADURA METAL COMUM DA PORTA DE VEIC,03A3
8201609652,CONJUNTO DE JUNTAS DE VEDACAO DO SISTEMA,03A3
6001547002,PESTANA DA PORTA DE VEICULO AUTOMOVEL, F,03A3
476601250R,MODULO DE CONTROLE DE ESTABILIDADE E ANT,03A3
803005787R,VIDRO MOVEL DA PORTA DIANT,03A3
7700352191,ESPELHO RETROVISOR DA CARROCARIA DE VEIC,03A3
349014529R,COMANDO DE MUDANCA DE MARCHAS,03A3
0160774,FAROL H4 ONIX 2012/ PRISMA 2013/ LD,03A3
101015263R,JOGO DE JUNTAS DE COMPOSICAO DIFERENTES,03A3
7701207947,JOGO DE JUNTAS DE BORRACHA VULCANIZADA N,03A3
805030009R,FECHADURA DE PORTAS LATERAIS,03A3
383428E001,ANEL RET DE BORRAC C/ ARMAD METAL VULC,03A3
829A06371R,MOLDURA PLASTICA DE ACABAMENTO INTERNO D,03A4
829A02176R,ACABAMENTO DA MOLDURA DO PAINEL DA PORTA,03A4
963010433R,ESPELHO RETROVISOR DE VEICULO,03A4
260103433R,APARELHO ELETRICO (FAROL) DE ILUMINACAO,03A4
762304457R,COLUNA DA CARROCERIA DE VEICULO AUTOMOV,03A4
833419816R,VIDRO FIXO LATERAL ESQ L2 e L3,03A4
823314958R,JUNTA PLASTICA DA GUIA DO VIDRO DA PORTA,03A4
749782626R,ESTRIBO PARA CARROCARIA DE VEICULO AUTOM,03A4
164461315R,TUBO PLASTICO DE ALIMENTACAO DE COMBUSTI,03A4
0160662,FAROL H4 CELTA 2006/, PRISMA 2006/ LD,03A4
7711428180,REVESTIMENTO DO ASSOALHO DO PORTAMALAS,03A4
260607206R,APARELHO ELETRICO (FAROL ) DE ILUMINACAO,03A4
112228880R,SUPORTE EM LIGA DE ALUMÍNIO PARA FIXACAO,03A4
7782160764,SUPORTE DE FIXACAO DO PARALAMA DA CARROC,03A4
7701065820,PAINEL DE FECHAMENTO DO PARACHOQUE DE V,03A4
6001552010,UNIDADE DE AQUECIMENTO DO SISTEMA DE AR,03A4
727129206R,VIDRO DE SEGURANCA FORMADO DE FOLHAS CON,03A4
0160738,FAROL H7/H1 COM DEFLETOR DE MALHA GOL GERAÇAO V 20,03A4
7701067340,COBERTURA DE PLASTICO DO ESPELHO RETROVI,03A5
120A18805R,PISTAO PARA MOTOR DE IGNICAO POR CENTELH,03A5
402624551R,PORCA ROSCADA DE ACO DE USO EM VEICULO,03A5
7701070379,ESTRUTURA DO ESPELHO RETROVISOR DA PORTA,03A5
402629125R,PORCA ROSCADA DE ACO DE USO EM VEICULO A,03A5
625601756R,SUPORTE FIX FAROL CARROCERIA AUTO,03A5
0160796,FAROL DUPLO H7/H1 C/ MOLDURA COR CROMO-ONIX C/DEFL,03A5
670001375R,PAINEL DE REVESTIMENTO INTERNO DA CARROC,03A5
110172951R,PLACA DE APOIO DO CARTER PARA MOTOR DE P,03A6
7700438093,EMBLEMA PLASTICO DA CARROCARIA DE VEICUL,03A6
631002210R,PARA LAMA PARA CARROCARIA DE VEICULO AUT,03A6
544016728R,BERCO DE FIXACAO DO MOTOR NA CARROCERI,03A6
825181895R,GUARNICAO COMANDO ABERTURA,03A6
497200472R,TUBULACAO DO SISTEMA DE DIRECAO HIDRAULI,03A6
8200559373,ANEL PLASTICO DE SEGMENTO DO CAMBIO DE V,03A7
8200830500,RELE ELETROMAGNETICO 12V P/ VEIC,03A7
172513485R,TAMPA DO TUBO DE ABASTECIMENTO DE COMBUS,03A8
7701207580,KIT GUARNIÇÕES VIDRO DIANT DIR X65,03B02
823314354R,JUNTA DE BORRACHA VULCANIZADA NÃO ENDURE,03B03
738834851R,MOLDURA DE ACABAMENTO E PROTEÇÃO DA BARR,03B03
738830144R,BARRA DO TETO PARA CARROCARIA DE VEICULO,03B03
769523042R,ACABAMENTO DA SOLEIRA PARA CARROCARIA,03B08
543024709R,AMORTIGUADOR DEL X65 CLIO MÍO,03B1
6001550746,PORTA TRASEIRA PARA VEICULO AUTOMOVEL,03B1
6001550017,PARACHOQUE TRAS LOGAN 2007/20,03B1
7751479167,CAPO PARA CARROCARIA DE VEICULO AUTOMOVE,03B1
849753513R,COMPARTIMENTO PARA ARMAZENAMENTO DA RODA,03B1
403002382R,RODA EM LIGA DE ALUMINIO, PARA VEIC AUTO,03B1
8200171134,INJECAO ELETRONICA ( CORPO DE BORBOLETA,03B1
7702267007,RENAULMATIC D3 SYN,03B1
562303703R,BARRA ESTABILIZADORA DA SUSPENSAO DE VEI,03B1
601986892R,TAMPAO EM PLASTICO DE USO MULTIFUNCIONAL,03B1
7701470362,ROTULA DA DIRECAO, ACOMPANHADO DE COIFA,,03B1
681000712R,PAINEL DE INSTRUMENTOS PARA CARROCARIA,03B1
7701478762,ROTULA DA DIRECAO, ACOMPANHADO DE COIF,03B1
8200505562,SUPORTE PARA FIXACAO DO FILTRO DE AR DO,03B1
543024440R,AMORTIGUAD DEL X65,03B1
901008756R,TAMPA DO PORTAMALAS DA CARROCARIA DE VEI,03B1
175065082R,TUBO DE COMBUSTIVEL,03B1
768F20003R,FRISO DE PLASTICO,03B1
878161462R,FIVELA DO CINTO DE SEGURANCA PARA CARROC,03B1
768F20004R,FRISO DE PLASTICO,03B1
768610941R,JUNTA EM BORRACHA VULCANIZADA NÃO ENDURE,03B1
261609635R,APARELHO ELETRICO DE SINALIZACAO VISUAL,03B1
631017528R,PARA LAMA PARA CARROCARIA DE VEICULO AUT,03B1
7701205729,MOLDURA DE BORRACHA, GUIA DO VIDRO DE VE,03B19
8200530180,MOLDURA DE REVESTIMENTO INTERNO DA PORTA,03B2
7701407067,ABRACADEIRA DE ACO DE USO MULTIFUNCIONAL,03B2
7703602227,PARAFUSO EM ACO LIGA (C: 0,27%  0,32%),03B2
7717001762,LIXEIRA DE CARRO NEOPREME,03B2
144604965R,TUBULACAO DE SAIDA DE AR DE COMBUSTIVEL,03B2
990451025R,BANDE DECORATIVE BAGUETTE PORTE AV G,03B2
844018851R,ARTICULACAO DA TAMPA DO PORTA MALAS PARA,03B2
401597683R,PORCA ROSCADA DE ACO,03B2
130015525R,ARVORE DE CAMES PARA COMANDO DE VALVULAS,03B2
7700353025,APARELHO ELETRICO (CAIXAS DE LUZES COMBI,03B2
809018487R,CONJUNTO DE ACABAMENTO DO PAINEL INTERNO,03B2
762915680R,COBERTURA DA LATERAL DA CARROCARIA DE VE,03B2
8200158157,ALAVANCA DE ACIONAMENTO DO FREIO,03B2
990442796R,ADESIVO PLASTICO AUTOCOLANTE DECORATIVO,03B2
7701056096,BUCHA DE BORRACHA VULCANIZADA NAO ENDURE,03B2
23796EN200,VALVULA DE TRANSMISSAO OLEO HIDARULICA P,03B2
8201089774,ACABAMENTO PLASTICO PARA TUBULACAO DE EN,03B2
656200018R,CAIXA PORTA FUSÃ#VEIS / RELÃ#S,03B2
112228932R,SUPPORT TAMPON AV G,03B2
7782253244,TRAVESSA DO PARACHOQUE DE VEICULO AUTOMO,03B2
6001550197,SENSOR MEDIDA NIVEL COMBUSTIVEL TANQUE,03B2
823314414R,GUARNICAO EM PLASTICO GUIA DO VIDRO DA P,03B3
768605882R,MOLDURA DE BORRACHA VULCANIZADA NAO EN,03B3
883209993R,COBERTURA DE REVESTIMENTO DO ASSENTO DO,03B3
6001550028,RETROVISOR DA PORTA PARA VEICULO,03B3
823308547R,MOLDURA PLASTICA DA JANELA DA PORTA,03B3
751336042R,ESTRUTURA DO ENCOSTO DO ASSENTO DE VEICU,03B3
6001551314,CILINDRO MESTRE DO FREIO DE VEICULO AUTO,03B3
261526356R,MOLDURA DE FIXACAO DO FAROL DE NEBLINA,03B3
7711429418,COLA PLASTICA DE VEDACAO PARA TRAVAR PAR,03B3
964013167R,PARESOLEIL G,03B3
8200261965,DUTO DE AR PARA SISTEMA DO TURBO COMPRES,03B3
255677308R,MÓDULO CENTRAL DE COMUTAÇÃO PRODUZIDO DE,03B3
8200619597,MECANISMO DE ELEVACAO DO VIDRO ELETRICO,03B3
6001548656,ESPACADOR DA CAIXA LATERAL,03B3
681046922R,ACABAMENTO DO PAINEL DE INSTRUMENTOS DA,03B3
282438118R,CABO COAXIAL  DE USO MULTIFUNCIONAL EM V,03B3
326061518R,CONJUNTO COMPOSTO POR: DUAS ENGRENAGENS,03B3
130209419R,ARVORE DE CAMES PROPRIA PARA ACIONAMENTO,03B3
6001547696,JOGO DE ROLAMENTOS,03B3
7701046799,MECANISMO EM ACO DA FECHADURA DA PORTA V,03B3
769247691R,GUARNICAO PORTA FORMA POR PERFIL BO,03B3
768604400R,GUARNICAO BORRACHA ALVEOLAR VEIC,03B3
775785397R,ELEMENT FRMT COTE CAISSE PARTIE AR D,03B3
8200731853,TAMPA DE PLASTICO PARA ACABAMENTO DE CAR,03B4
963654821R,ESPELHO RETROVISOR EXTERNO,03B4
758908543R,PROTETOR DE CARTER PARA CARROCARIA DE VE,03B4
175062247R,TUBULACAO DE ALIMENTACAO DE COMBUSTIVEL,03B4
8200211784,POLIA DE ROLAMENTO REGULADORA,03B4
756502682R,PAINEL DO ASSOALHO TRASEIRO DA CARROCARI,03B4
8200825457,GRADE PLASTICA DE ENTRADA DE AR DA CARRO,03B4
7701057654,APARELHO ELETRICO (FAROL) DE ILUMINACAO,03B4
6001546742,RENFORT FIX ROUE SECOURS ASS,03B4
828368248R,JUNTA DE BORRACHA VULCANIZADA NAO ENDURE,03B4
8200557063,GUIA EM METAL DE CONVERGENCIA DO RADIADO,03B4
8200680689,SENSOR DE DETONACAO PARA TRANSFORMACAO D,03B4
7701475629,CONJUNTO COM DUAS POLIAS SENDO UMA REGUL,03B4
803008871R,VITRE PORTE AV D TEINTEE,03B4
8200526423,APARELHO ELETRICO (FAROL ) DE ILUMINACAO,03B4
400150081R,MANGA DE EIXO DO SISTEMA DE SUSENSAO DE,03B4
762316100R,PAINEL DA COLUNA PARA CARROCERIA DE VEIC,03B4
8200633417,LANTERNA DA SETA LATERAL, INDICADORA DE,03B4
6001547330,CABO DE LIBERACAO DA TRAVA DO CAPO PARA,03B4
491108814R,BOMBA VOLUMETRICA ROTATIVA DE VAZAO INFE,03B4
7717079851,FRISO DE PLASTICO DA PORTA DE USO EM VEI,03B4
7701057557,RESISTENCIA ELETRICA FIXA, COM POTENCIA,03B5
8200381498,TUBO ABSORVEDOR VAPOR,03B5
164464173R,TUBULACAO COM TAMANHO E FORMATO PROPRIO,03B5
111100314R,JUNTA DA BANDEJA DE OLEO DO  MOTOR DE IG,03B5
8200206602,MOLDURA PLASTICA DOS INTERRUPTORES DO VI,03B5
7703101548,PARAFUSO NAO PERFURANTE ROSCADO DE ACO L,03B5
768F20005R,FRISO DE PLASTICO,03B5
8200917488,APARELHO ELETRICO (CAIXAS DE LUZES COMBI,03B5
7700854191,PARAFUSO SEXTAVADO COM TRAVA M9X10025,03B5
978180333R,ETIQUETA PLASTICA AUTOADESIVA PARA,03B5B
978187460R,ETIQUETA AUTOADESIVA DE ADVERTÊNCIA FABR,03B5B
400140403R,MANGA DE EIXO DIANTEIRA D,03B6
0160786,FAROL DUPLO H7 MASCARA METALIZADA CANHAO METALIZAD,03B6
261608080R,APARELHO ELETRICO (LUZ INDICADORA DE MAN,03B6
543027410R,AMORTECEDOR,03B6
463152145R,TUBO RIGIDO EM METAL DO FREIO DE VEICULO,03B6
8200674131,ENGRENAGEM  PINHAO  DO VELOCIMETRO, DE,03B6
8200209924,TUBULACAO DE ENTRADA DA BOMBA DE AGUA PA,03B6
7700701831,MOLA DE ACO HELICOIDAL DE USO EM VEICULO,03B6B
7701695351,SUPORTE PLASTICO DO PARACHOQUE,03B7
254118044R,INTERRUPTOR DUPLO,03B7
825031836R,FECHADURA ELETRICA  DA PORTA DE VEICULO,03B7
7700107829,TUBO DE BORRACHA VULCANIZADA NAO ENDUREC,03B7
7701070154,ROTULA DE ACO REVESTIDA COM COIFA DE BOR,03B7
7782047009,SUPORTE DE FIXACAO DO BERCO DO MOTOR DA,03B7
6001549203,PARAFUSO NAO PERFURANTE ROSCADO DE ACO L,03B7
7700862556,ENGRENAGEM DO TIPO PINHAO DO VIRABR,03B7
259752753R,ANTENA GPS E/OU GSM PARA APLICACAO EM RA,03B7
511655592R,OBTURADOR DE ANEL DE REBOQUE,03B8
490016602R,CAIXA DA DIRECAO HIDRAULICA, COMPLETA, P,03B8
625124673R,SUPPORT D TRAVERSE SUP FACE AV ASS,03B8
7700112519,RAMPA DE ALIMENTACAO DE COMBUSTIVEL PARA,03B8
161757085R,GAXETA DE BORRACHA VULCANIZADA NAO ENDUR,03B8
806B09590R,MACANETA DE PLASTICO DA PORTA DE VEICULO,03B8
562108702R,AMORTECEDOR DO SISTEMA DE  SUSPENSAO DE,03B8
7701471283,ANEIS SEGMENTO PARA MOTOR IGNICAO POR CE,03B8
490014306R,CAIXA DA DIRECAO HIDRAULICA PARA VEICULO,03B8
622214225R,SUPORTE,03B9
552400022R,LIMITADOR DE VIBRACAO DA SUSPENSAO DE VE,03B9
402069518R,DISCO DE FREIO DE VEICULO AUTOMOVEL,03C
8200118458,TUBULACAO DO SISTEMA DE ABSORCAO DE VAPO,03C06
8200416683,GERADOR DE SINAIS, SENSOR DE VELOCIDADE,03C1
231008432R,ALTERNADOR DE VEICULO AUTOMOVEL,03C1
113560012R,SUPORTE SUPERIOR PARA FIXACAO DO MOTOR,03C1
231007175R,ALTERNADOR PARA VEICULO AUTOMOVEL,03C1
8200934203,COBERTURADACAIXADESAÍDADEÁGUA,03C1
7711733076,Módulo Tilt Down Duster 2016,03C1
410600756R,JOGO DE PASTILHAS DO FREIO DE VEICULO AU,03C1
7782200779,DOBRADICA DO CAPO DO MOTOR, LADO DIREITO,03C1
349307020R,HASTE DA ALAVANCA DA CAIXA DE MARCHAS DE,03C1
777729170R,REFORCO CENTRAL DO TRILHO DA PORTA,03C1
110446634R,JUNTA METALOPLASTICA CABECOTE DO MOTOR,03C1
777880692R,TERMINAL GUIA DA PORTA LAT D,03C1
8200069296,TRAVA DE ABERTURA DO CAPO DO MOTOR,03C1
985103868R,DISPOSITIVO ELETRONICO PARA CONTROLE DO,03C1
7700843121,GUARNICAO DE BORRACHA VULCANIZADA NÃO EN,03C1
7701209583,CILINDRO MESTRE DO FREIO DE VEICULO AUTO,03C1
275701669R,PAINEL ELETRICO PARA TENSAO IGUAL A 12V,03C1
999101878R,FOLHETO INFORMACOES RELATIVAS MASTER,03C1
8200283308,TUBULACAO DO SISTEMA DE AR CONDICIONADO,03C1
8200636314,GRADE DO ALTOFALANTE DE VEICULO AUTOMOV,03C1
285975016R,CHAVE COM APARELHO DE RADIOTELECOMANDO,03C1
873816130R,ACABAMENTO DA ESTRUTURA DO BANCO,03C1
828304399R,GAXETA DE BORRACHA VULCANIZADA NAO ENDUR,03C11
8201102931,FILTRO DE COMBUSTIVEL DE VEICULO AUTOMOV,03C2
799127984R,REVESTIMENTO TAMPÂO TRASEIRO LATERAL ESQ,03C2
8200073170,CABO PARA ACIONAMENTO DA EMBREAGEM DE VE,03C2
7701067457,ACABAMENTO PLASTICO DA TAMPA DO PORTAMA,03C2
8200747908,TUBO DE ALIMENTACAO DE COMBUSTIVEL DE VE,03C2
8200497904,PARAFUSO FLANGEADO EM ACO LIGA, TRATAMEN,03C2
410832774R,MOLA DE ACO NAO HELICOIDAL E NAO CILINDR,03C2
8200012626,JUNTA DE BORRACHA,03C2
7701205768,JOGO DE PECAS PARA REPARO DO FREIO DE VE,03C2
679005581R,ISOLADOR ANTI RUIDO PARA CARROCARIA,03C2
749480138R,INSONORIZANTE (FELTRO ANTI RUIDO) DO ASS,03C2
7701469491,ABRACADEIRA DE ACO DE USO MULTIFUNCIONAL,03C2
149500004R,ABS VAPOR TANQUE COMB P/VEÍC,03C2
288900464R,PALHETA DO LIMPADOR DE PARABRISA PARA,03C2
7700309154,BUCHA DE BORRACHA VULCANIZADA NAO ENDURE,03C2
8201089213,BOMBA INJETORA DE COMBUSTIVEL PARA MOTOR,03C2
206510015R,ALMOFADA DE BORRACHA ANTI VIBRACAO  DO E,03C2
8200709764,APARELHO PARA FILTRAR OLEOS NO MOTOR DE,03C2
8200437489,SENSOR DE OXIGENIO (SONDA LAMBDA) PARA,03C2
668112448R,GRILLECOWL,03C2
7701472669,VALVULA DE ADMISSAO PARA MOTOR DE PISTAO,03C2
620720861R,ACABAMENTO DO PARACHOQUE PARA USO EM VE,03C2
8200408518,MOLA DE ACO HELICOIDAL CILINDRICA PARA U,03C2
905525180R,ALAVANCA DE ABERTURA DO PORTA MALAS PARA,03C2
963657409R,ESPELHO RETROVISOR DE VEICULO,03C2
135021496R,TAMPA DE FECHAMENTO DO MOTOR DE IGNICAO,03C2
963665742R,ESPELHO RETROVISOR PARA USO EM VEICULO A,03C2
7700100008,SENSOR DE VELOCIDADE DE VEICULO AUTOMOVE,03C2A
8200043899,CALOTA PARA RODA DE VEICULO AUTOMOVEL,03C2B
543024557R,AMORTECEDOR DO SISTEMA DA SUSPENSAO DE V,03C3
112101527R,COXIM DE BORRACHA COM ELEMENTOS METALICO,03C3
8201011309,PINHÃO TACÔMETRO CX MARCHAS P/VEÍC,03C3
803303195R,CANALETA PLASTICA DO VIDRO DA PORTA DE V,03C3
8200032595,POLIA DE VEICULO AUTOMOVEL,03C3
8201516550,JOGO DE DISCO E PLATO DE EMBREAGEM PARA,03C3
685101172R,TAMPA PLASTICA DO PAINEL DE INSTRUMENTOS,03C3
8200565255,TUBO DO TANQUE DE COMBUSTIVEL DE VEICULO,03C3
7700842256,CONJUNTO LIMITADOR PARA TRAVA DE ABERTUR,03C3
543021434R,AMORTECEDOR DO SISTEMA DE SUSPENSAO DE V,03C3
8200027115,PAINEL PARA CARROCARIA DE VEICULO AUTOMO,03C3
8200108993,COBERTURA PARA RODA DE VEICULO AUTOMOVEL,03C3
8200146040,FIXAÇÃO DO PÁRACHOQUE T,03C3
6001548208,ESPACADOR DE PLASTICO DO PARASOL DE VEIC,03C3
8200752827,SUPORTE DO FAROL DE NEBLINA DO PARACHOQU,03C3
8201643611,APOIO DE BRAÇO PARA CARROCERIA DE VEICUL,03C3
402223914R,PARAFUSO DE ACO ROSCADO DE FIXACAO,03C4
7701065760,FECHAMENTO FRONTAL DA CARROCARIA DE VEIC,03C4
7701470364,PIVO DO CAIXA DE DIRECAO DE VEICULO AUTO,03C4
349358240R,CABO DE CONTROLE DE MUDANCA DA MARCHA DE,03C4
8200645978,PORTA OBJETOS PARA CARROCARIA DE VEICULO,03C4
403004679R,RODA DE ACO COM 15 POLEGADAS PARA VEICUL,03C4
175068649R,TUBO DE ALIMENTACAO DE COMBUSTIVEL,03C4
130208235R,EIXO CAME DE ADMISSÃ#O COMPLETO,03C4
259902421R,UNIDADE DE CONTROLE ELETRÔNICO DE GERENC,03C4
288903211R,PALHETA DO LIMPADOR DE PARABRISA PARA V,03C4
464003436R,COMPENSADOR DO SISTEMA DE FREIO TRASEIRO,03C4
758909999R,PLACA DE PROTECAO DO MOTOR PARA CARROCA,03C4
7701057121,RADIADOR DE VEICULO AUTOMOVEL,03C4
7701057371,ESPELHO RETROVISOR PARA VEICULO AUTOMOVE,03C4
650922243R,TIRA PLASTICA AUTOADESIVA CORACAO CARROC,03C4
250609065R,BOMBA DE COMBUSTIVEL PARA MOTOR DE IGNIC,03C4
788A35636R,CAIXA DE PASSAGEM DE RODAS DA CARROCARIA,03C4
620920834R,ABSORVEDOR DE IMPACTO DO PARA CHOQUE,03C4
622353661R,DEFLETOR DE AR DO PARACHOQUE,03C4
8200277791,TAMPAO HIDRO ELASTIC,03C4
934C49198R,COBERTURA DE PROTECAO DA TRAVA DA TAMPA,03C4
237105842R,MODULO DE GERENCIAMENTO ELETRONICO DE CO,03C4
7700432064,INTERRUPTOR ELETRICO PARA TENSAO DE 12V,03C4
112989474R,PARAFUSO NÃO PERFURANTE ROSCADO HEXAGONA,03C4
7701692584,FRISO PLASTICO DO PAINEL PARA CARROCERIA,03C5
8200747910,TUBO DE ALIMENTACAO DE COMBUSTIVEL DE VE,03C5
255524718R,INTERRUPTOR ELETRICO PARA TENSAO IGUAL A,03C5
8200425721,TAMPA DO RESERVATÓRIO DE PARTIDA A,03C5
112212175R,TAMPÃO  DE AÇO DA SUSPENSAO DIANTEIRA DE,03C5
687609318R,DIFUSOR DE AR DO PAINEL DE INSTRUMENTOS,03C5
804987005R,PARAFUSO PERFURANTE PARA FIXAÇAO DO MECA,03C5
ACRTABLET,AC. SUPORTE UNIVERSAL VEICULAR PARA TABLET - PRETO,03C5
7700107556,BALANCIMK4M,03C5B
7701055998,MOLDURA PARA MONTAGEM DE ESPELHO RETROVI,03C6
7701473856,EIXO NAO MOTOR DE VEICULO AUTOMOVEL,03C6
8200609229,CINTO DE SEGURANCA PARA VEICULO AUTOMOVE,03C6
922708471R,VALVULA DE EXPANSAO TERMOSTATICA PARA SI,03C6
8200233757,SUPORTE DE PLASTICO COM EMBLEMA PARA VEI,03C6
8200603774,ACABAMENTO DA COLUNA CEDNTRAL DA CARROCA,03C6
809604826R,COBERTURA PLASTICA DO PUXADOR DA PORTA D,03C6
769241354R,JUNTA DE BORRACHA VULCANIZADA NAO ENDURE,03C6
623876347R,MOLDURA DE ACABAMENTO DA GRADE DO RADIAD,03C6
112324397R,TIRANTE DO BERCO DO MOTOR DE VEICULO AUT,03C6
7700353010,MANIVELA DE PLASTICO DO REGULADOR DA JAN,03C6
668220006R,TAMPA DE FECHAMENTO DA GRADE DO RADIADOR,03C7
8201500121,PARAFUSO EM ACO LIGA TRATAMENTO TERMICO,03C7
8201163282,MÓDULO DO AIR BAG DE AUTOMÓVEL,03C7
7782488006,DOBRADICA EM METAL COMUM DA PORTA,03C7
988339499R,SENSOR DE COLISÃO PARA AIRBAG,03C8
7701041448,INTERRUPTOR ELETRICO PARA TENSAO DE 12V,03C8
252160006R,CONTROLADOR PROGRAMAVEL COM TENSAO DE 12,03C8
964098JC0B,PRESILHA SUPORTE DO PARASOL, FABRICADA,03C8
256509418R,APAR ELET SINALIZ ACUS P/VEIC,03C8
964093399R,GANCHO DE PLASTICO DO PARASOL DE VEICUL,03C8
8200107563,ESGUICHO DO LIMPADOR DE PARABRISA DE V,03C8
210101302R,BOMBA DE LIQUIDO DE ARREFECIMENTO,03D02
8660089526,BATERIA DE 60 AMPERES MOTRIO,03D02
172024168R,BOMBA DE COMBUSTIVEL PARA MOTOR,03D03
172023604R,MODULO DE CONTROLE ELETRONICO DA BOMBA,03D03
788300059R,TAMPA DO BOCAL DE ENCHIMENTO DE COMBUS,03D04
7703044184,PORCA DE AÇO,03D1
432009822R,DISCOS DE FREIO PARA VEICULO AUTOMOVEL,03D1
8200612929,DEFLETOR DE AR DO RADIADOR DE VEICULO AU,03D1
122014213R,VIRABREQUIM PARA USO EM VEICULO AUTOMO,03D1
752102883R,TRAVESSA PARA CARROCARIA DE VEICULO,03D1
8201025121,COMPRESSOR DO AR CONDICIONADO COM CAPACI,03D1
8201167975,COMUTADOR ELETRICO,03D1
7707041002,PORCA DE MOLA EM AÇO,03D1B
7701207424,APARELHO ELETRICO (LUZ DO TETO) DE ILUMI,03D2
8200306947,TRIANGULO DE SINALIZAÇÃO,03D2
7701208835,CONJUNTO GUIA DE PASSAGEM DO CINTO DE SE,03D2
8200802666,POLIA AMORTECEDORA DE VIBRACAO DO VIRA,03D2
7717001761,LIXEIRA DE CARRO ESTAMPADA,03D2
7702271176,RODA PARA VEICULO AUTOMOVEL,03D2
7711732309R,MOLETOM SPORT MASCULINO P,03D2
8200493228,TUBULAÇÃO DO SISTEMA DE ALIMENTAÇÃO,03D2
6001550393,COBERTURA PLASTICA DE ACABAMENTO DA MANO,03D2
752100605R,TRAVERSA DIANTEIRA,03D2
8200027122,SUPORTE DE FIXACAO DO RADIADOR DE VEICUL,03D2
8200027117,PAINEL PARA CARROCARIA DE VEICULO AUTOMO,03D2
8200934787,CINTO DE SEGURANÃ#A PASSAGEIRO,03D2
938A81204R,SUPORTE DO APOIO DE PE PARA CARROCARIA,03D2
23300EE01E,MOTOR DE PARTIDA PARA TENSAO DE 12 V, PO,03D2
7701471855,COBERTURA RETROVISOR P/ AUTO,03D2
7701474455,COBERTURA DO RETROVISOR DA PORTA,03D2
829502407R,PORTA OBJETOS DO APOIO DE BRACO DA PORTA,03D2
6001548362,MOLA DA PORTINHOLA DO BOCAL DO TANQUE DE,03D2
788304650R,PORTINHOLA DA TAMPA DO TANQUE DE COMBUST,03D2
244931310R,TUBO CAIXA FRIA,03D2
8200269601,BATENTE DE BORRACHA DO CAPÔ,03D2B
117102094R,SUPORTE DO ALTERNADOR DE VEICULO AUTOMOV,03D3
8200671284,MEDIDOR DE PRESSÃO DO OLEO DO MOTOR,03D3
685000041R,COMPARTIMENTO DO PAINEL DE INSTRUMENTOS,03D3
7701205759,ALAVANCA DO SISTEMA DE FREIO DE VEICULO,03D3
7701208059,ROLAMENTO DE ESFERAS DE CARGA RADIAL DE,03D3
751331247R,ELEMENTO DE FECHAMENTO DA LONGARINA PARA,03D3
7702295389,TRAVA DE METAL DA FECHADURA DA PORTA DE,03D3
130250457R,POLIA DE CONTROLE DA VALVULA DO MOTOR DE,03D3
240800739R,FIACAO ELETRICA  DO TIPO CHICOTE ELETRIC,03D3
8200199858,TUYAU CARBURANT ENTC,03D3
8200762086,JUNTA DE VEDACAO DE ACO E GRAFITE, PARA,03D3
7700424342,COXIM DE BORRACHA VULCANIZADA NAO ENDURE,03D3
118292508R,TUBO DE BORRACHA VULC NAO ENDURECIDA,03D3
7701478481,PINO DE PISTAO PARA MOTOR DE IGNICAO POR,03D3
117103885R,SUPPORT ALTERNATEUR,03D3
7702298087,TAPIZADO ASTO TRAS 1/1,03D3
8200810828,ENGRENAGEM TIPO PINHAO DO COMANDO DE DIS,03D3
7700870611,CONTRAPISTAO DA EMBREAGEM DE VEICULO AU,03D3
934C53460R,COBERTURA DE PROTECAO DA TRAVA DA TAMPA,03D3
934C59844R,PROTETOR BATENTE DE ACO PARA VEICULO AUT,03D3
985104466R,DISPOSITIVO ELETRONICO PARA CONTROLE DO,03D3B
809600750R,PROTETOR DA TRAVA DA PORTA DIANTEIRA,03D4
511807412R,COBERTURA DO GANCHO DE REBOQUE DO PARACH,03D4
140031864R,COLETOR DE ADMISSAO PARA MOTOR DE IGNICA,03D4
7701717352,ANEL SINCRONIZADOR DA CAIXA DE MARCHAS,03D4
403152766R,TAMPA DA CALOTA DA RODA DE VEICULO AUT,03D4
210141861R,JUNTA EM ACO DA BOMBA DAGUA EM VEICULO A,03D4
8200560408,EIXO DA ENGRENAGEM SATELITE DA,03D4
308523875R,TUBULACAO DO SISTEMA DE EMBREAGEM HIDRA,03D4
112842305R,SUPORTE COXIM EM METAL COMUM DO MOTOR DE,03D4
8201705203,VALVULA DE ESCAPE PARA MOTOR DE IGNICAO,03D4
8200939803,EIXO DA CAIXA DE MARCHAS DE VEICULO AUTO,03D4
465038264R,PEDAL DA EMBRAGEM DE VEICULO AUTOMOVEL,03D4
397133882R,CONJUNTO COMPOSTO POR COIFA DE BORRACHA,03D4
7700423572,JUNTA DE ACO DE USO MULTIFUNCIONAL EM VE,03D4
7701209255,SORTIDO COMPOSTO POR COIFA DE BORRACHA V,03D4
8200872135,MASTIQUE PARA VEDACAO,03D4
206511084R,COXIMDEBORRACEELEMMETALP/FIXDOE,03D4
8200030929,TRIANGLE SIGNALISATION,03D4
7702271348,AEROFOLIO PARA CARROCARIA DE VEICULO AUT,03D4
8200703973,CINTO DE SEGURANCA PARA USO EM VEICULO,03D4
12309ED000,PARAFUSO NAO PERFURANTE DE ACO LIGA COM,03D4B
328650628R,MANOPLA DA ALAVANCA DA CAIXA DE MARCHAS,03D5
272762744R,COBERTURA DO FILTRO DE AR DO SISTEMA DE,03D5
8200745937,CAPA PLASTICA DO SUPORTE DE FIXACAO DA B,03D5
687607474R,AERADOR INTERNO DA CARROCARIA DE USO EM,03D5
7700428738,BUCHA DE BORRACHA VULCANIZADA NAO ENDURE,03D5
7701210111,ROLAMENTO DE ESFERAS DE CARGA AXIAL DE U,03D5
255522448R,MÓDULO COMPOSTO DE COMBINAÇÃO, EM INVÓLU,03D5
762310195R,FORRO DO ASSOALHO PARA CARROCARIA DE VEI,03D5
8200040737,SENSOR DE OXIGENIO (SONDA LAMBDA),03D5
11056ED000,PARAFUSO ALLEN ROSCADO DE ACO LIGA TEMPE,03D5
226402722R,TERMISTOR SENSOR DE TEMPERATURA,03D6
253C64928R,SUPORTE PLASTICO, POLIPROPILENO, DO SENS,03D6
8200962410,ECROU,03D6
7703002810,PARAFUSO NAO PERFURANTE ROSCADO DE ACO L,03D6
8200045208,PARAFUSO NAO PERFURANTE ROSCADO DE ACO L,03D6
777648642R,GUIA TRILHO PORTA CORREDICA DE VEICULO,03D6
6001550012,TAMPA DO PORTA LUVAS DA CARROCARIA DE VE,03D6
909300110R,PROTETOR PLASTICO DA TAMPA TRASEIRA DA C,03D6
248108581R,PAINEL DE INSTRUMENTOS PARA VEICULOS AUT,03D6
121501091R,BRONZINA COM DIAMETRO INFERIOR A 200mm,,03D6
213080421R,TUBO DE BORRACHA VULCANIZADA NAO ENDUREC,03D6
285989032R,ANTENA PARA APARELHO DE RADIOTELECOMANDO,03D6B
253209243R,INTERRUPTOR ELETRICO PARA TENSAO DE 12V,03D6B
349206682R,BOTAO DE ALAVANCA DA CAIXA DE VELOCIDADE,03D7
328654727R,CONJUNTO DA MANOPLA PARA TRANSMISSAO,03D7
284B12714R,MODULO DE CONTROLE ELETRONICO AUTOMATICO,03D7
8200764717,HASTE DE COMANDO DO COMPENSADO,03D7
349202062R,CJ DA MANOPLA DA TRANSMISSAO DE VEIC AUT,03D7
906009578R,FECHADURA DE METAL DO PORTAMALAS DE VEI,03D7
8200005279,JUNTA DE AÇO DO COLETOR DE ADM,03D7
6001550928,HASTE DE COMANDO DO COMPENSADOR DO FREIO,03D7
460204913R,TAMPA INDICADORA DO NIVEL DE FLUIDO DE F,03D8
254291224R,INTERRUPTEUR CONDAMNATION LVE AR,03E1
803319862R,GUARNICAO DE BORRACHA DO VIDRO VEIC AUTO,03E1
656178961R,FECHO DE METAL COMUM DO CAPO DE VEICULO,03E1
8200107373,ACABAMENTO PLASTICO DA FECHADURA DO PORT,03E1
8200211651,CORREIA DE TRANSMISSAO SEM FIM, DE BORRA,03E1
140352460R,JUNTA DE VEDACAO EM BORRACHA, DO COLETOR,03E1
7701470363,BRACO DA DIRECAO DE VEICULO AUTOMOVEL,03E1
7701049270,PRESILHA PLASTICA MULTIFUNCIONAL DE USO,03E1
8200078548,ABRACADEIRA DE ACO MULTIFUNCIONAL PARA U,03E1
7700314064,DISCO DE FREIO PARA VEICULO AUTOMOVEL,03E1
682606935R,ACABAMENTO DO PAINEL DE INSTRUMENTOS DA,03E1
546148103R,ABRACADEIRA DE ACO CONJUNTO DO EIXO,03E1
825021680R,FECHADURA ELETRICA PARA ACIONAMENTO DE T,03E1
7701477013,POLIA REGULADORA DE TENSAO DE USO EM VEI,03E1
306100030R,BOMBA HIDRAULICA, VOLUMETRICA ALTERNATIV,03E1
8201735864,GABARITO PARA FURACAO DO CARTER DE OLEO,03E1
8200269231,ENGRENAGEM DO VIRABREQUIM DE VEICULO AUT,03E1
687604547R,PAINEL DE INSTRUMENTOS DA CARROCARIA DE,03E1
809609748R,ELEMENTO DE FECHAMENTO DO PAINEL DA PORT,03E1B
8200947837,CILINDRODELINHADEDISTRIBUIÇÃODEACE,03E2
8200612649,GRADE DO PARACHOQUES DA CARROCARIA DE VE,03E2
804010770R,DOBRADICA DE ACO DO CAPO,03E2
281153047R,AUTORADIO  RECEPTOR DE RADIODIFUSAO COM,03E2
250606875R,MEDIDOR DO NIVEL DE COMBUSTIVEL DE VEICU,03E2
410143577R,04LIPER DO FREIO DE VEICULO AUTOMOVEL,03E2
805031910R,FECHADURAMETALCOMUMPORTA,03E2
240118749R,JOGO DE FIOS ELETRICOS (CHICOTE ELETRICO,03E2
281150131R,APARELHO RECEPTOR DE RADIODIFUSAO COMBIN,03E2
122233484R,BRONZINA DO MANCAL INFERIOR,03E2
511654628R,MOLDURA DE ACABAMENTO DO PARACHOQUES DE,03E3
231A08303R,MODULO ELETRONICO DE CONTROLE DA CARROCE,03E3
440013696R,PINCA DO FREIO DE VEICULO AUTOMOVEL,03E3
7701473652,COBERTURA EM BORRACHA VULCANIZADA NÃO EN,03E3
8200703347,APARELHO DE SINALIZACAO ACUSTICA (BUZINA,03E3
482036715R,JUNTA,03E3
164465616R,TUBULACAO DO SISTEMA DE ALIMENTACAO DE C,03E3
8200501939,ATUADOR ELETRICO DE CORRENTE CONTINUA,03E3
7700415087,SUPORTE DE FIXACAO DE BORRACHA VULCANIZA,03E3
7701470769,PRESILHA PLASTICA MULTIFUNCIONAL DE USO,03E3
8200004645,CONTRAPINO DE ACO, REVENIDO E GALVANIZAD,03E3
8200240468,MOLDURA PARA ACABAMENTO DO FAROL DE NEBL,03E3
231000543R,ALTERNADORP/VEÍCAUTO,03E3
7701205742,CILINDRO MESTRE DO FREIO DE VEICULO AUTO,03E3
8200454989,PROTETOR DA CAIXA DE RODAS PARA CARROCAR,03E3
463161053R,TUBULACAO RIGIDA COM FORMATO PROPRIO PAR,03E3
252160005R,INTERRUPTOR ELETRICO DA PORTA LATERAL EM,03E3
7700435270,COXIM,03E4
265551026R,FARO TRASERO IZQ X65 NC BASE NEGRA,03E4
822359038R,COBERTURA DE ACABAMENTO DA COLUNA PARA C,03E4
8200771294,SENSORDEOXIGENIO(SONDALAMBDA),03E4
8200649356,TAMPA FABRICADA EM ACO, PROPRIA PARA CUB,03E4
8200981266,POLIA DE USO EM VEICULO AUTOMOVEL,03E4
8201609643,KIT DE BORRACHA VULCANIZADA NAO ENDURECI,03E4
240157742R,FIACAO ELETRICA  DO TIPO CHICOTE ELETRIC,03E4
806076771R,MACANETA DE PLASTICO,03E4
768529060R,ETIQUETA AUTOADESIVA DE POLICLORETO,03E4
7700352489,MACANETA DE PLASTICO DA PORTA DE VEICULO,03E5
262991837R,LÃmpada W21/5W,03E5
132021650R,VALVULA DE ESCAPE PARA MOTOR DE IGNICAO,03E5
ACRRETRO,ESPELHO RETROVISOR 2 E M 1 SAFE TRAVEL,03E5
8200273585,DISPOSITIVO DE METAL COMUM PARA TRAVAMEN,03E5
7700100010,INTERRUPTOR ELETRICO PARA TENSAO < 1000V,03E5
7782101275,SUPORTE DE FIXACAO DO PARALAMA DA CARROC,03E6
7701474025,ANEL PLASTICO ANTIBRAÇÃO DO MOTOR DE VEÍ,03E6
7703041042,CLIPE EM PLASTICO PA66, FIXACAO ELEMENTO,03E6
822823500R,ACABAMENTO PLASTICO AUTOADESIVO,03E7
7701471373,PARAFUSO NAO PERFURANTE ROSCADO DE ACO L,03E7
7701204540,ROTOR E COBERTURA DO GERADOR DE SINAIS E,03E7
905423589R,PLACA DE PROTECAO DO PORTA MALAS PARA CA,03E8
252907372R,MÓDULO COMPOSTO DE COMBINAÇÃO, EM INVÓLU,03E8
252100502R,ATUADORES ELETRICOS PARA GERENCIAMENTO E,03E8
7711426161,COBERTURA DA CAIXA DE RELES,03F1
277209267R,SENSOR DE TEMPERATURA ATIVA DO TIPO NTC,,03F1
8200364873,SUPORTE PLASTICO PARA FIXACAO DE FAROL D,03F1
241635060R,JOGO DE FIOS ELETRICOS COM CONECTORES, I,03F1
682526152R,TAMPA DO PORTALUVAS DO PAINEL DE INSTRU,03F1
1102600QAB,BUJAO NAO ROSCADO DE COBRE,03F1
870190636R,CHICOTE BANCO DIANTEIRO LADO DIREIRO E E,03F1
7700308167,LIMITADOR DA PORTA PARA CARROCARIA DE VE,03F1
888401626R,TIRA DO CINTO DE SEGURANCA,03F1
8200197767,TUBO DE BORRACHA VULCANIZADA NAO ENDUREC,03F1
402066693R,DISCO DE FREIO MONTADO NO CUBO DA RODA D,03F1
641609488R,SUPORTE DE METAL COMUM,03F1
397413283R,PROTETOR DA SAPATA DO SEMI EIXO DA TRAN,03F1
7701471140,JUNTA METALOPLASTICA DE VEDACAO DE USO E,03F1
7701474633,TAMPA PLASTICA DE ACABAMENTO DA CAIXA,03F1
111458280R,SENSOR PARA MEDIDA DO NIVEL DE OLEO DO M,03F1
7700434370,SUPORTE DE FIXACAO DE BORRACHA VULCANIZA,03F1
8200692278,COLLIER RGE,03F1
8200745718,GRADE PARACHOQU TRAS,03F2
8200904700,COXIM DE BORRACHA E ELEMENTOS METALICOS,03F2
8200689362,BOMBA DE COMBUSTIVEL PARA MOTOR DE IGN,03F2
7711733357,SUPORTE DE CELULAR COM BASE DE SILICONE,03F2
485215612R,ROTULA AXIAL ACOMPANHADA DE COIFA E PRES,03F2
969244757R,KIT DE MANUAIS DUSTER 2019,03F2
805060001R,HASTE DO MECANISMO DA FECHADURA DA PORTA,03F2
7703019198,PARAFUSO NAO PERFURANTE ROSCADO DE ACO L,03F2
ACRARLA,ARLA 32,03F2
8200617221,JUNTA EM BORRACHA VULCANIZADA NÃO ENDURE,03F2
963737894R,COBERTURA DE PLASTICO, DO TIPO COQUILHA,03F3
289308338R,ESGUICHO DO LIMPADOR DE PARABRISA DE VEI,03F3
848901118R,EMBLEMA PLASTICO PARA VEICULO AUTOMOVEL,03F3
6001548235,EMBLEMA EM PLASTICO DE USO EM VEICULO AU,03F3
23300BV81A,MOTOR ELETRICO DE ARRANQUE PARA MOTOR DE,03F3
8200176035,SUPORTE DE FIXAÇÃO DO PÁRACHOQUE D,03F3
410146649R,CALIPER DO FREIO DE VEICULO AUTOMOVEL,03F3
8200674127,ENGRENAGEM DA CAIXA DE MARCHAS DE VEICUL,03F3
7703046149,ECROU TOLE POUR VIS TOLE 4,2,03F3
326015772R,ALAVANCA DA MARCHA DE VEICULO AUTOMOVEL,03F3
8200076256,INTERRUPTORELÉTRICO,03F3
7703065254,ANEL DE BORRACHA VULCANIZADA NAO ENDUREC,03F3
8200412202,COBERTURA DE RODA PARA CARROCARIA DE VEI,03F4
166077213R,BICO INJETOR DE COMBUSTIVEL PARA MOTOR D,03F4
7703081151,CLIPMAINTIEN,03F4
8200166664,PROTETOR PLASTICO PARA BATERIA DE VEICUL,03F4
8200074362,APARELHO ELETRICO (LUZ DO TETO) DE ILUMI,03F4
888422180R,FIVELA DO CINTO DE SEGURANCA PARA CARROC,03F4
8200562775,ENGRENAGEM DO DIFERENCIAL DE VEICULO AUT,03F5
132857192R,ESPACADOR EM ACO DE MONTAGEM DO MOTOR DE,03F5
231764482R,PROTETORDOALTERNADOR,03F5
888426369R,FECHO DE METAL COM COBERTURA PLASTICA PA,03F5
440A00024R,PINO DA PINÇA DO FREIO DE VEICULO AUTOMO,03F5
130708160R,TENSOR DE CORRENTE DE SINCRONISMO,03F5
231A02188R,MODULO ELETRONICO DE CONTROLE DA CARROCE,03F5
7703002776,PARAFUSO NAO PERFURANTE ROSCADO DE ACO L,03F6
307588321R,PORCA ROSCADA DE ACO LIGA COM PROCESSO D,03F6
7700351346,BATENTE DE ACO DA PORTA DE VEICULO AUTOM,03F6
687607266R,AERADOR INTERNO DA CARROCARIA DE USO EM,03F6
255704283R,MÓDULO COMPOSTO DE COMBINAÇÃO, EM INVÓLU,03F6
224333529R,BOBINA DE IGNICAO COM APLICACAO EM MOTOR,03F6
8200765567,SUPORTE EM METAL DE FIXAÇÃO DO RADIADO,03F6
289402304R,TUBO DE BORRACHA VULCANIZADA NÃO ENDUREC,03F6
620929146R,ABSORVEDOR DE IMPACTO DO PARA CHOQUE DE,03F6
277200003R,RESISTENCIA DO TIPO TERMISTOR,03F7
7702295820,FIXAÇÃO DO CINTO DE SEGURANÇA SEM SWITH,03F7
802935774R,COBERTURA INTERNO DO ESPELHO RETROVISOR,03F7
8200035448,SUPORTE DO SILENCIOSO DO ESCAPAMENTO DE,03F7
7700302122,BUCHA DE BORRACHA COM COMPONEN,03F8
253C76383R,SUPORTE PLASTICO DO SENSOR DE ESTACIONAM,03F8
7700410199,INTERRUPTOR ELETRICO PARA TENSAO DE 12V,03F8
8200152643,REFLETOR (CATADIÓPTRICO) DO PARACHOQUE,03F8
489702120R,MANOPLA DE REGULAGEM DA COLUNA DE DIREAC,03F8
120A14422R,JOGO DE PISTOES PARA MOTOR DE IGNICAO PO,03G02
963215589R,ESPELHO RETROVISOR PARA VEICULO AUTOMOVE,03G1
767484539R,PROTETOR DA RODA,03G1
7701040849,LAMPADA HALOGENA DE FILAMENTO DE TUNGSTE,03G1
807210008R,MECANISMO ACION VIDRO ELETR P/ AUTO,03G1
6001550467,ALAVANCA DE REGULAGEM DO ASSENTO DE VEIC,03G1
658326380,REVESTIMENTO DE ACABAMENTO,03G1
8200036888,POLIA  DO VIRABREQUIM,03G1
212305728R,VALVULA SOLENOIDE COM CORPO EXTERNO DE P,03G1
687608285R,GRADE DE VENTILACAO DO PAINEL DASH PARA,03G1
663503654R,SUPORTE DE ARTICULACAO TRASEIRO,03G1
243800011R,CAIXA DE CONEXAO ELETRICA DOS FUSIVEIS D,03G1
8200280610,TAMPA PLASTICA DO MEDIDOR DE COMBUSTIVEL,03G1
497307557R,SUPORTE SIMPLES EM ACO GALVANIZADO, PARA,03G1
7701057429,PRESILHA PLASTICA MULTIFUNCIONAL DE USO,03G1
8200504652,ABRACADEIRA DE ACO PARA USO EM VEICULO,03G2
7700421249,COIFA DA ALAVANCA DA CAIXA DE MARCHAS DE,03G2
7701057544,PAINEL DE COMANDO SISTE DE CLIMATIZACAO,03G2
7701419313,OLEO LUBRIFICANTE A BASE DE PETROLEO OU,03G2
809549193R,COBERTURA PLASTICA DO PUXADOR DA PORTA D,03G2
8200207313,MANGA DE EIXO DIANTEIRO PARA VEÍCUL,03G2
1672115900,JUNTA METALOGRAFICA DO MOTOR DE VEICULO,03G2
479101292R,GERADOR DE SINAL (SENSOR DE VELOCIDADE),03G2
990469326R,BANDE DECORATIVE PORTE AR D,03G2
7701208252,DISCO FREIODIANT 8' SOLIDO,03G3
8200439496,APARELHO ELETRICO (BREAKLIGHT) DE SINAL,03G3
963747198R,COBERTURA DE PLASTICO DO ESPELHO RETROVI,03G3
7701039765,ESPELHO RETROVISOR EMOLDURADO DE VEICULO,03G3
7702271556,ALARME KEYLESS COMPLETO COM SIRENE,03G3
7700352940,APARELHO ELETRICO (LUZES FIXAS) DE SINAL,03G3
8200057679,COBERTURA DA DOBRADICA PARA CARROCARIA D,03G3
7717001755,ASSENTO AUTOMOTIVO CAIXA INSTITUTO,03G3
809607097R,PLACA DE ACABAMENTO DO PAINEL DE COMANDO,03G3
826732320R,PUXADOR INTERNO DE PLASTICO DA PORTA DE,03G3
8200310506,TUBO BORR NAO REFORCADA S/ACESSORIO,03G3
995509521R,MACACO MANUAL PARA VEICULO AUTOMOVEL,03G3
924005095R,TUBO DE BORRACHA VULCANIZADA NAO ENDUREC,03G3
7701667030,CUBODESINCRONISMODACAIXADEMARCHAS,03G3
7703062062,ARRUELA DE COBRE,03G3
7701068373,ESTRUTURA DO ESPELHO RETROVISOR DA PORTA,03G3
164468118R,TUBO DE ALIMENTACAO DE COMBUSTIVEL,03G3
253C78757R,SUPORTE PLASTICO, POLIPROPILENO, DO SENS,03G3
8200219755,ETIQUETA AUTOADESIVA DE PLASTICO DE USO,03G4
668228686R,OBTURADOR DA GRADE DE ENTRADA DE AR PARA,03G4
7782101276,SUPORTE DE FIXACAO DO PARALAMA DA CARROC,03G4
829503811R,BOITIER PREHENSION D,03G4
8200117154,DEFLETORÓLEOCXMARCHASP/AUTO,03G4
544C49266R,TIRANTE ACUSTICO DIR,03G4
130124822R,PARAFUSO DE ACO ROSCADO PARA FIXACAO DE,03G4
7703097184,LAMPADA DE INCANDESCENTE 12V 1,2 W DE US,03G5
8201517342,JOGO DE GUARNICOES PLASTICA DE USO VEICU,03G5
739410013R,ALCA DE PLASTICO DO TETO DE VEIC AUTO,03G5
878402916R,COBERTURA DA GUIA DO CINTO DE SEGURANCA,03G5
909309588R,ELEMENTO DE FECHAMENTO DO PORTA MALAS DA,03G5
844002579R,DOBRADIÇA FABRICADA EM AÇO PARA MONTAGEM,03G5
7703008220,PARAFUSO EM ACO BAIXO CARBONO, TEMPERA E,03G5
8200667750,TUBO DE BORRACHA VULCANIZADA NAO ENDUREC,03G5
132311124R,VALVULA DA ARVORE DE CAMES DE MOTOR POR,03G5
7703602216,PARAFUSO FLANGEADO, EM ACO LIGA, TEMPERA,03G6
121500604R,JOGO DE BRONZINAS COM DIAMETRO INFERIOR,03G6
806072631R,MACANETA DE PLASTICO DA PORTA DE VEICULO,03G6
7701049263,LÂMPADA 12V 55W,03G7
7703033178,PORCA ROSCADA DE ACO MEDIO CARBONO,03G7
8200113205,BASE PLASTICA DO APARELHO ELETRICO DE,03G7
223658341R,SENSOR DE PRESSAO PARA VEICULO AUTOMOVEL,03G8
240188333V,JOGO DE FIOS ELETRICOS(CHICOTE ELETRICO),03G8
7701477748,SENSOR DE PONTO MORTO DO MOTOR DE VEICUL,03G8
383428H500,ANEL RETENTOR DE BORRACHA COM MOLA,03G8
7701206763,JOGO DE PASTILHAS DO FREIO DE VEICULO AU,03H01
113753301R,CALCO DO MOTOR DO LADO DIREITO DE USO EM,03H1
8200522747,SUPORTE PARA FIXACAO DA BOMBA INJETORA P,03H1
8201018716,COMPRESARCOND,200FRIG/HORP/VEÍC,03H1
7701205778,KIT ROLAMENTO DIANTEIRO DIAM 65 MM,03H1
132523930R,ESPACADOR EM ACO DE MONTAGEM DO MOTOR DE,03H1
904704679R,DOBRADICA DE ACO DA PORTA,03H1
8200840770,COMPRESSORDOARCONDICIONADOPARA,03H1
8200723741,ESTRUTURA DO SISTEMA DA SUSPENSAO DE VEI,03H1
165001183R,FILTROENTRADAARMOTORVEICAUTO,03H1
122239644R,BRONZINA DO MANCAL INFERIOR,03H1
7701049892,EIXO SUPORTE DO BALANCIM DO COMANDO DE V,03H1
8200331252,SUPORTE EM METAL DE FIXACAO DO PARACHOQU,03H2
7701477777,BRONZE,03H2
6001549444,BOMBA CENTRIFUGA DO LIMPADOR DE PARABRI,03H2
120A15807R,PISTAO P/ MOTOR DE IGNICAO POR CENTELHA,03H2
768F30007R,FRISO DE PLASTICO,03H2
8200068687,EMBLEMA DE PLASTICO PARA VEICULO AUTOMOV,03H2
285980194R,ANTENA PARA APARELHO DE RADIOTELECOMANDO,03H2
7701474855,PISTOES+ANEIS MOTOR IGNICAO POR CENTELHA,03H2
6001550034,ESPELHO RETROVISOR PARA USO EM VEICULO A,03H3
648600942R,BRIDE MAINTIEN BATTERIE,03H3
850442537R,SUPORTE PLASTICO DO PARACHOQUE DE VEICUL,03H3
7703101617,PARAFUSO NAO PERFURANTE ROSCADO DE ACO L,03H3
8200613256,MOLA HELICOIDAL CILINDRICA DE USO NA SUS,03H3
254218614R,INTERRUPTEUR LEVEVITRE ELECTRIQUE,03H3
8200699732,ACABAMENTO DA COLUNA DA PORTA PARA CARRO,03H3
7701058200,ESPELHO RETROVISOR DE USO NA CARROCARIA,03H4
7700433127,PORTINHOLA DE ENCHIMENTO DO TANQUE DE CO,03H4
288100236R,MODULO DE CONTROLE ELETRONICO DO MOTOR,03H4
628905168R,EMBLEMA PLASTICO DA CARROCARIA DE VEICUL,03H4
8200701488,TAMPA PLASTICA (ESPUMA DE POLIETILENO) D,03H4
546122461R,BUCHA PLASTICA DA BARRA ESTABILIZADORA P,03H4
397955574R,KIT VEDACAO DA CAIXA DE MARCHAS DE VEICU,03H4
7701477195,VALVULA DE ESCAPE PARA MOTOR DE IGNICAO,03H5
7701478633,BRONZINA PARA USO EM MOTOR DE VEIC AUTO,03H5
806706868R,COMANDO P FECHAR INT DIR,03H5
8200104736,TUBULACAO DE LIMPEZA VIDRO AUTOMOVEL,03H5
253C74053R,SUPORTE EM PLASTICO DO SENSOR DE ESTACIO,03H6
824305607R,LIMITADOR EM METAL COMUM DA PORTA PARA C,03H6
215016620R,TUBO EM BORRACHA VULCANIZADA NÃO ENDUREC,03H6
998106012R,CHAVE ACOMPANHADA,03H6
8200324665,TUBO DE BORRACHA VULCANIZADA NAO ENDUREC,03H6
804301552R,SUPORTE EM METAL COMUM DA PORTA,03H6
7701472643,TAMPA DO BOCAL DO TANQUE DE COMBUSTIVEL,03H6
135100369R,ANEL DE BORRACHA VULCANIZADA NAO ENDUREC,03H6
132314330R,TUCHO HIDRAULICO,03H6
118267062R,TUBO DE BORRACHA VULCANIZADA NAO ENDUREC,03H6
328947263R,KIT DA TRAVA DE VEICULO AUTOMOVEL,03H7
172021219R,BOMBA DE COMBUSTIVEL DE MOTOR,03I1
7700410276,FRISO DE PLASTICO PARA CARROCARIA DE VEI,03I1
441510001R,PLACA DE PROTECAO DO FREIO DE VEICULO AU,03I1
122079025R,BRONZE COM DIAMETRO INTERNO INFERIOR A 2,03I1
7700434628,SUPORTE EM METAL COMUM DE FIXACAO DA CAI,03I1
999106963R,Manual de Proprietário 20 2010,03I2
8200808652,CORREIA DE TRANSMISSAO SEM FIM, DE BORRA,03I2
544658921R,HASTE DE CONTROLE DA VIBRACAO DO MOTOR D,03I2
551205828R,BIELA LIGACAO SUPORTE DO EIXO TRASEIRO,03I3
8200532221,TAMPA DO PORTA FUSIVEIS DA CARROCERIA DE,03I3
8200809800,ARVORE SECUNDARIO DA CAIXA DE MARCHAS,03I3
922400590R,SELO DE BORRACHA PARA TERMINAL/ GROMETE,03I3
8201052430,JUNTA METALOPLASTICA DA BOMBA DE AGUA,03I3
7703033171,ECROU H EMBASE  M5X080 8 SA1GS,03I3
8200687600,BRACO DE FIXACAO DO BERCO DO M,03I3
478406277R,SUPORTE EM METAL COMUM DE FIXACAO DO BLO,03I3
6001548614,EIXO DA CAIXA DE MARCHAS DE VEICULO AUTO,03I3
7701043913,CILINDRO HIDRAULICO DE MOVIMENTO RETILIN,03I3
749999630R,PRESILHA DE PLASTICO MULTIFUNCIONAL PARA,03I4
121000583R,BIELA PARA MOTOR DE PISTAO DE IGNICAO,03I4
8200675981,PROTECAO PLASTICA AUTOADESIVA PARA LATE,03I4
7702295243,FECHADURA DA PORTA DIANTEIRA,03I4
121007141R,BIELA EM ACO CARBONO PARA APLICACAO EM M,03I4
410117724R,ESTRIBO DO FREIO PARA VEICULO AUTOMOVEL,03I5
7701470090,CONJUNTO PARA BATENTE DE BORRACHA VULCAN,03I5
798700003R,GRADE DE ENTRADA DE AR PARA CARROCARIA D,03I5
809616983R,ACABAMENTO DE PLASTICO DO PAINEL ELETRIC,03I5
6001550133,KIT DA TAMPA DO RESERVATORIO DE COMBUSTI,03I5
7701769552,JGANELSINCRONISMOCXMARCHAS,03I5
7700433075,MACANETA DE PLASTICO DE VEICULO AUTOMOVE,03I6
8200478024,COIFA DA ALAVANCA DE CONTROLE PARA CAIXA,03I6
6001547472,COXIM DE BORRACHA VULCANIZADA NAO ENDURE,03I6
8200694685,MONOGRAMME AR,03I6
8200574740,GANCHO EM METAL COMUM DE FIXACAO NA PORT,03I7
8200051548,TAMPA DE FECHAMENTO DO MOTOR,03I8
208252585R,COLAR DE EXAUSTÃO DO ESCAPAMENTO,03I8
8200759985,MACACO MANUAL PARA ELEVACAO DE VEICULO A,03J02
121119823R,BRONZINA PARA BIELA DE MOTOR DE VEICULO,03J1
121508768R,BRONZE DO VIRABREQUIM DO MOTOR COM DIAME,03J1
271152290R,CONDENSADOR DO AR CONDICIONADO DE VEICUL,03J1
391011023R,SEMI EIXO DE TRANSMISSAO SEM DIFERENCIAL,03J1
8200841817,FIACAO ELETRICA  DO TIPO CHICOTE ELETRIC,03J2
430144196R,PARAFUSO FLANGEADO EM ACO LIGA, TRATAMEN,03J3
113750652R,SUPORTE MOTOR  COXIM,03J3
8200151995,COXIM ELASTICO DE BORRACHA PARA FIXACAO,03J3
7700849001,EMBLEMAPLÁSTICODACARROCERIA,03J3
511101577R,SUPORTE DO ANEL DE REBOQUE DE USO EM VEI,03J4
511159675R,SUPORTE DE FIXACAO DO ANEL DE REBOQUE NA,03J4
511151823R,SUPORTE DE FIXACAO DO ANEL DE REBOQUE NA,03J4
255670116R,JOGOS DE FIOS ELETRICO(CHICOTE ELETRICO),03J4
8200250911,ARRUELA NAO ROSCADA DE ACO LIGA,03J5
764M06716R,JUNTA EM BORRACHA VULCANIZADA NAO ENDURE,03J5
8200937730,TAMPAO OBTURADOR PLASTICO DE USO EM VEIC,03J5
8200778366,PLACA MECANICA PARA ACIONAMENTO DE PORTA,03J6
7701473543,PARAFUSO NAO PERFURANTE ROSCADO DE ACO L,03J6
7701468331,DOBRADICA DE METAL COMUM DA PORTA PARA V,03J6
8200189865,BATENTE SUPERIOR DA BANDEJA DA SUSPENSAO,03J6
7700351343,MECANISMO EM ACO DA FECHADURA DA PORTA V,03J7
112539961R,SUPORTE EM METAL COMUM DE ACOPLAMENTO FI,03J7
7700411279,TAMPA DE PLASTICO DO RESERVATORIO DE AGU,03J8
111218103R,JUNTA DE BORRACHA VULC NAO ENDURECIDA,03J8
7703015109,PARAFUSO DO TIPO PRISIONEIRO COM PORCA G,03J8
7701040923,JUNTA DE BORRACHA VULCANIZADA NAO ENDURE,03J8
255678545R,JOGOS DE FIOS ELETRICO(CHICOTE ELETRICO),03K1
122018733R,VIRABREQUIM EM ACO 38MNSIV5 PARA APLICAC,03K2
110413659R,CABECOTE DO MOTOR DE IGNICAO POR CENTELH,03L02
281448063R,ALTO FALANTE NAO MONTADO EM SEU RECEPTAC,03PS
391956,PALHETA,03PS
1350038,T-10 AGUA DESMINERALIZADA 1L,03001
13500201,VERNIZ PROTETOR PARA MOTORES BRAZZO,03004
1350328,LIMPA BICO GDI,03005
8550507700,ADITIVO MULT FLEX,03005
8550507708,LIMPEZA FLEX 200ML,03006
1350247,DPF CLEANER,03007
1350022,GRAXA BRANCA,03008
1350194,LIMPA FREIOS 150ML,03009
1350264,MAGIX - LIMPA EVAPORADOR 500ML/312G,03010
1350197,PROTECTOR SPRAY - PROTETOR PARA POLOS DE BATERIA 1,03011
1350230,DESCARBONIZANTE CARBOSOL 100ML,03012
1350136,ATREAT,03014
1300021,LIMPA PARABRISA,03015
8550507707,LIMPA PARA BRISA - 100ML MOTRIO,03016
1350040,GRAXA BRANCA SPRAY,03016
1350327,KIT LIMPA TELAS,03017
PX3001,POWER LCI DESCARBONIZANTE GDI 500ML,03018
1300825,T-25 FLUIDO RADIADOR,03019
1350341,BIO AIR LIMPA,03020
8550507706,LIMPA AR NÃO INFL UNIQUE,03020
1300824,T-20 FLUIDO,03021
8550507705,KIT LUBRIFICACAO MOTRIO,03022
1350117,OTIMIZADOR COMBUSTIVEL,03023
7700838546,FECHADURA DE METAL COMUM COM ATUADOR DA,03024
261B05577R,APARELHO ELETRICO LUZES EXT DE VEIC AUTO,03025
112204BB0A,COXIM DE BORRACHA ENDURECIDA,03026
878163865R,FECHO CINTO SEGURANCA SANDERO/LOGAN,03027
217413804R,TUBO DE BORRACHA REFORCADO COM MATERIA T,03028
8200707433,SUPORTE PLASTICO PARA FIXACAO DO EMBLEMA,03029
908783861R,BATENTE EM BORRACHA VULCANIZADA NÃO ENDU,03031
685000042R,PORTA OBJETOS DO PAINEL DE INSTRUMENTOS,03031
7703077117,CLIPE FABRICADO EM PLASTICO POLIAMIDA (P,03032
215422405R,CANTONEIRA DE METAL COMUM FIXACAO PARA R,03033
8200728639,CINZEIRO PARA CARROCARIA DE VEICULO AUTO,03033
7703602349,PARAFUSO FLANGEADO EM ACO LIGA, TRATAMEN,03034
7711733883,MOLDURA DIANTEIRA DO PARACHOQUE,03035
7701041346,CONEXAO DE PLASTICO PARA TUBO DE VEICULO,03036
7703002666,PARAFUSO M6X10043 10 9 SA2GD,03037
8200800258,TAMPA PLASTICA DO BOCAL DE ENCHIMENTO DE,03039
252904905R,MÓDULO COMPOSTO DE COMBINAÇÃO, EM INVÓLU,03040
243220470R,COBERTURA DO COMPARTIMENTO DOS FUSIVEIS,03041
262923820R,LAMPADA INCANDESCENTE PARA TENSAO INFERI,03042
990427604R,EMBLEMA PLASTICO PARA VEICULO AUTOMOVEL,03043
7702266012,LÂMP HALOGÊNIO 12V USO VEÍC AUTO,03046
758907137R,SUPORTE DO BERCO DO MOTOR DE VEICULO AUT,04A01
758907835R,PROTETOR DO CARTER DO MOTOR DA CARROCARI,04A01
7701476745,KIT TENSIONADOR DA CORRENTE DE COMANDO D,04A1
7702271543,CAPOTA PARA CARROCARIA DE VEICULO AUTOMO,04A1
8200805743,VIRABREQUIM,04A1
749029415R,REVESTIMENTO ASSOALHO PARA CARROACARIA D,04A1
749023734R,TAPETE DE CARPETE PARA CARROCERIA,04A1
544015014R,BERCO DE AÇO PARA FIXACAO DO MOTOR DE VE,04A1
0160819,FAROL H7/H1 GOL/SAVEIRO/VOYAGE GVI 2013/2016 LE,04A1
0160757,FAROL VERSAO MOLDURA DARK CHROME CELTA 2011, PRISM,04A1
0160708,FAROL H4 MASCARA METALIZADA FIORINO / UNO MILLE /,04A1
214817904R,VENTILADOR DE VEICULO AUTOMOVEL,04A1
823012108R,VIDRO TEMPERADO LATERAL,04A1
260100576R,APARELHO ELETRICO (FAROL) DE ILUMINACAO,04A2
758909545R,TAMPA ABAIXO DO MOTOR DE VEICULO AUTOMOV,04A2
150103110R,BOMBA INJETORA DE OLEO LUBRIFICANTE PAR,04A2
0160124,FAROL (200622),04A2
260606852R,APARELHO ELETRICO (FAROL) DE ILUMINACAO,04A2
0160758,FAROL VERSAO MOLDURA DARK CHROME CELTA 2011, PRISM,04A2
873318742R,ACABAMENTO DE PLASTICO PARA ASSENTO,04A3
809006917R,REVESTIMENTO DO PAINEL DA PORTA,04A4
985259420R,BOLSA INFLAVEL DE SEGURANCA(AIR BAG),04A4
803017718R,VIDRO DA PORTA DIANT E,04A4
823018733R,VIDRO TEMPERADO LATERAL,04B1
224830,FLUIDO DE FREIO 500 ML,04B1
110101542R,Bloco B4D 402 Flex LS,04B1
121004942R,BIELA COM FUNCAO DE TRANSMITIR A FORCA G,04B1
2223615940,CAIXA DA SAIDA DE AGUA PARA MOTOR DE IGN,04B2
482037616R,COLLECTION SOUFFLET CREMAILLERE,04B2
924900197R,TUBO DE ALUMINIO DA VALVULA DO COMPRESSO,04B2
924801362R,TUBO DE EXP DA VALVULA DO COMP,04B3
391011811R,SEMIEIXO DE TRANSMISSAO SEM DIFERENCIAL,04B3
0160391,FAROL H4 CELTA 2001/2005 LE,04B3
391013158R,SEMI EIXO DE TRANSMISSAO PARA VEICULO AU,04B3
6001551409,JG LONA DO FREIO P/ AUTOMOVEL,04B3
978180449R,ETIQUETA PLASTICA AUTOADESIVA,04B6
7717084883,FRISO DE PORTA DO VEÍCULO NA COR BRANCO,04B7
960109863R,ACABAMENTO DO PARACHOQUE DE VEICULO,04B9
8200460151,TUBO ABSORCAO VAPOR,04C1
628950019R,SUPORTE FIXADOR DE PLASTICO PARA SER UTI,04C1
484000954R,VOLANTE DA DIRECAO DE VEICULO AUTOMOVEL,04C1
809021093R,TIRA EM PLASTICO DE ACABAMENTO DA PORTA,04C1
964016924R,PARASOL  PARA CARROCERIA DE VEICULO AUTO,04C1
8200234651,JUNTA DE VEDACAO PARA MOTOR DE IGNICAO,04C1
7701066442,BRACO DO LIMPADOR DE PARABRISAS PARA VEI,04C1
850226301R,PARACHOQUE DE VEICULO AUTOMOVEL,04C1
485204680R,HASTE DE LIGACAO DO SISTEMA DE DIRECAO D,04C1
8200870926,COBERTURA EM PLASTICO DA MACANETA DA POR,04C1
8200619599,MECANISMO DE ELEVACAO DO VIDRO ELETRICO,04C1
7702270196,JOGO DE TAPETES DE BORRACHA VULCANIZADA,04C1
681049394R,MOLDURA DE ACABAMENTO DO PAINEL DE INSTR,04C1
764M05370R,JUNTA DE BORRACHA VULCANIZADA NAO ENDURE,04C1
751332207R,ELEMENTO DE FECHAMENTO DA CARROCERIA DE,04C1
749417459R,ISOLANMENTO DE PISO DIANTEIRO ESQ.,04C1
261A27562R,MOLDURA DE ACABAMENTO DO FAROL DE NEBLIN,04C1
8200771004,SEMI EIXO DE TRANSMISSAO SEM DIFERENCIAL,04C1
233006904R,MOTOR DE ARRANQUE PARA MOTORES IGNICAO P,04C11
172025057R,BOMBA DE COMBUSTIVEL DE MOTOR,04C11
8200883928,COMPENSADOR DO SISTEMA DE FREIO,04C2
825132914R,HASTE DE FECHAMENTO DA PORTA PARA CARROC,04C2
7700352700,APARELHO ELETRICO (CAIXAS DE LUZES COMBI,04C2
8200577913,EXTENSAO DO PARACHOQUES DE VEICULO AUTOM,04C2
7700313764,TUBO DE ABASTECIMENTO DO TANQUE DE COMBU,04C2
0160761,FAROL HB20 / HB20 SEDAN 2014/ MOLDURA PRETA TEXTUR,04C2
306101808R,CILINDRO MESTRE DO FREIO, UTILIZADO EM V,04C2
873352878R,MOLA EM ACO DE ARMADURA DO ASSENTO,04C3
112106541R,COXIM ANTIVIBRACAO DO MOTOR DE VEICULO,04C3
8200027562,TUBO DE BORRACHA VULCANIZADA NAO ENDUREC,04C3
759230307R,SUPORTE DE FIXACAO DO BERCO DO MOTOR DA,04C3
924750001R,JUNTA DE BORRACHA VULCANIZADA NAO ENDURE,04C3
864008128R,ENCOSTO DE CABECA DO ASSENTO DE VEICULO,04C3
873201208R,REVESTIMENTO DE COBERTURA DO ASSENTO,04C3
0160653,FAROL H4 CARCAÇA CINZA GOL/PARATI/SAVEIRO GERAÇAO,04C3
130201KA0C,ARVORE DE CAMES,04C3
6001551120,BRACO DO LIMPADOR DE PARABRISAS PARA VEI,04C3
7701048678,JUNTA DE ACO DE USO MULTIFUNCIONAL EM VE,04C4
8200124784,CHICOTE PARACHOQUE,04C4
200104775R,DESCIDA DE ESCAPAMENTO, COMPOSTO,04C4
8200882222,CAPA PLASTICA DO SENSOR ABS DE VEICULO A,04C4
8200314591,DEFLETOR DE AR DO RADIADOR PARA CARROCAR,04C4
402063149R,DISCO DE FREIO,04C4
808310294R,GAXETA DA PORTA FORMADA POR PERFIL DE BO,04C5
738868990R,BARRA LONGITUDINAL DO TETO  DA CARROCAR,04C5
149129495R,TUBULACAO COM TAMANHO E FORMATO PROPRIO,04C5
265900027R,LUZ DE FREIO (ALTO),04C5
0160392,FAROL H4 CELTA 2001/2005 LD,04C5
8200740828,MOLDURA CENTRAL DO PARACHOQUE DIANTEIRO,04C6
8200240388,CABO DE LIBERACAO DA TRAVA DO CAPO PARA,04C6
620728224R,ACABAMENTO DO PARACHOQUE DE VEICULO AUT,04C6
8200459649,JUNTA DE ACO METALOPLASTICA DE USO EM,04C6
6001550790,CILINDRO DA FECHADURA COM CHAVE,04C6
551218396R,BIELA LIGACAO SUPORTE DO EIXO TRASEIRO,04C6
287815304R,BRACO DO LIMPADOR DE PARABRISAS PARA VE,04C6
8200073120,ROLAMENTO DE ROLETES CONICOS, EM ACO,,04C6
978183043R,ETIQUETA PRECONIZACAO RENAULT,04C7
7701044613,JUNTA DE BORRACHA VULCANIZADA NAO ENDURE,04C7
805061801R,HASTE DE ABERTURA DA PORTA PARA CARROCAR,04C7
8200114673,SUPORTE PLASTICO DO PARACHOQUE PARA CARR,04C8
7701066443,BRACO DO LIMPADOR DE PARA BRISA DE VEIC,04C8
8200889843,CABO DA CAIXA DE MARCHAS DE VEICULO AUTO,04C9
7750842349,CANTONEIRA DE FIXACAO DO PARACHOQUE PAR,04C9
8200073162,CABO DE COMANDO DO ACELERADOR DE VEICULO,04C9
ACR14,FILTRO DE OLEO-CAPTIVA 3.6 V6 2008/CAP TIVA 3.6 V6,04D1
8200735438,PROTETOR PARA CAIXA,04D1
308514690R,TUBO DA EMBREAGEM DE VEICULO AUTOMOVEL,04D1
8200165079,MOLDURA ALTO FALANTE PORTA,04D1
6001550358,TUBULACAO EM ALUMINIO DO SISTEMA DE AR C,04D1
8200833558,CORREIA DE TRANSMISSAO DE BORRACHA VUL,04D1
7703102041,PARAFUSO ROSCADO DE ACO LIGA, TEMPERADO,,04D1
873707649R,COBERTURA DE REVESTIMENTO DO ASSENTO,04D1
7700431512,INTERRUPTORELÃ#TRICOPARAVEÃ#CULOA,04D2
272773277R,FILTRO DO ESCAPAMENTO DE VEICULO AUTOMOV,04D2
543027772R,AMORTECEDOR DIANTEIRO DA SUSPENSAO DE VE,04D2
964002713R,PARASOL MONTADO NO TETO DA CARROCARIA DE,04D2
403003695R,RODA EM LIGA DE ALUMINIO, PARA VEIC AUTO,04D2
331149638R,ANEL RETENTOR DE BORRACHA VULCANIZADA NA,04D2
543029417R,AMORTECEDOR DO SISTEMA DE SUSPENSAO DE V,04D2
132022959R,VALVULA DE ADMISSAO PARA MOTOR,04D3
8200740825,ENTRADA DE AR PARA CARROCARIA DE VEICULO,04D3
8660089527,JOGO DE PASTILHA DE FREIO AUTOMOTIVA  M,04D3
638300001R,PROTETOR DA CAIXA DE RODA PARA CARROCARI,04D3
7701208075,KIT DO ROLAMENTO DE USO EM VEICULO AUTOM,04D3
243825499R,COBERTURA DA UNIDADE DE INTERCONEXAO DO,04D3
175B19863R,PROTETOR DA RAMPA DE INJECAO DE COMBUSTI,04D3
964001152R,PARASOL DA CARROCARIA DE VEICULO AUTOMO,04D3
180107523R,PEDAL DO ACELERADOR ELETRÔNICO CONSTRUÍD,04D4
825121893R,TRINGLE CONDAMNATION INT PORTE AR D,04D4
0160756,FAROL H4 CORSA CLASSIC SEDAN 2011/ LD,04D4
175066349R,TUBULACAO EM PLASTICO POLIAMIDA, COM 2,5,04D4
8201193131,CHAVE DE PORCA (CHAVE DE RODA) DE USO MA,04D6
287804595R,BRACO DO LIMPADOR DE PARABRISAS PARA VEI,04D7
284B17681R,MODULO DE CONTROLE ELETRONICO AUTOMATICO,04E1
289158965R,CANALETA RESERVATORIO LIQUIDO,04E1
8200060841,PEDAL DA EMBREAGEM PARA VEICULO AUTOMOVE,04E1
8200395507,TAMPA DO MOTOR DE IGNICAO POR CENTELHA P,04E2
7703602090,PARAFUSO FLANGEADO, EM ACO LIGA, TEMPERA,04E2
8200195801,TUBO DE BORRACHA VULCANIZADA,04E2
111100489R,CARTEROLEOMOTOR,04E2
638306037R,PROTETOR DA PASSAGEM DE RODA PARA CARROC,04E3
7701473980,TAMPA DE DCABAMENTO DO FAROL DE NEBLINA,04E3
7711171940,JOGO DE PALHETAS DO LIMPADOR DE PARABRIS,04E3
8200547534,CHAVE DE RODA DE USO MANUAL DE ABERTURA,04E3
8200531537,SUPORTE EM PLASTICO DE FIXACAO DO PARACH,04E3
8201279378,SENSORDEACELERACAOEDESACELERACAODO,04E3
8200308650,CUBO DA RODA DE VEICULO AUTOMOVEL,04E3
825077575R,TRINGLE COMMANDE OVRT INT AR G,04E3
805131400R,TRINGLE LIAISON VERROU G,04E3
805122935R,HASTE DE ACIONAMENTO DA TRAVA DA PORTA D,04E3
275424060R,CABO DE COMANDO DO SISTEMA DO AR CONDICI,04E3
806093201R,HASTE DE ABERTURA DA PORTA PARA CARROCAR,04E3
806089255R,HASTE DA MACANETA DA PORTA DE VEICULO AU,04E3
788307786R,PORTINHOLA DE ENCHIMENTO DO TANQUE DE CO,04E3
7702266274,PALHETA DO LIMPADOR DE PÁRABRISA,04E3
400103826R,MANGA DE EIXO DE VEICULO AUTOMOVEL AV D,04E4
288904292R,PALHETA DO LIMPADOR DO PARA BRISA DE VEI,04E4
284B67365R,CAIXA DE DISTRIBUCAO ELETRICA EQUIPADA,04E4
964013495R,PARA SOL DA CARROCARIA,04E5
8200449008,ALCA DE PLASTICO DO TETO DE VEICULO AUTO,04E5
877006983R,DESCANSA BRACO DO BANCO,04E5
397415949R,PROTETOR DA SAPATA DO SEMI EIXO DE TRANS,04E6
285973979R,CARTAO DE RADIOTELECOMANDO (RF), PARA SI,04E6
271504162R,RESISTENCIA ELETRICA FIXA DE POTENCIA IN,04E6
908127124R,ACABAMENTO PLASTICO DA TAMPA TRASEIRA,04E6
803301660R,MOLDURA DE BORRACHA VULCANIZADA NÃO ENDU,04E7
255679073R,CONTROLADOR PROGRAMAVEL COM TENSAO DE 12,04F1
402108067R,ROLAMENTO DE ESFERA DIANTEIRO DE USO EM,04F1
540107728R,MOLA DE ACO HELICOIDAL CILINDRICA,04F1
7700818314,RODA DE ACO PARA VEICULOS AUTOMOVEIS,04F1
482031190R,COIFA DE BORRACHA PARA PROTECAO DA COLUN,04F1
8660089522,Palheta Flat Blade par  Fluence MOTRIO,04F2
8200409288,SUPORTE PLASTICO DO PARACHOQUE PARA CARR,04F2
7701056814,PALHETA DO LIMPADOR DO PARA BRISA DE VEI,04F2
8200409286,SUPORTE PLASTICO DO PARACHOQUE DE VEICUL,04F2
8200666434,MOLA DE ACO HELICOIDAL CILINDRICA DE VEI,04F2
8200158162,DEFLETOR DE AR DO RADIADOR PARA CARROCAR,04F2
165554107R,DUTO DE ENTRADA DE AR DO MOTOR DE VEICUL,04F2
261A24554R,MOLDURA DE ACABAMENTO DO FAROL DE NEBLIN,04F3
8200932488,TUBO DE BORRACHA VULCANIZADA NAO ENDUREC,04F3
322756344R,ROLAMENTO DE ROLETE CÔNICO DA CAIXA,04F3
214988134R,GUIA DE ENTRADA DE AR EXTERNO PARA VEICU,04F3
8200019181,ARVORE DE CAMES PARA COMANDO DE VALVUL,04F3
7701477540,SORTIDO COMPOSTO POR POLIA DE ROLAMENTO,04F4
7701477709,ALTERNADOR DE VEICULO AUTOMOVEL,04F4
287902095R,PALHETA DO LIMPADOR DE PARABRISAS,04G1
111408024R,VARETA PARA MEDIDA DO NIVEL DE OLEO DE V,04G2
8200735314,SENSORES INDUTIVOS DE MOVIMENTO CONTENDO,04G2
8200827922,ARVORE DE CAMES PARA COMANDO DE VALVUL,04K3
7711733702,ESTRIBO,04PS
216061XS0A,TROCADOR DE CALOR TUBULAR METALICO, DO S,04001
8200561251,VELAAQUECIMENMOTORIGNICENTELCOMPRES,04001
8200702781,CARTERMOTORD4D760FLEXFUEL,04001
985701757R,BOLSA INFLAVEL DE SEGURANCA COM SISTEMA,04001
8200171678,MOLDURA MOVEL DO EIXO DA PORTA,04002
410016657R,CALIPER DO FREIO DE VEICULO AUTOMOVEL,04003
764362537R,ACABAMENTO PLASTICO DA SOLEIRA LD PARA C,04004
8201615585,GRAMPO DE PLASTICO DE USO EM VEICULO AUT,04005
226300717R,TERMISTOR DOTADO DE ENVOLUCRO E CONECTOR,04006
7700799404,SUPORTE DE METAL COM BUCHA DE BORRACHA D,04007
540501160R,BATENTE DE BORRACHA VULCANIZADA NAO ENDU,04008
922704486R,VALVULA DE EXPANSAO,04009
7700352204,COBERTURAPLÁSTICADABASEDA,04010
8200062947,TAMPA PLASTICO DO BOCAL DE ENCHIMENTO DE,04011
8200200188,ROLAMENTO DE ROLETES CONICOS, EM ACO,,04012
403154214R,TAMPA PLASTICA CENTRAL DA CALOTA DA RODA,04013
231769503R,PROTETOR DO ALTERNADOR DE VEICULO AUTOMO,04014
7700864738,ORING DE BORRACHA VULCANIZADA NAO ENDUR,04015
7700869464,TAMPA DE BORRACHA VULCANIZADA NAO ENDURE,04016
6001550524,CINTOSSEGURANCADIANTESQ,04017
130706246R,POLIA TENSIONADORA DE VEICULO AUTOMOVEL,04018
7703019211,PARAFUSO FLANGEADO, EM ACO LIGA, TEMPERA,04019
777884708R,BATENTE,04019
7703067313,CAVILHA NAO ROSCADA DE ACO MEDIO CARBONO,04021
214982630R,DEFLETOR DE AR LATERAL PARA CARROCARIA D,04021
7703044165,PORCA,04022
7700314855,BUCHA DE BORRACHA VULCANIZADA NAO ENDURE,04023
40311MD01A,VALVULA PARA PNEUMATICA (BICO DO PNEU) P,04024
963490001R,COBERTURA DO ESPELHO RETROVISOR PARA,04025
7703081127,CLIPE MANUTENCAO,04026
349202931R,BOMBA DE VELOCIDADE,04027
7701064296,JUNTA DE BORRACHA VULCANIZADA NAO ENDURE,04028
7703034266,PORCA FLANGEADA M10 EM ACO LIGA, TEMPERA,04029
8200920658,CLIPE DE FIXACAO EM PLASTICO POLIETILENO,04030
135109470R,JUNTA DE BORRACHA VULCANIZADA NAO ENDURE,04031
206510005R,SUPORTE DO CATALISADOR,04032
7703074554,OBTURADORES FUSIVEIS E TERMO FUSIVEIS, O,04033
7703079830,CLIPE FABRICADO EM PLASTICO POLIAMIDA (P,04034
7711229410,PROTETOR DE BORRACHA PARA CHICOTE D,04034
656231342R,ALAVANCA DE PLASTICO DE ABERTURA,04035
7703633008,PORCA ROSCADA DE ACO BAIXO CARBONO,04036
383422716R,JUNTA DE VEDACAO MECANICA, DO TIPO JUNTA,04037
252904889R,INTERRUPTOR ELETRICO PARA TENSAO DE 12V,04038
7703002942,PARAFUSO NAO PERFURANTE ROSCADO DE ACO L,04039
8200699748,ACABAMENTO DA COLUNA DA PORTA PARA CARRO,04039
479708794R,ANEL MAGNETICO DE ACO PARA USO EM VEICUL,04040
7702295606,EXTINTOR DE INCENDIO DE USO EM VEICULO A,04041
8200001918,SELO DE BORRACHA PARA TERMINAL,04042
7705096011,REBITE CEGO TUBULAR, EM ALUMINIO, COM HA,04043
248803859R,VISOR PROPRIO PARA APRESENTACAO EM PAINE,04044
995530941R,MANIVELA EM ACO PARA CARROCARIA DE VEI,04045
846104896R,ALAVANCA DE ACIONAMENTO INTERNO PARA ABE,04046
7703081225,CLIP,04047
8200267272,ANEL DE BORRACHA VULCANIZADA NAO ENDUREC,04048
848909804R,EMBLEMA PLASTICO PARA VEICULO AUTOMOVEL,04049
8201705104,JUNTA BOMBA OLEO,04050
7701479111,JUNTA DE BORRACHA VULCANIZADA NAO END,04051
8200526598,SUPORTE PLASTICO DO PARACHOQUE DIANTEIRO,04052
402626211R,PORCA FLANGEADA M18, DE ACO LIGA, TEMPER,04053
7711575168,COLA DESTINADA A TRAVAR QUIMICAMENTE A C,04054
908907625R,EMBLEMA FABRICADO EM PLASTICO ACRILONITR,04055
7701407061,COLLIER,04056
7700351262,JUNTA DE BORRACHA VULCANIZADA,04057
121105213R,BRONZINA DA BIELA SUPERIOR,04057
846101274R,ALAVANCA PLASTICA DE ABERTURA DA PORTINH,04058
7703008187,PARAFUSO EM ACO LIGA, TEMPERA E REVENIME,04059
7700111985,TUBULACAO PLASTICA DO SISTEMA DE ARREFEC,04060
7703053930,ARRUELA DE ACO,04060
326106387R,JOGO DE ANEIS DE SINCRONISMO DA CAIXA DE,04061
7702266006,LÂMP HALOGÊNIO 12V USO VEÍC AUTO,04062
130203792R,ARVORE DE CAME PARA COMANDO DE VALVULA,04063
8201712784,CORREIAS DE TRANSMISSAO SEM FIM,04063
8200830187,CORREIA DE TRANSMISSAO SEM FIM, DE BORRA,04064
7701475193,SORTIDO COMPOSTO POR POLIA REGULADORA DE,04064
265552477R,APARELHO ELETRICO CAIXA DE LUZES COMBINA,04065
7703077470,CLIP PLASTICO PARA BRACO DA SUSPENSAO DE,04066
7703602271,PARAFUSO FLANGEADO, EM ACO LIGA, TEMPERA,04067
7703002639,PARAFUSO NAO PERFURANTE ROSCADO DE ACO L,04068
8200776737,ALAVANCA TRAVA DA PORTA,04069
995539205R,MANIVELA MANUAL EM ACO DE USO EM VEICUL,04070
631442115R,CANTONEIRA DE METAL COMUM PARA FIXACAO,04071
8200128959,INJETORCOMBUSTÍVELMOTORK4M(GIRO40º),04074
7701476522,ANEL EM ACO DE APOIO DA CAIXA DE MARCH,04075
7701049483,ANEL DE VEDACAO EM BORRACHA VULCANIZADA,04075
7782272754,DOBRADICA DE METAL COMUM DA PORTA PARA V,04076
118267232R,TUBO DE BORRACHA VULCANIZADA, NAO ENDURE,04076
8200018949,ROLAMENTO DE ESFERAS DE CARGA RADIAL DE,04077
963182497R,ACABAMENTO DO RETROVISOR PARA CARROCARIA,04078
7703008242,PARAFUSO EM ACO LIGA TRATAMENTO TERMICO,04079
7703004176,PARAFUSO CONICO M8 EM ACO LIGA (C: 0,19%,04080
7703034213,PORCA FLANGEADA M14 EM ACO LIGA, TEMPERA,04081
151882356R,PARAFUSO EM ACO LIGA TRATAMENTO TERMICO,04082
990455264R,ETIQUETA AUTOADESIVA DE POLICLORETO DE,04083
8200584570,PARAFUSO DO COLETOR DE ADMISSÃO,04084
397215767R,JUNTA TIPO TRIZETA,04084
806717698R,CONJUNTO COMANDO ABERTURA INTERNA PORTAS,04085
7701207158,JOGO DE PECAS PARA REPARO DO FREIO DE VE,04085
7703080111,CLIP MAINTIEN DIAM 10,04086
7703083470,ABRACADEIRA DE ACO,04087
210148509R,JUNTA DE VEDACAO DE BORRACHA VULCANIZADA,04088
286207825R,POMPE L/PBR B/P BIDIRECTIONNEL,04089
121101504R,BRONZINA PARA BIELA PARA MOTOR DE VEICUL,04090
121107726R,BRONZINA DA BIELA SUPERIOR,04090
7703002709,PARAFUSO NAO PERFURANTE ROSCADO DE ACO L,04091
658330001R,CAPA DE ACABAMENTO DA ARTICULACAO DO CAP,04092
261656470R,APARELHO ELETRICO DE SINALIZACAO VISUAL,04093
204825649R,PARAFUSO DE ACO NAO ROSCADO PARA FIXACAO,04094
990D09807R,ETIQUETA PLASTICA AUTOADESIVA EM ROLO D,04095
7703074683,TAMPAO OBTURADOR PLASTICO,04096
7703033155,PORCA ROSCADA DE ACO LIGA. COM PROCESSO,04097
638746155R,COBERTURA PLASTICA DO CANTO SUPERIOR DA,04098
8200281966,ESPUMA PLASTICA AUTOADESIVA FRONTAL,04098
7703009290,PARAFUSO NAO PERFURANTE ROSCADO,04099
7701207257,ETIQUETA AUTOADESIVA, PLANA, EM PLASTIC,04099
9035651C00,ESPACADOR EM BORRACHA VULCANIZADA NAO EN,04101
908313233R,ANTI RUIDO DE ESPUMA PLASTICA PARA CARRO,04102
905030010R,FECHADURA DE METAL COMUM DA PORTA DE V,04103
684950001R,SUPORTE DE PLASTICO DE FIXACAO DO INTERR,04104
658320001R,CAPA DE ACABAMENTO DA ARTICULACAO DO CAP,04104
7703003007,PARAFUSO NAO PERFURANTE ROSCADO DE ACO L,04105
123094581R,PARAFUSO NAO PERFURANTE,04106
8200052312,ANEL DE BORRACHA VULCANIZADA NAO ENDUREC,04107
7703077354,CLIP PLASTICO DE ACABAMENTO DA JANELA DE,04107
7700353757,TRANCA DE ACO PARA FECHADURA DE VEICULO,04108
289304888R,ESGUICHO DO LIMPADOR DE PARABRISA,04109
804304453R,LIMITADOR EM METAL COMUM DA PORTA PARA C,04110
988308712R,SENSOR REMOTO DE LEITURA DE ACELERAÇAO P,04111
7703034252,PORCA ROSCADA DE ACO LIGA. COM PROCESSO,04112
8200337665,RELE PARA UMA TENSAO NAO SUPERIOR A 60V,04113
7703072362,REBITE TUBULAR EM ALUMINIO, UTILIZADO NA,04114
822756153R,MOLDURA DE ACABAMENTO, EM PLÁSTICO, PARA,04115
341404375R,TRAVA PARA ENGATE DA MARCHARE DO MECANI,04115
489387363R,PORCA ROSCADA HEXAGONAL DE ACO LIGA COM,04116
7703633011,PORCA ROSCADA DE ACO LIGA,04117
7700302123,BUCHA DE BORRACHA VULCANIZADA NAO ENDURE,04118
805650466R,CHAVE CANIVETE COM ALARME (APARELHO,04119
ACRPOSI,ALARME AUTOMOTIVO POSITRON CYBER EX360,04120
7703083469,ABRACADEIRA EM ACO, FIXACAO DE ELEMENTOS,04121
252160002R,INTERRUPTOR DA PORTA,04122
122072398R,BRONZE DO VIRABREQUIM DO MOTOR COM DIAME,04123
990904163R,ETIQUETA AUTOADESIVA EM ROLO DE POLICLO,04123
6001550441,EIXO DE LIGACAO EM ACO PARA COLUNA DE DI,04124
7703034212,PORCA FLANGEADA M14 EM ACO LIGA, TEMPERA,04125
8200205619,ABRAÇADEIRA FABRICADA EM MATERIAL PLÁSTI,04126
8200916138,ENGRENAGEM PINHAO DA CAIXA DE MARCHAS,04127
7703043132,PORCA FLANGEADA M8 EM ACO LIGA (C: 0,08%,04129
8200497816,MANCAL CARROCERIA,04130
111459423R,SENSORDEPRESSAO,04130
8200587964,ANEL NAO ROSCADO DE ACO,04131
7700830210,ETIQUETA PLASTICA AUTOADESIVA DE USO EM,04131
6001544283,BUCHA DE BORRACHA VULCANIZADA NAO ENDURE,04132
848900620R,EMBLEMA PLASTICO DA CARROCARIA DE VEICUL,04133
147107644R,VALVULA DO TIPO BORBOLETA DE USO EM VEIC,04134
233005223R,MOTOR DE ARRANQUE DE MOTOR,04135
7717003729,CARREGADOR SEM FIO RENAULT CAPTUR,04137
8200936108,COBERTURA DO COMANDO DE DISTRIBUICAO PAR,04137
8200908180,TENSOR DA CORREIA DENTADA DO MOTOR DE VE,04138
7703602228,PARAFUSO FLANGEADO, EM ACO LIGA, TEMPERA,04139
930622593R,ETIQUETA AUTOADESIVA DE PLASTICO DA CAR,04139
265650004R,REFLETOR (CATADIOPTRICO) DO PARACHOQUE,04140
261604623R,APARELHO ELETRICO DE SINALIZACAO VISUAL,,04140
265573HN0A,ANEL ISOLANTE DE PLASTICO DE USO MULTIFU,04141
7717001757,REDE DE PROTEÇAO INSTITUTO,04142
7703002914,PARAFUSO NAO PERFURANTE ROSCADO DE ACO L,04143
8200675980,FILME PLASTICO AUTOADESIVO PARA LATERAL,04144
6040098027,PORCA ROSCADA DE ACO PARA FIXACAO DE USO,04146
7703179099,PRESILHA PLASTICA,04147
121111186R,BRONZINA DE BIELA,04148
8201048885,JUNTA DE VEDACAO MECANICA DA CAIXA DE MA,04149
322033100R,ROLAMENTO DE ROLETES CILINDRICOS DE CARG,04150
7703085037,ABRAÇADEIRA FABRICADA EM MATERIAL PLÁSTI,04151
321132360R,RETENTOR EIXO PILOTO DO KWID,04153
8200939861,TAMPAO OBTURADOR PLASTICO MULTIFUNCIONAL,04154
8200425460,PARAFUSO NAO PERFURANTE ROSCADO DE ACO L,04155
287805150R,BRACO DO LIMPADOR DE PARABRISAS,04157
7703602303,PARAFUSO NAO PERFURANTE ROSCADO DE ACO L,04158
623829690R,ACABAMENTO DA GRADE DO RADIADOR, EM PLÁS,04159
7703002809,PARAFUSO NAO PERFURANTE,04160
7700307271,ELEMENTO EM TERMOPLASTICO DO EIXO DA TRA,04161
8200789528,SENSOR DE POSICAO DO EIXO DO COMANDO D,04161
623183730R,RIVET FIX BANDEAU BOUCLIER,04162
960159263R,ENTRADA DE AR DO FILTRO DE AR UTILIZADO,04163
8200822162,MANOPLA DA ALAVANCA DA CAIXA DE MARCHAS,04164
826721919R,CONJUNTO COMANDO ABERTURA INTERNA PORTAS,04165
7703081233,PRESILHA PLASTICA DE FIXACAO DO ACABAMEN,04166
8200661294,ABRACADEIRA DE ACO PARA USO EM VEICULO,04167
7701046800,FECHADURA DE METAL COMUM DA PORTA DE VEI,04168
8200485540,BARRA DE PROTECAO PARA PORTA,04168
260921212R,PONTET EQUERRE INDEXAGE PROJECTEUR G,04170
7703002823,PARAFUSO DE ACO,04171
7701062342,CHICOTE ELÉTRICO P/ AUTOMÓVEL,04171
7717001758,LIT ALIMENTA CAO,04172
479504412R,GERADOR DE SINAIS, DO TIPO SENSOR DE VEL,04174
253251456R,INTERRUPTOR ELETRICO PARA TENSAO DE 12V,04175
122807064R,FLANGE PARCIAL DE PARADA,04176
656238547R,ALAVANCA PLASTICA DE ABERTURA DO CAPO PA,04177
7703081223,PRESILHA PLASTICA MULTIFUNCIONAL DE USO,04178
8200476809,MODULO COMPOSTO DE UM OU MAIS INTERRUPTO,04179
806073178R,MACANETA DE PLASTICO DA PORTA DE VEICULO,04180
487037978R,PARAFUSO DE FIXAÇÃO DO CONTROLE DE PARTI,04181
7700414484,MICRORELAIS20/1,04182
7700844253,RELE ELETROMAGNETICO PARA TENSAO NAO SUP,04183
7703083414,ABRACADEIRA DE ACO PARA USO EM VEICULO A,04184
7701473164,JOGO DE ANEIS DE VEDACAO DE BORRACHA VUL,04185
9635057280,GERADOR DE SINAL (SENSOR DE VELOCIDADE),04186
878245526R,MOLDURA EM PLASTICO PPMD20 PARA ACABAME,04187
7701071133,ROLAMENTO DE ESFERAS DE CARGA RADIAL, FA,04188
990905380R,ETIQUETA AUTOADESIVA EM PVC,04189
054000001R,REBITE PLASTICO PARA FIXACAO DO PARACHOQ,04190
809600028R,COBERTURA DE FECHAMENTO DO PAINEL DA POR,04191
8200242600,INTERRUPTOR DE ACIONAMENTO DO VIDRO ELET,04192
7701478777,JUNTA DE BORRACHA VULCANIZADA NAO ENDURE,04193
7703002676,PARAFUSO EM ACO LIGA TRATAMENTO TERMICO,04194
8200746339,PARAFUSO ROSCADO DE ACO LIGA COM PROCESS,04195
7703017130,PARAFUSO TORX AUTOPERFURANTE ROSCADO, DE,04196
7703033141,PORCA ROSCADA DE ACO LIGA COM PROCESSO D,04197
7700822136,APARELHO ELETRICO (LUZ INDICADORA DE MAN,04198
465310981R,COIFFE PEDALE FREIN,04200
806550002R,ACABAMENTO PLASTICO DA MAÇANETA DA PORTA,04201
8200004887,PLACA DE ACO DISTRIBUICAO DO EIXO COMAND,04202
255704649R,COMANDO ELETRICO DO RETROVISOR EXTERNO,04203
7703074649,TAMPAO OBTURADOR PLASTICO,04204
8200224952,PROTETOR DE BORRACHA VULCANIZADA NAO END,04205
7703081224,PRESILHA PLASTICA MULTIFUNCIONAL DE USO,04206
8200121560,PARAFUSO DE ACO LIGA, TEMPERADO, REVENID,04207
969359409R,COIFA DE BORRACHA  DE VEICULO AUTOMOVEL,04208
8200874407,PEDAL DO FREIO COM SUPORTE DE VEICULO,04208
164033036R,FILTRANTE DO CARBURADOR DE USO EM VEICUL,04210
963662420R,ESPELHO RETROVISOR P/ VEIC AUTO,04211
8660089582,JOGO DE PASTILHAS DE FREIO DE VEICULO AU,04212
272772132R,FILTRO DE AR DO SISTEMA DE AR CONDICIONA,04213
8660089588,JOGO DE PASTILHAS DE FREIO DE VEICULO AU,04214
272779203R,FILTRO DE AR DO SISTEMA DE AR CONDICIONA,04216
410604483R,ALMOFADA DO FREIO DE VEICULO AUTOMOVEL,04217
272778970R,FILTRO DE AR DO SISTEMA DE VENTILACAO DE,04218
410600222R,PASTILHA DE FREIO DE VEICULO AUTOMOVEL,04219
265506912R,APARELHO ELETRICO CAIXA DE LUZES COMBINA,04220
165467751R,FILTRO DE ENTRADA DE AR PARA MOTOR DE VE,04221
7701475913,CORREIA DE TRANSMISSAO POLYV PERFIL 4PK,04222
479006272R,SENSOR DE MEDIDA DE VELOCIDADE DA RODA D,04223
8200469337,MOLA DE APOIO DO BALANCIM DO COMANDO DE,04225
7703602248,PARAFUSO NAO PERFURANTE ROSCADO DE ACO L,04226
7700352177,COBERTURA DE PLASTICO DO ESPELHO RETROVI,04227
7701208363,JOGO DE ANEIS DE VEDACAO DE BORRACHA VUL,04228
7703602379,PARAFUSO FLANGEADO EM ACO LIGA, TRATAMEN,04229
8200651353,ABSORVEDOR DE IMPACTO DO PARA CHOQUE DE,04231
562707897R,BARRA DE ACO DE FIXACAO PARA CARROCARIA,04232
8200274233,ALAVANCA PARA ABERTURA DO CAPÔ, DE PLÁST,04233
7703602257,PARAFUSO NAO PERFURANTE ROSCADO DE ACO L,04234
282153494R,ANTENA PARA RECEPCAO DE SINAL DE RADIOFR,04234
7703602059,PARAFUSO FLANGEADO, EM ACO LIGA, TEMPERA,04235
6001549983,EMBLEMA PLASTICO PARA USO EM VEICULO,04235
805079402R,TRINGLE CONDAMNATION INT PORTE AV G,04236
8200040500,EMBLEMA PLASTICO PARA CARROCER,04237
638124649R,ALARGADOR CAIXA DE RODA DIANTEIRA,04238
8200030640,JUNTA PLÁSTICA DE VEDAÇÃO,04239
112205FF0B,COXIM PARA MONTAGEM E FIXACAO DO MOTOR,,04240
252906226R,MÓDULO COMPOSTO DE COMBINAÇÃO, EM INVÓLU,04242
7711732190,REDE PORTA OBJETOS DO PORTA MALAS,04243
969243650R,KIT MANUAL DUSTER HJD - 2020,04244
925931428R,TUBO DO EVAPORADOR E CONDENSADOR DE VEIC,04245
802851835R,ACABAMENTO DE PLASTICO AUTO ADESIVO PARA,04246
8200031628,FECHO DE METAL COMUM DA PORTA DE VEICU,04247
985109024R,MODULO DE GERENCIAMENTO AIR BAG,04248
226905987R,SENSOR DE OXIGENIO (SONDA LAMBDA) DE USO,04249
6001550443,PIVOT CX DIRECAO DIR,04250
654010006R,DOBRADICA DE METAL COMUM DO CAPO PARA VE,04251
823886708R,JUNTA DE BORRACHA VULCANIZADA NAO ENDURE,04252
996357218R,CINTO MANUTENCAO MACACO,04253
7705010121,BUCHA DE ACO,04254
251636581R,COBERTURA DO SUPORTE DO INTERRUPTOR DO P,04254
287900968R,BRACO DO LIMPADOR DE PARABRISA DE VEICUL,04255
848903630R,MONOGRAMA,04257
166003549R,INJETOR DE COMBUSTIVEL DE MOTOR DE IGNIC,04258
906007984R,FECHADURA DO PORTAMALAS DE VEICULO AUTO,04260
115607283R,INJETOR DE OLEO LUBRIFICANTE PARA MOTOR,04260
8200115115,SUPORTE EM PLASTICO DO EMBLEMA DE USO EM,04261
166002389R,INJETOR DE COMBUSTIVEL PARA MOTOR DE IGN,04262
7700426450,ANEL AMORTECEDOR,04263
7705035035,PINO DE ACO LIGA  TEMPERADO GALVANIZADO,04264
253C64264R,SUPORTE PLASTICO DO SENSOR DE ESTACIONAM,04264
489673402R,PORCA FLANGEADA M12, DE ACO LIGA, TEMPER,04266
322501809R,PINHAO 2 MARCHA,04267
208182925R,SUPORTE EM METAL DO CONVERSOR CATALITICO,04267
8200077656,MOLAHELICOIDALCILINDRICAEMACOP/AUT,04268
322047132R,ANEL DE TRAVAMENTO, NAO ROSCADO, EM ACO,04269
7703074522,TAMPAO OBTURADOR PLASTICO,04270
623827083R,ENJOLIVEUR D GRILLE SUP ENTREE AIR,04271
990F26050R,ETIQUETA PLASTICA AUTOADESIVA DE POLIPRO,04272
930620687R,ETIQUETA AUTOADESIVA DE POLICLERETO,04274
990F20435R,ETIQUETA PLASTICA AUTOADESIVA DE POLIPRO,04274
7703090450,ROLAMENTO DE ROLETE CONICO DE CARGA RADI,04275
152413953R,VALVULAS DE ALIVIO PARA MOTORES,04280
8201607999,ARRUELA DE LIGA DE ACO,04283
130258852R,VARIADOR DE FASE DE EIXO DE COMANDO DE V,04284
231009869R,ALTERNADOR PARA VEICULO AUTOMOVEL,04285
8200499015,GUARNICAO SUPERIOR DO PORTA MALAS,04286
8200053030,RAMPA DE ALIMENTACAO DO BICO INJETOR DE,04287
476604304R,MODULO DE CONTROLE DE ESTABILIDADE E ANT,04288
288902078R,BRACO DO LIMPADOR DE PARABRISAS DE VEICU,04289
7707002016,PARAFUSO NAO PERFURANTE ROSCADO DE ACO L,04290
130216960R,RODA DENTADA DO VIRABREQIM DO MOTOR DE V,04291
328020410R,ANEL DA CAIXA DE MARCHAS DE VEICULO AUTO,04291
905700010R,BATENTE DE METAL COMUM DA TAMPA DO POR,04292
7703081232,CLIP,04293
121110784R,BRONZINA DA BIELA SUPERIOR,04294
121103705R,BRONZINA DA BIELA SUPERIOR,04295
296B20856R,INTERRUPTOR ELETRICO PARA TENSAO DE 12V,04296
8201705139,GAXETA EM ELASTOMERO ACRILICOS DE ETILEN,04297
8200316994,BATENTE DE BORRACHA VULCANIZADA NAO ENDU,04298
7705190408,PORCA FLANGEADA M8 EM ACO LIGA, TEMPERA,04299
326075710R,ANEL SINCRONIZADOR DA CAIXA DE MARCHAS D,04300
254010003R,INTERRUPTOR ELETRICO PARA TENSAO IGUAL A,04300
8200671286,MEDIDOR DE PRESSÃO DO OLEO DO MOTOR PARA,04301
101012417R,JOGO DE JUNTAS DE COMPOSICAO DIFERENTES,04302
285979239R,APARELHO DE RADIOTELECOMANDO, UTILIZADO,04303
284H56729R,SUPORTE PLASTICO DO SENSOR DE ESTACIONAM,04303
824302084R,TRAVA DE ACO DA PORTA DE VEICULO AUTOMOV,04304
8200276360,CONTATOR ELETRICO PARA VELOCIDADE DE CRU,04305
7700799093,BUCHA DE PLASTICO, PARA MONTAGEM DA CAIX,04306
8200754138,FRISO DECORATIVO, EM PLASTICO AUTOCOLANT,04307
631464016R,SUPORTE LATERAL DIANTEIRO DA CARROCERIA,04308
7700872833,PARAFUSO NAO PERFURANTE ROSCADO DE ACO L,04311
7701062206,JUNTA EM ACO INOXIDAVEL DA BOMBA A VACUO,04312
285C72123R,COBERTURA PLASTICA COM LOGOMARCA DA CHAV,04313
237313661R,SENSOR ELETRONICO,04315
284389618R,CAPTEURSURVEILLANCEANGLEMORT,04315
402340629R,TAMPA EM ACO DO CUBO DA RODA DE VEICULO,04316
846404934R,MANOPLA EM METAL DE ABERTURA DA TAMPA PO,04317
850452611R,GUIA PLASTICO DE FIXACAO DO PARACHOQUE,04318
8200602853,DEFLETOR DE AR DO PARACHOQUE,04319
623845770R,MOLDURA DE ACABAMENTO DA GRADE DO RADIAD,04321
215A76831R,SUPORTE DE PLASTICO DA GUIA DE AR DE VEI,04321
963734621R,COBERTURA DE PLASTICO DO ESPELHO RETROVI,04323
985104724R,DISPOSITIVO ELETRONICO PARA CONTROLE DO,04324
161203668R,VALVULA DO TIPO BORBOLETA DE USO EM VEIC,04325
909300814R,PROTETOR PLASTICO DO ACABAMENTO DA TAMPA,04326
8200167448,ABRAÇADEIRA AÇO P/ VEÍC AUTO,04327
988302781R,SENSOR REMOTO DE LEITURA DE ACELERACAO P,04328
8200469331,APOIODAVÁLVULADEADMISSÃOPARAM,04329
487004184R,Cilindro de fechadura,04330
7701209235,CHAVE ACOMPANHADA DE APARELHO DE RADIOTE,04331
617098,OLEO MOTOR,04332
624985,FILTRO,04332
0W30X,OLEO DO MOTOR ULTRAMAX FORCE 0W30 SINTETICO GT-OIL,04333
628615,OLEO MOTOR 5W40 MAXI,04333
603209,FILTRO OLEO LUBRIFICANTE,04334
8200613055,BOMBA INJETORA DE COMBUSTIVEL PARA MOTOR,05A02
749026581R,REVESTIMENTO COM FORMATO PROPRIO DO ASSO,05A1
749027862R,REVESTIMENTO DO ASSOALHO PARA CARROCARIA,05A1
807200009R,MECANISMO EM METAL COMUM PARA ELEVACAO M,05A1
6001550848,REFORCO EM METAL DE FECHAMENTO DA CARROC,05A1
260605849R,APARELHO ELETRICO (FAROL) DE ILUMINACAO,05A1
7752295305,PAINEL DA PORTA PARA CARROCARIA DE VEICU,05A1
679005500R,ISOLADOR ANTIRUIDO COM FORMATO E TAMANH,05A1
214980556R,CONVERGENTE INFERIOR DA ENTRADA DE AR DO,05A1
161206364R,INJECAO ELETRONICA (CORPO DE BORBOLETA),05A1
760221944R,PAINEL LATERAL DA CARROCARIA DE VEICULO,05A1
7701477814,JOGO DE JUNTAS E ANEIS DE VEDACAO DO MOT,05A1
7711427597,ELEMENTO AERODINAMICO DO PARACHOQUE DE V,05A1
8200530997,VIDRO TEMPERADO P/ VEICULO AUTO,05A1
546138324R,BUCHA DE BORRACHA DA BARRA ESTABILIZADOR,05A1
7701473702,PARALAMAS PARA CARROCARIA DE VEICULO AUT,05A1
259154845R,APARELHO DE RADIODIFUSAO COMBINADO COMUM,05A1
0160984,FAROL DUPLO H1/H7,05A1
8200657209,PAINEL PARA CARROCARIA DE VEICULO AUTOMO,05A1
0160813,FAROL H4 MOLDURA FUME ONIX 2012/ LE,05A2
7711734372,MOCHILA BORDA VIVA RENAULT,05A2
802629255R,MODULO DO VIDRO FIXO PARA CARROCERIA DE,05A2
809018921R,REVESTIMENTO DO PAINEL DA PORTA DA CARRO,05A2
849023317R,TAPETE PORTA MALAS DA CARROCARIA DE VEIC,05A2
0160707,FAROL H4 MASCARA METALIZADA FIORINO / UNO MILLE /,05A2
0160654,FAROL H4 CARCAÇA CINZA GOL/PARATI/SAVEIRO GERAÇAO,05A2
7702295409,ELEMENTO FILTRANTE DO FILTRO DE ENTRADA,05A2
822626125R,VIDRO FIXO PORTA LAT DESLIZ DIR L2 e L3,05A2
265906642R,APARELHO ELETRICO DE SINALIZACAO VISUAL,05A3
747612153R,ECRAN THERMIQUE RESERVOIR,05A3
240118428R,FIACAO ELETRICA (CHICOTE ELETRICO) COM C,05A3
731126294R,TETO PARA CARROCARIA DE VEICULO,05A3
260601719R,FAROL ESQ,05A3
260101803R,APARELHO ELETRICO (FAROL) DE ILUMINACAO,05A3
681003727R,PAINEL DE INSTRUMENTOS (DASH) PARA CARRO,05A3
0160720,FAROL H7/H1 PISCA LISO CORSA SEDAN 2004/, MONTANA,05A3
260606078R,APARELHO ELETRICO (FAROL) DE ILUMINACAO,05A3
797009066R,VITRE FIXE LUNETTE AR,05A4
903007855R,VIDRO TRASEIRO CURVO COM DESEMBACADOR,05A4
6001550038,APARELHO ELETRICO (FAROL ) DE ILUMINACAO,05A4
769511830R,ACABAMENTO PLASTICO DA SOLEIRA PARA CARR,05A4
803019412R,VIDRO DE SEGURANCA TEMPERADO, COLORIDO,,05A4
7750350674,REFORCO DO TETO PARA CARROCARIA DE VEICU,05A4
648600154R,SUPORTE BATERIA,05A4
465107702R,PEDAL DA EMBREAGEM DE VEICULO AUTOMOVEL,05A4
260608210R,APARELHO ELETRICO (FAROL) DE ILUMINACA,05A4
260605375R,APARELHO ELETRICO (FAROL) DE ILUMINACA,05A4
7751474868,CAPO PARA CARROCARIA DE VEICULO AUTOMOVE,05A5
260602279R,APARELHO ELETRICO (FAROL ) DE ILUMINACAO,05A5
7701475259,AEROFOLIO TRASEIRO PARA VEICULOS AUTOMOV,05A5
760228646R,MOLDURA DE ACABAMENTO DA CARROCARIA DE V,05A5
7700410550,FUSIVEL PARA TENSAO IGUAL A 12V DE USO E,05A6
7702270984,JOGO DE FRISO LATERAL DA CARROCARIA DE V,05A6
7711732323,RODA EM ALUMINIO PARA USO EM VEICULO AUT,05B02
8201124639,MODULO DE CONTROLE DA INJ ELETRONICA,05B1
8200717728,TUBO DE ESCAPAMENTO DE USO EM VEICULO AU,05B1
781403110R,SUPORTE DA LANTERNA TRASEIRA PARA CARROC,05B1
727125420R,VIDRO DE SEGURANCA (PARABRISAS) FORMADO,05B1
762319433R,PAINEL DA CARROCARIA DE VEICULO AUTOMOVE,05B1
727120082R,VIDRO DE PARABRISA,05B1
727122358R,VIDRO DO PARABRISA FORMADO POR FOLHAS C,05B1
328651322R,MANOPLA DA ALAVANCA DA CAIXA DE MARCHAS,05B1
130206158R,ARVORE DE CAMES PARA COMANDO DE VALVULAS,05B1
7700302115,MANCAL DE BORRACHA VULCANIZADA NAO ENDUR,05B1
641010663R,CONJUNTO SEMI BLOCO DA CARROCARIA DE VEI,05B1
555014222R,EIXO NAO MOTOR DE VEICULO AUTOMOVEL,05B1
275000884R,COBERTURA DO COMANDO DO AR CONDICIONADO,05B1
6001546959,ASSOALHO DO PORTAMALAS DE VEICULO AUTOMO,05B1
6001549860,MOLDURA DE REFORCO DO PAINEL DA PORTA DA,05B1
200101104R,TUBO ESCAPAMENTO P/ VEÍC,05B1
651009963R,CONJ CAPO DIANT,05B1
801014884R,PORTA PARA CARROCARIA DE VEICULO,05B1
801007784R,PORTA PARA CARROCARIA DE VEICULO AUTOMOV,05B1
727129929R,VIDRO DE SEGURANCA  DO PARABRISAS,05B1
8200351864,SEMI EIXO DE TRANSMISSAO SEM DIFERENCIAL,05B1
555019768R,EIXO NAO MOTOR DE VEICULO AUTOMOVEL,05B1
7700102182,ANEL DE VEDACAO DE BORRACHA VULCANIZADA,05B1
769230461R,JUNTA DE BORRACHA VULCANIZADA NAO ENDURE,05B2
764198230R,MOLDURA DE ACABAMENTO DA SOLEIRA PARA CA,05B2
849200441R,REVESTIMENTO PARA CARROCARIA DE VEICULO,05B2
7700435380,COBERTURA DO BLOCO DE FUSIVEIS PARA CARR,05B2
562103837R,AMORTECEDOR DO SISTEMA DE  SUSPENSAO DE,05B2
261306162R,FEU INDICATEUR DIRECTION AV,05B2
6001550031,ESPELHO RETROVISOR PARA USO EM VEICULO A,05B2
727123610R,VIDRO PARABRISA,05B2
7703097522,LAMPE REPETITEUR RETROVISEUR,05B2
7701209504,ROLAMENTO DE ESFERAS DE CARGA RADIAL DE,05B2
7701471856,COBERTURA RETROVISOR P/ AUTO,05B2
828209822R,828203270R FRISO PLASTICO DA CA,05B2
7703097516,Lâmpadas automotivas  LAMPE 12 V 5 W,05B2
7701692575,FRISO PLASTICO DO PAINEL PARA CARROCERIA,05B3
8200492723,VIDRO EM CAIXILHO PARA CARROCA,05B3
132025069R,VALVULA DE ESCAPE, EM ACO, PARA CABECOTE,05B3
641006529R,LONGARINA ACOMPANHADA DE PAINEL INTERNO,05B3
8200126405,AMORTIGUADOR TRAS X65X35,05B3
781416892R,SUPORTE DA LAMPADA DA CARROCARIA DE VEIC,05B3
208A05692R,DEPURADOR DE GASES DE ESCAPE,05B3
833066718R,VIDRO DE SEGURANCA FIXO, TEMPERADO, COLO,05B3
6001549868,REFORÇO DO PARACHOQUE TRASEIRO DE VEICUL,05B3
240184741S,JOGO DE FIOS ELETRICOS (CHICOTE ELETRICO,05B3
7702271245R,RADIO PIONNER MVH288BT,05B3
6001548865,MANGA DO EIXO DA RODA DE VEICULO AUTOMOV,05B3
767488005R,PROTETOR DA CAIXA DE RODA,05B3
8200746453,SENSOR DE PONTO MORTO DO MOTOR DE VEICUL,05B4
658200009R,GUARNICAO DE BORRACHA VEDACAO DO CAPO,05B4
544018343R,BERCO DE FIXACAO DO MOTOR NA CARROCARIA,05B4
7701471258,EIXO NAO MOTOR DE VEICULO AUTOMOVEL,05B4
673321736R,TRAVESSA DA CARROCARIA DE VEICULO AUTOMO,05B4
248108856R,QUADRO DE INSTRUMENTOS ACOMPANHADO DE VE,05B4
0460436,LANT. TRAS. FUME PRISMA 2013/ LD,05B4
0160755,FAROL H4 CORSA CLASSIC SEDAN 2011/ LE,05B4
8200598966,POLIA TENSIONADORA P/ VEICULO,05B4
922704703R,VALVULA DE ALIVIO DE PRESSAO DO SISTEMA,05B5
391018618R,SEMI EIXO DE TRANSMISSAO FRONTAL PARA US,05B5
7700843546,BATENTEDEBORRACHAVULCANIZAD,05B5
7701062108,DEFLETOR DE AR DO PARACHOQUE DE VEICULO,05B5
658100006R,GUARNICAO DE BORRACHA VEDACAO DO CAPO,05B5
8200859243,CAIXA DE RELE ELETROMECANICO PARA TENSAO,05B5A
403007072R,RODA DE ACO DE USO EM VEICULO AUTOMOVEL,05B6
823319290R,PESTANA EM PLASTICO DA PORTA,05B6
823314881R,GUARNICAO DE PLASTICO DO VIDRO DA PORTA,05B6
823002034R,VIDRO TEMPERADO DE DIMENSOES E FORMATOS,05B6
8200445988,DEFLETOR DE AR DO PARACHOQUE DE VEICULO,05B8
8200235963,MOLA DE ACO HELICOIDAL CILINDRICA PARA U,05C1
938388614R,SOLEIRA DO PARACHOQUE DE VEICULO,05C1
764559232R,TRAVESSA PARA CARROCERIA,05C1
562109112R,AMORTECEDOR TRASEIRO DA SUSPENSAO DE VEI,05C1
562103673R,AMORTIGUADOR TRA X52,05C1
285585805R,DISPOSITIVO ELETRONICO PARA CONTROLE,05C1
241371836R,SUPORTE EM METAL COMUM MULTIFUNCIONAL PA,05C1
7700303515,CANTONEIRA EM METAL COMUM DO TRILHO DA P,05C1
0160762,FAROL DUPLO H7/H1 PALIO,05C1
540101499R,MOLA DE ACO HELICOIDAL CILINDRICA DA USO,05C1
562108189R,AMORTECEDOR DO SISTEMA DE SUSPENSAO DE V,05C1
562102356R,AMORTECEDOR DO SISTEMA DE SUSPENSAO DE V,05C1
908526877R,ACABAMENTO DA PORTA PARA CARROCARIA DE V,05C1
901002796R,PORTA TRASEIRA DA CARROCERIA DE VEICULO,05C1
8200763335,MOLA DE ACO EM FORMA DE ANEL DA TRANSM,05C1
7705002060,BUCHA DE BORRACHA VULCANIZADA NÃO ENDURE,05C1
828200147R,FRISO DE PLASTICO LATERAL DA CARROCERIA,05C1
391012675R,SEMI EIXO DE TRANSMISSAO SEM DIFERENCIAL,05C1
265500033R,APARELHO ELETRICO (CAIXAS DE LUZES COMBI,05C1
767487477R,PROTETOR DA CAIXA DE RODAS DE VEICULO,05C1
8200484901,TRAVESSA ANTICOLISAO DO PARACHOQUE TRA,05C2
8200530260,TUBO BAIXA PRESSAO,05C2
7703002949,PARAFUSO,05C2
281156790R,RECEPTOR DE RADIODIFUSAO COMBINADO,05C2
8200251569,ENGRENAGEM DO VIRABREQUIM DE VEICULO A,05C2
8200455669,VOLANTE DE DIRECAO PARA VEICULO AUTOMOVE,05C2
8200419489,TUBO DE BORRACHA VULCANIZADA NAO EN,05C2
7703016525,PARAFUSO TORX AUTOPERFURANTE DE AÇO LIGA,05C2
216063JX2B,RADIADOR DE OLEO DE VEICULO AUTOMOVEL,05C2
7703002631,PARAFUSO NAO PERFURANTE,05C2
8200179757,VALVULA REGULADORA DE PRESSAO DO COMBUST,05C3
0160987,FAROL H4 ONIX/PRISMA LTZ/ONIX ACTIV 2017/2019 LE M,05C3
8200073429,PROTETOR DA CAIXA DE RODAS,05C3
550209656R,MOLA DE ACO HELICOIDAL CILINDRICADE,05C3
905127418R,CABO DE ABERTURA DA TAMPA TRASEIRA PARA,05C3
315263JX3A,JUNTA FABRICADA EM BORRACHA AC,05C3
110170938R,BLOCO DO CILINDRO DO MOTOR DE IGNICAO,05C3
289101185R,RESERVATORIO LAVA VIDROS,05C3
620847690R,ACABAMENTO DO PARACHOQUE DE VEICULO AUT,05C3
620844076R,ACABAMENTO DO PARACHOQUE DE VEICULO AUT,05C3
7703066087,ANEL DE AÇO PARA TRAVAMENTO,05C3
484720342R,COBERTURA DA COLUNA DA DIRECAO DE VEICUL,05C3
122158428R,BRONZINAVIRABREQUIM,05C3
791002680R,PAINEL DO PORTA MALAS PARA CARROCARIA DE,05C3
808204078R,808207184R FRISO PLASTICO DA CA,05C4
260106492R,APARELHO ELETRICO (FAROL ) DE ILUMINACAO,05C4
403157329R,CALOTA PARA RODA DE VEICULO AUTOMOVEL,05C4
231009228R,ALTERNADOR,05C4
8200595641,ROLAMENTO DE ESFERAS DE CARGA RADIAL, DE,05C4
8200414937,SEMI EIXO DE TRANSMISSAO PARA VEICULO AU,05C4
403159328R,CALOTA DA RODA DE VEICULO AUTOMOVEL,05C4
8200343926,CUBO DO TAMBOR DA EMBREAGEM DE VEICULO A,05C5
731151529R,FECHAMENTO SUPERIOR DA LATERAL DA CARROC,05C5
8200035310,ANEL DE ACO PARA VEDACAO DO ESCAPAMENT,05C5
8200833248,RESISTENCIA DO TIPO TERMISTOR DE VEICULO,05C5
7701047876,ANEL DE VEDACAO BORRACHA VULC N END,05C6
7707074010,TAMPAO PLASTICO MULTIFUNCIONAL PARA VEIC,05C6
7701049351,JUNTA EM BORRACHA VULCANIZADA NÃO ENDURE,05C6
8200643171,GERADOR DE SINAL (SENSOR DO PONTO MORTO,05C6
8200182557,ESPACADOR DE PLASTICO PARA ALAVANCA DE M,05C7
0122300241,PORCA EM ACO BAIXO CARBONO,05C7
7703066035,ANEL TRAVA ACO,05C8
7703074606,OBTURADORES FUSIVEIS E TERMO FUSIVEIS, O,05C8
850703332R,MOLDURA DO PARACHOQUE TRASEIRO,05C8
166006801R,INJETOR DE COMBUSTIVEL PARA MOTOR DE IGN,05C8
625111845R,SUPORTE DE CONTROLE TRANSVERSAL SUPERIOR,05D1
540503158R,BATENTE DE BORRACHA VULCANIZADA NAO ENDU,05D1
8200933119,ENGRENAGEMTACÃ#MCXMARCHASP/VEÃ#C,05D1
7703002836,PARAFUSO FLANGEADO, EM ACO LIGA, TEMPERA,05D1
769348276R,REVESTIMENTO DA COLUNA TRASEIRA D,05D1
260608653R,FARÓIS DIANTEIROS ESQUERDO,05D1
261507170R,FAROL DE NEBLINA COM TECNOLOGIA LED (DIO,05D2
8201739926,CALIBRE PLASTICO DE MEDICAO DO ASENTO,05D2
8200467795,INTERRUPTOR ELETRICO PARA TENSAO INFERIO,05D2
286029010R,COBERTURA EM PLASTICO DO FAROL DE NEBLIN,05D2
7701206601,PINO DA PINÇA DO FREIO DE VEICULO AUTOMO,05D2
969201290R,APOIO DE BRACO DO CONSOLE CENTRAL,05D2
264309543R,APARELHO ELETRICO AUXILIAR PARA ILUMINAC,05D2
265550604R,APARELHO ELETRICO (LUZES FIXAS) DE SINA,05D2
656200010R,CABO DE LIBERACAO DA TRAVA DO CAPO PARA,05D2
7701205769,MOLA PARA FIXACAO DAS PASTINHAS DE FREIO,05D2
963744215R,COBERTURA PLASTICA DO ESPELHO RETROVISOR,05D3
8200728389,BLOCO DE CILINDROS PARA MOTOR DE IGNICAO,05D3
7752295588,PAINEL,05D3
7701470464,RESERVATORIO DE EXPANSAO DE AGUA DO SIST,05D3
908929613R,EMBLEMA PLASTICO PARA VEICULO AUTOMOVEL,05D3
8200468729,PINO EM METAL SUPERIOR DA PORTA DE VEI,05D3
756107558R,MOLDURA DE ACABAMENTO DO PARACHOQUES DE,05D3
7702271360,KIT VIDROS ELÉTRICOS DIANTEIROS,05D3
8200136009,DUTO DO FILTRO DE ENTRADA DE AR PAR,05D3
7700798053,BUCHA DE BORRACHA VULCANIZADA NAO ENDURE,05D3
259754820R,ANTENA GPS USADA EM VEICULOS COM MULTIMI,05D3A
259759661R,ANTENA GPS PARA RASTREADOR,05D3A
8200163918,APARELHO ELETRICO (LUZ INDICADORA DE M,05D4
806200001R,HASTE DE ACIONAMENTO DA FECHADURA DA POR,05D4
8200126407,AMORTIGUADOR DEL X65 CLIO II,05D4
442084139R,SORTIDO COMPOSTO POR DUAS BIELETAS DO FR,05D4
641521800R,PAINEL LATERAL DIANTEIRO DA CARROCERIA D,05D4
403005883R,ROUE 6 1/2 J16 H2 5 50,05D4
7700816818,CONTACTEUR ECLAIREUR VIDE POCHE,05D4
8200053696,TRAVA DE METAL COMUM DA TAMPA DO PORTA,05D5
8200540079,MANGUEIRADEBORRACHAVULCANIZADANAOEN,05D5
7700737092,CLIPE EM ACO DA MOLA SINCRONIZADORA DE V,05D5
391008228R,SEMI EIXO DE TRANSMISSAO PARA USO EM VEI,05D5
7703066036,ARRUELA DE PRESSAO DE ACO, NAO ROSCADA D,05D5
543020634R,AMORTECEDOR DIANT FLUENCE 1.6/2.0 16V,05D5
7703065128,ANEL DE BORRACHA VULCANIZADA NAO ENDUREC,05D6
7703046141,PORCA DE ACO LIGA TEMPERADO E REVENIDO,,05D7
8200815703,ACABAMENTO INTERNO DO COMANDO DO RETROVI,05D7
8201052068,PLAQUE FRMT COUDE,05D7
7700817637,ANEL DE ACO PARA TRAVAMENTO,05D7
7703002892,PARAFUSO NAO PERFURANTE DE ACO,05D7
223650035R,SENSOR DE PRESSAO DO OLEO DE VEICULOS AU,05D7
769849465R,PRESILHA PLASTICA DE FIXACAO DE USO MULT,05D8
8200647556,GERADOR DE SINAL (SENSOR DO PONTO MORTO,05D8
254118032R,MÓDULO COMPOSTO DE COMBINAÇÃO, EM INVÓLU,05D8
7703002800,PARAFUSO NAO PERFURANTE ROSCADO DE ACO L,05D8
8200529487,MANCAL COM ROLAMENTO INCORPORADO DA EMBR,05D8
8201282227,PORCA ROSCADA DE ACO LIGA. COM PROCESSO,05D8
638750749R,PROTETOR PLASTICO DA CAIXA DE RODAS DA C,05E1
808300014R,MOLDURA DE BORRACHA VULCANIDA NAO ENDURE,05E1
206517479R,COXIM DE BORRACHA VULCANIZADA NAO ENDURE,05E1
7703072424,REBITE TUBULAR EM ALUMINIO, UTILIZADO NA,05E2
7703102042,PARAFUSO NAO PERFURANTE ROSCADO DE ACO L,05E2
7701047649,ANEL DE VEDACAO DE BORRACHA VULCANIZADA,05E2
849029545R,TAPETE DE CARPETE DO PORTAMALAS DE VEIC,05E3
112205136R,COXIM ANTIVIBRACAO DO MOTOR DE VEICULO A,05E3
8200041604,RODA DE AÇO ARO 14' PARA VEICULO,05E3
264300008R,LUZ TETO P/ VEÍC AUTO,05E3
8200467794,INTERRUPTOR ELÉTRICO,05E4
8200571096,FECHO TRAVA EM METAL COMUM DA TAMPA DA C,05E4
8200031626,FECHO DE METAL COMUM DO PORTA MALAS PA,05E4
8200098581,ALCA PLASTICA DE ABERTURA DA PORTA  PARA,05E4
320106554R,CAIXA DE MARCHAS MANUAL DE VEICULO AUTOM,05E4
6001547905,BUCHA DE PLASTICO DO PEDAL DO FREIO DE V,05E4
8200564584,PARAFUSO NAO PERFURANTE ROSCADO DE ACO L,05E5
8200602227,BOTAO V/E LD/LE DUSTER/SANDERO/LOGAN,05E5
403000442R,RODA EM LIGA DE ALUMINIO COM 15 POLEGADA,05E5
7701205751,SENSOR DE PRESSAO DE AR PARA VEICULO AUT,05E5
7701036245,APARELHO ELETRICO (LANTERNA DA PLACA DE,05E6
7703090550,ROLAMENTO DE ESFERAS DE CARGA RADIAL DE,05E6
8200841132,CORREIA ESTRIADA TRAPEZOIDAL 111.0CM K5,05E6
7703034241,PORCA ROSCADA DE ACO LIGA. COM PROCESSO,05E6
207510936R,SELO DE BORRACHA PARA TERMINAL/ GROMETE,05E6A
8200348170,SUPORTE PARA CARROCARIA DE VEICULO AUTOM,05E8
319351XF01,SENSOR ELETRICO DE REVOLUCAO DE VEICULO,05E8
7701203375,JG PARAFUSOS PINCA CLIO/SANDERO/LOGAN,05F03
440013823R,SUPORTE DA PINCA DO FREIO DE VEICULO,05F1
8201721417,JOGO DE JUNTAS DE BORRACHA VULCANIZADA N,05F1
8200708602,ACABAMENTO DE PLASTICO DA MACANETA,05F1
8200124734,APOIO DA MOLA DO COMANDO DE VALVULA DE M,05F2
253315936R,ACENDEDOR ELETRICO PARA VEICULO AUTOMOVE,05F2
751F69422R,PAINEL DE FECHAMENTO DA CARROCERIA,05F2
600380143R,CONJUNTO DE MONTAGEM DA PORTA PARA CARRO,05F2
7703075340,BUJAO M10X150_10 6_8 SA1GS,05F2
6001549853,MOLDURA EM ACO DE FECHAMENTO DA CARROCAR,05F2
8200699882,SUPORTE PLASTICO DO PARACHOQUE DE VEICUL,05F3
7703066085,ANEL TRAVA DE AÇO,05F3
7703079779,PRESILHA PLASTICA MULTIFUNCIONAL DE USO,05F3
963749949R,COBERTURA PLASTICA DO ESPELHO RETROVISOR,05F3
277239315R,RESISTOR VARIAVEL, DO TIPO SENSOR DE TEM,05F3
7703074555,SELO PLASTICO PARA TERMINAL GROMETE PARA,05F3
8201035311,CONECTORPLASTP/TUBOS,05F4
123150191R,PARAFUSO NAO PERFURANTE,05F4A
8200766678,MACANETA DE PLASTICO PARA PORTA  DE VEIC,05F5
788279448R,PRESILHA PLASTICA MULTIFUNCIONAL PARA VE,05F5A
7702295785,CHICOTE SENSOR DE ROTACAO DO FAROL DE MI,05F6
824303880R,LIMITADOR EM METAL COMUM, DA PORTA PARA,05F6A
476604823R,BLOCO HIDRAULICO DO SISTEMA ABS DO FREIO,05F7
7703057078,ARRUELA DE ACO LIGA TEMPERADO, GALVANIZA,05F7
7700425076,TRAVA DE METAL COMUM DO CAPO DE VEICULO,05F7
476607632R,BLOC HYDRAULIQUE ABS,05F7
7700308720,REFLETOR PLASTICO NAO ELETRICO NO PARACH,05G1
868853959R,CINTO DE SEGURANCA PARA VEICULO AUTOMOVE,05G1
8200611299,ENGRENAGEM DA CAIXA DE MARCHAS DE VEIC,05G1
8200315034,INTERRUPTOR DE ACIONAMENTO DO VIDRO ELET,05G2
8200766627,FECHADURA AUTOMOTIVA DE PORTA LATERAL DE,05G2
656209057R,CABO DE ABERTURA DO CAPO PARA CARROCARIA,05G3
806837044R,FRISO DE ACABAMENTO INTERNO NA PORTA DA,05G4
8201142258,DISPOSITIVO DE MONTAGEM,05G4
788376119R,BATENTE DE BORRACHA VULCANIZADA NAO ENDU,05G4
277233041R,SENSOR DE TEMPERATURA PARA VEICULO AUTOM,05G5
7703044167,ECROU CAGE M6X100,05G6
7703077496,CLIP DE RETENÇAO PARA EMBLEMA DE VEICULO,05G8
824302481R,LIMITADOR METALICO DE ABERTURA DA PORTA,05H1
824300006R,LIMITADOR DA PORTA PARA CARROCARIA DE VE,05H1
7703602206,PARAFUSO NAO PERFURANTE ROSCADO DE ACO L,05H2
985106290R,UNIDADES DE CONTROLE ELETRONICO DE GEREN,05H3
1112801M0B,BUJAO DE ACO ROSCADO  DE USO MULTIFUNCIO,05H3
8200671279,MEDIDOR DE PRESSÃO DO OLEO DO MOTOR,05H3
479501850R,SENSOR DE MEDIDA DE VELOCIDADE DA RODA,05H3
130214967R,ENGRENAGEM DO TIPO PINHAO DO VIRABREQUIM,05H5
255544794R,FIACAO ELETRICA (CHICOTE ELETRICO) COM C,05H5
441005452R,CILINDRO DO FREIO TRASEIRO PARA VEICULO,05H6
0000155800,ALICATE PARA FECHO,05I08
687601435R,AERADOR INTERNO DA CARROCARIA DE USO EM,05I1
8200467793,INTERRUPTOR ELETRICO PARA ACIONAMENTO AU,05I3
252908988R,MÓDULO COMPOSTO DE COMBINAÇÃO, EM INVÓLU,05I3
7701206043,JOGO DE JUNTAS DE BORRACHA VULCANIZADA N,05I4
7701042173,ANEL DE VEDACAO DE BORRACHA VULCANIZADA,05I4
805653622R,CHAVE ACOMPANHADA DE APARELHO DE RADIOT,05I5A
8200103263,COXIM ELASTICO DE BORRACHA PARA FIXACAO,05I6
215863295R,PLUG DE PLASTICO PARA O RADIADOR DE VEIC,05I7
7703602329,PARAFUSO NAO PERFURANTE ROSCADO,05I9
289215361R,BUCHA DE BORRACHA VULCANIZADA NAO ENDURE,05I9
7700352205,COBERTURAPLÁSTICADABASEDA,05I9
8200635080,PARAFUSO DE FIXAÇÃO DO CATER DE ÓLEO,05J2
8200719629,SENSOR DE PRESSAO DO OLEO DE VEICULOS,05J3
7701472449,JOGO DE JUNTAS DE BORRACHA VULCANIZADA N,05J3
253C75932R,SUPORTE PLASTICO DO SENSOR DE ESTACIONAM,05J3
7701210237,GRAMPO DE PLASTICO,05J4
8200005087,CHAVETA DE ACO, NAO ROSCADA PARA USO EM,05J6
7703179033,PRESILHA PLASTICA MULTIFUNCIONAL DE USO,05J6
7703077434,CLIP PLASTICO MULTIFUNCIONAL PARA USO EM,05J7
7703101505,PARAFUSO NAO PERFURANTE ROSCADO DE ACO L,05J9
322022339R,ANEL DA EMBREAGEM DE VEICULO AUTOMOVEL,05K1
7700302172,BATENTE DE BORRACHA VULCANIZADA NAO ENDU,05K1
7703032174,PORCA ROSCADA DE ACO LIGA. COM PROCESSO,05K5
8200179436,FECHO DA PORTA DE VEÍCULO AUTOMÓVEL,05K5
8200128188,COBERTURA PARA PEDAL DE ACELERADOR,05K6
7703002781,PARAFUSO NAO PERFURANTE ROSCADO DE ACO L,05K7
7703097180,LAMPADA DE FILAMENTO DE 12V 21/5W PARA V,05K8
260308521R,TAMPA EM BORRACHA VULCANIZADA NÃO ENDURE,05K8
7473451000,PRESILHA PLÁSTICA C/ METAL P/ AUTO,05K9
8200475572,GOUJON,05K9
283120384R,MICROFONE SIMPLES,05K9
7701477180,ANEL DE ACO DO RETENTOR DE VEDACAO MECAN,05L1
625652703R,SUPORTE PARA FIXACAO DO FAROL NA CARROCA,05L4
8201059855,MOLA DE ACO HELICOIDAL CILINDRICA DE USO,05L4
8200317145,RESSORT SOUPAPE,05L4
7700431079,BOMBA CENTRIFUGA DE VAZAO INFERIOR A 300,05L4
7700308719,REFLETOR PLASTICO NAO ELETRICO NO PARACH,05L4
7701715369,ENGRENAGEM DA CAIXA DE MARCHAS DE VEICUL,05L5
8200489586,COBERTURA DA CAIXA DE SAIDA DE AGUA PARA,05L5
260304014R,TAMPA DE PROTECAO DA LAMPADA DO FAROL DE,05L6
7711733356,CARREGADOR VEICULAR COM 2 ENTRADAS USB,05L7
8660089517,FILTRO DE ÓLEO  MOTRIO,05PS
8660089816,PASTILHA DE FREIO DE,05PS
7717003661,TRANSELF NFX SAE 75W,05PS
8201737105,TAPETE EM PVC DO ASSOALHO INTERNO DE USO,05PS
8200724059,PEDAL DO ACELERADOR DE VEICULO AUTOMOVEL,05002
963736915R,COBERTURA DE PLASTICO DO ESPELHO RETROVI,05003
764368572R,ACABAMENTO PLASTICO DA SOLEIRA LD DA CAR,05004
8200713522,BIELETA DA SUSPENSAO PARA VEICULO AUTOMO,05006
745324203R,ELEMENTO DE FECHAMENTO DA CARROCERIA DE,05007
7703602292,PARAFUSO NAO PERFURANTE ROSCADO DE ACO L,05007
497506724R,JUNTA DE BORRACHA VULCANIZADA NAO ENDURE,05008
620367520R,RENFORT BOUCLIER AV,05009
623844240R,ACABAMENTO DA GRADE DO RADIADOR,05010
7700791731,TRAVA DA FECHADURA DO PORTAMALAS, UTILI,05011
905030754R,FECHADURA ELETRICA COM SUPORTE DE FIXACA,05012
7700688654,IMA DE FERRITA DE USO EM VEICULO AUTOMOV,05013
150565634R,GAXETA DE BORRACHA VULCANIZADA NÃO ENDUR,05014
6001551610,INTERRUPTOR ELETRICO PARA COMANDO DOS FA,05014
118268810R,TUBO DE VAPOR DE OLEO DE BORRACHA VULCAN,05015
7703041045,PRESILHA DE ACO ALTO CARBONO, TEMPERADO,05016
401580596R,PARAFUSO NÃO PERFURANTE ROSCADO DE ACO L,05017
990901460R,ETIQUETA PLASTICA AUTOADESIVA,05018
8201704956,JUNTA DE PAPEL DO COLETOR DE ADMISSAO DO,05019
6001550074,RECUPERADOR DE COMBUSTÍVEL  BOL,05020
474012933R,TUBO DO FREIO DE VEICULO AUTOMOVEL,05021
826081768R,HASTE DE ABERTURA DA PORTA PARA CARROCAR,05022
7703081184,PORCAPLASTICA,05023
7703602311,PARAFUSO FLANGEADO EM ACO LIGA, TRATAMEN,05024
846407184R,COMANDO DE PLASTICO DE ABERTURA DO PORTA,05025
12315EE000,PARAFUSO EM ACO LIGA TRATAMENTO TERMICO,05026
657711258R,HASTE DE ACO, DE APOIO DE ABERTURA DO CA,05027
149304569R,VALVULA SOLENOIDE,05028
223657797R,SENSOR DE PRESSÃO E TEMPERATURA DO AR,05029
548511529R,HASTE DE CONTROLE DA VIBRACAO DO MOTOR D,05030
848908297R,EMBLEMA PLASTICO PARA CARROCARIA DE VEIC,05030
990477921R,ETIQUETA  AUTOADESIVA EM POLI(CLORETO DE,05031
906069264R,MACANETA EXTERNA UTILIZADA NAS PORTAS,05032
7703179060,PRESILHA DE PLASTICO,05033
990450280R,AUTO ADESIVO PLANO VINIL,05033
960333305R,DEFLETOR DE AR DO AEROFOLIO DA CARROCARI,05034
7701470361,COIFA DE BORRACHA VULCANIZADA NAO ENDURE,05035
402107387R,ROLAMENTO DE ESFERA DE CARGA RADIAL PARA,05036
206953015R,JUNTA DE VEDACAO DE ACO E GRAFITE, PARA,05037
223209218R,TUBO DE VAPOR DE COMBUSTIVEL DE VEICULO,05038
7705099093,PARAFUSO FLANGEADO EM ACO LIGA, TRATAMEN,05039
6001551358,CONTROLADOR PROGRAMAVEL COM TENSAO DE 12,05040
8200046612,RAMPA DE ALIMENTACAO DO BICO INJETOR D,05041
826730336R,CONJUNTO COMANDO ABERTURA INTERNA PORTAS,05042
8201385569,CALCULATEUR SYSTEME SCR,05043
320934528R,SUPORTE DE METAL PARA O CHICOTE DO MOTOR,05044
392413466R,COIFA DE BORRACHA VULCANIZADA NAO ENDURE,05045
546143850R,ABRACADEIRA EM ACO DE FIXACAO DA BARRA E,05047
990445286R,ETIQUETA AUTOADESIVA DE POLICLERETO,05048
7700805031,TAMPADORESERVATÓRIODEEXPAN,05050
7701479130,CONJUNTO DE JUNTAS METALOPLASTICAS PARA,05051
905039326R,FECHADURA EM METAL COMUM DO PORTAMALAS,05052
8200177718,INTERRUPTOR ELETRICO DE RE PARA TENSAO I,05054
8200171178,SUPORTE ELÁSTICO DE BORRACHA C,05055
654000006R,DOBRADICA DE METAL COMUM DO CAPO PARA VE,05056
263897056R,SENSOR ULTRASONICO PRESENCA (ESTACIONAM),05057
463167922R,TUBO DE BORRACHA VULCANIZADA NAO ENDUREC,05058
511800537R,TAMPA DE FECHAMENTO DO PARA CHOQUE,05059
985896912R,VIS FIX SAC GONFLABLE,05060
8200115697,ROLAMENTO DE ESFERAS, DE ROLETES CONICOS,05061
308514323R,TUBULACAO PARA SISTEMA DE EMBREAGEM HIDR,05063
244382477R,SUPORTE SIMPLES FABRICADO EM AÇO, COM AC,05064
804305879R,MECANISMO LIMITADOR DE MOVIMENTO DAS POR,05065
402027802R,SUPORTE EM ACO PARA FIXACAO DE ELEMENTOS,05068
962102843R,SUPORTE DE FIXACAO DA PLACA DE MATRICULA,05069
806060724R,MACANETA EXTERNA UTILIZADA NAS PORTAS,05070
808203627R,CANALETA EM PLASTICO PARA MONTAGEM DO VI,05071
26014,CABO DE COMANDO DA EMBREAGEM 26014 TUBA (1UNI),05072
402028851R,CUBO DA RODA DIANTEIRA,05072
8200729683,TAMPA DA CAIXA DE SAIDA DE AGUA DO MOTOR,05073
822354434R,MOLDURA DO CANTO DA PORTA PARA CARROCARI,05075
8200459153,COMANDO DE ACIONAMENTO HIDRAULICO DA EMB,05076
8200577398,JOINT CONDT AIR / VANNE EGR,05077
985101942R,MODULO DE GERENCIAMENTO AIR BAG,05078
809600027R,COBERTURA DE FECHAMENTO DO PAINEL DA POR,05079
286206215R,BOMBA DO LAVADOR DO PARABRISA, MONOFASIC,05080
850453059R,GUIA PLASTICO DE FIXACAO DO PARACHOQUE,05081
322754793R,ROLAMENTO DE ESFERAS, DE CARGA AXIAL PAR,05082
990445915R,FRISO DECORATIVO, DO TIPO AUTOADESIVO E,05083
8200481032,TUBO COMBUSTIVEL,05084
7703102120,PARAFUSO NAO PERFURANTE ROSC DE ACO LIGA,05085
110620980R,JUNTA METALOPLASTICA DO ESCAPE, UTILIZAD,05086
267171774R,LAMPADA HALOGENA DE TUNGSTENIO PARA TENS,05086
806706656R,MACANETA PLASTICA DA PORTA DE VEICULO AU,05087
8200650824,PROTETOR TERMICO DA DIRECAO DE VEICULO A,05088
256200876R,APARELHO ELETRICO DE SINALIZACAO ACUSTIC,05089
990440085R,AUTO ADESIVO PLANO VINIL,05090
8200320616,EIXO INTERMEDIARIO DO PINHAO DA ARVORE D,05091
6001546876,ARTICULACAO DIREITA DO CAPO,05091
806478694R,ACABAMENTO DE PLASTICO DA MACANETA,05093
6001549190,COBERTURA DO FREIO DE MAO DA CARROCARIA,05094
990J44175R,ETIQUETA  AUTOADESIVA EM POLI(CLORETO DE,05095
121115592R,BRONZE DO VIRABREQUIM DO MOTOR COM DIAME,05096
322B18663R,CAIXA DE MARCHAS, UTILIZADO EM VEICULOS,05098
7703003013,PARAFUSO CABECA ESFERICA EM ACO LIGA, TE,05099
226906215R,SENSOR DE OXIGÊNIO (SONDA LAMBDA),05100
8200214903,INTERRUPTOR ELETRICO PARA USO EM VEICULO,05101
8200611938,TRAVA PLASTICA DA PORTINHOLA DO TANQUE,05102
8201002076,TUYAU DA B/P ALIM,05103
7701070061,JUNTA DE BORRACHA VULCANIZADA NAO ENDURE,05104
7701062171,JUNTA DE VEDACAO EM ACO  DE USO MULTIFUN,05105
7703034251,PORCA FLANGEADA M10 EM ACO LIGA, TEMPERA,05106
572612554R,SUPORTE DA TRAVA DO ASSOALHO FABRICADO E,05107
7701209251,COIFA DE BORRACHA VULCANIZADA NAO ENDURE,05108
252160001R,INTERRUPTOR DA PORTA,05110
7700105843,JUNTAAÇOESTAPADACOLESCAPP/VEÍC,05111
7701478541,JUNTA DE BORRACHA VULCANIZADA NAO ENDURE,05112
631454859R,CANTONEIRA DE FIXACAO DO PARALAMAS,05113
8201720440,JUNTA DE ACO DE VEDACAO DO TUBO,05114
484713390R,RODA DO EIXO DA DIRECAO DE VEICULO AUTOM,05115
8200461432,SENSORDEOXIGENIO,05116
403150544R,120OTA PARA RODA DE VEICULO AUTOMOVEL,05117
7703008226,PARAFUSO FLANGEADO M6 EM ACO LIGA (C: 0,,05118
623862482R,MOLDURA DE ACABAMENTO DA GRADE DO RADIAD,05119
8200688789,ANEL EM BORRACHA DO SISTEMA DE SUSPENASO,05120
240802873R,CABO ELETRICO ISOLADO DA BATERIA,05121
132701KT0A,JUNTA DE BORRACHA VULCANIZADA NAO ENDURE,05122
286205987R,BOMBA DE VAZAO IGUAL A 28 LITROS POR MIN,05123
896070911R,PROTECAO ANTIRUIDO PARA USO EM VEICULO,05124
7703102109,PARAFUSO NAO PERFURANTE ROSCADO DE ACO L,05125
654016409R,DOBRADICA EM METAL COMUM DE ABERTURA DO,05126
322021329R,SUPORTE DO VIRABREQUIM DA GUIA DO ROLAME,05127
7703077469,CLIP MANUTENCAO,05128
401583653R,PARAFUSO NÃO PERFURANTE ROSCADO DE ACO L,05129
8200170826,ESPACADOR DE PLASTICO DO EIXO SELADOR,05130
7700302278,ARTICULACAO BARRA SUSPENSAO,05131
402027463R,MOYEU,05132
401589926R,PARAFUSO NÃO PERFURANTE ROSCADO DE ACO L,05133
161758552R,GAXETA DE BORRACHA VULCANIZADA NAO ENDUR,05134
8200218958,HASTE DE APOIO DO CAPÔ DO MOTOR DE VEÍCU,05135
8200815649,MOLDURA PLASTICA DO PINO TRAVA DA PORTA,05136
7701062123,CORDAO DE SUSTENTACAO DO TAMPAO DO PORTA,05137
8200124952,EIXO SATELITE DA CAIXA DE MARCHAS DE VEI,05138
990462231R,ACABAMENTO PLASTICO DA PORTA DA CARROCAR,05139
6001551783,CAPA DA PEDALEIRA,05140
870195280R,JOGO DE FIOS ELETRICOS (CHICOTE ELETRICO,05141
7750431086,SUPORTE DE FIXAÇÃO DO PÁRACHOQUE NA CAR,05142
7701042434,BASE DO VOLANTE COM CONTATO ELETRICO PAR,05143
8200002469,JOGO DE APARELHO ELETRICO (FAROL DE NE,05144
180022703R,PEDAL DO ACELERADOR ELETRONICO CONSTRUID,05145
7700428371,PORTINHOLA DE ENCHIMENTO DO TANQUE DE CO,05146
410119998R,CALIPER DO FREIO DE VEICULO AUTOMOVEL,05147
7702271412,ALARME CHAVEIRO B 52,05148
7717080978,PORTA OCULOS DE PLASTICO DE USO EM VEICU,05149
657710006R,HASTE DE SUSTENTACAO DO CAPÔ, EM ACO, UT,05150
8200245177,COBERTURA PLASTICA DO ESPELHO RETROVISOR,05151
8201739944,ACABAMENTO DA PORTA PARA CARROCERIA,05152
479005438R,SENSOR DE VELOCIDADE (GERADOR DE SINAIS),05153
432102069R,ROLAMENTO DE ROLETE CONICO,05154
323735500R,PINHAO DA CAIXA DE MARCHA DE VEICUL,05154
7782200778,DOBRADICA DE METAL COMUM DA PORTA PARA V,05156
7711734360,MODULO ELETRONICO PARA AUXILIO ESTACIONA,05157
8200808764,POLIA REGULADORA DE TENSAO,05158
146505758R,BOMBA DE VACUO ASSISTENTE DE FREIO,05159
231007440R,ALTERNADOR DE CORRENTE CONTINUA PARA CAR,05159
ACRMP5,MULTIMIDIA TELA 7,05160
7701068844,COBERTURA DE PLASTICO DO ESPELHO RETROVI,05160
121605905R,BIELA DE METAL PARA MOTOR DE IGNICAO,05161
402023172R,CUBO DA RODA DE VEICULO AUTOMOVEL,05161
0772012,PALHETA AUTOMOTIVO ECAIXE,05163
410603847R,PASTILHA DE FREIO DE VEICULO AUTOMOVEL,05164
410A12582R,PASTILHA DE FREIO DE VEICULO AUTOMOVEL,05165
985705074R,BOLSA INFLAVEL DE SEGURANCA (AIRBAG),05166
ACR003,MODULO VIDRO,05167
ACR004,SENSOR ESTACIONAMENTO,05168
8200350045,MOLA DE ACO NAO HELICOIDAL CILINDRICA DE,05169
8201001330,MODULO DE CONTROLE DO AIR BAG DE VEICULO,05170
7701210004,ROLAMENTO DE ESFERAS DE CARGA RADIAL DE,05171
8200425718,ELETROBOMBA CENTRIFUGA DE VAZAO INFERIOR,05172
7717056369,WIRELESS CHARGER,05173
804308807R,LIMITADOR EM METAL COMUM DA PORTA,05173
7701051903,PALHETA DO LIMPADOR DO PARA BRISA DE VEI,05174
7702266268,PALHETA DO LIMPADOR DE PÁRABRISA,05175
288901987R,BALAI ESSUIE PAREBRISE,05176
284B12939R,MODULO CONTROLE ELETRONICO P VEIC AUTO,05176
990479337R,ETIQUETA  AUTOADESIVA EM POLI(CLORETO DE,05177
288B52549R,JOGO DE PALHETAS DO LIMPADOR DE PARABRI,05178
288908416R,PALHETA DO LIMPADOR DE PARABRISAS DE USO,05179
8200745936,CAPA PLASTICA DO SUPORTE DE FIXACAO DA B,05180
288906796R,JOGO DE PALHETAS DO LIMPADOR DE PARABRI,05181
288902888R,PALHETAS P/BRISA,05182
288908716R,PALHETA DO LIMPADOR DO PARA BRISA DE USO,05185
288907359R,PALHETA DO LIMPADOR DE PARABRISA,05186
287909471R,PALHETA DO LIMPADOR DE PARABRISA,05187
288909935R,PALHETA DO LIMPADOR DO PARABRISA, UTILI,05188
288900825R,PALHETA DO LIMPADOR DE PARABRISAS,05189
288953663R,JOGO DE PALHETAS DO LIMPADOR DE PARABRI,05190
288908231R,PALHETA DO LIMPADOR DO PARA BRISA DE VEI,05191
8200335007,APARELHO PARA MEDIDA DO NIVEL DE OLEO DE,05192
288902488R,PALHETA DO LIMPADOR DO PARA BRISA DE VEI,05193
6001550464,MOLA DE ACO DE USO EM ASSENTO DE VEICULO,05194
985252884R,BOLSA INFLAVEL DE SEGURANCA COM SISTEMA,05195
166075401R,BOMBA INJETORA DE COMBUSTIVEL EM ACO COM,05196
117201902R,SORTIDO COMPOSTO POR POLIA DE ROLAMENTO,05197
288901158R,CONJUNTO DE PALHETAS, EM BORRACHA E ACO,,05198
255401249R,CONTROLADOR PROGRAMAVEL COM TENSAO DE 12,05198
8660003780,FILTRO DE OLEO,05200
224017726R,VELA DE IGNICAO P/ MOTOR CENTELHA,05202
313816593R,RESPIRO DE BORRACHA VULCANIZADA NAO ENDU,05203
8200013577,LUZPLACALICENÇAP/VEÍC,05204
806074969R,MACANETA EXTERNA UTILIZADA NAS PORTAS,05205
7701068848,ESPELHO RETROVISOR DA CARROCARIA DE VEIC,05206
7711785626,MASTIQUE DE VEDACAO DE USO EM VEICULO,05207
7711579085,MASTIQUE DE VEDACAO,05208
985H17421R,BOLSA INFLAVEL DE SEGURANCA COM SISTEMA,05209
7700109892,INJETOR DE OLEO LUBRIFICANTE NO PISTAO P,05210
383424036R,JUNTA DE VEDACAO MECANICA (SELO MECANICO,05211
8200645967,DIFUSOR DE AR DO PAINEL DE INSTRUMENTOS,05212
410680001R,CABO ELETRICO MUNIDO DE PECAS DE CONEXAO,05212
172907012R,JAUGE CARBURANT APV,05213
7701205758,JOGO DE PASTILHAS DO FREIO DE VEICULO AU,05215
585613,CABO EMBREAGEM,05215
237100885S,MODULO ELETRONICO DO TIPO ECU PARA MOTOR,05216
8660089502,FILTRO DE HABITACULO MOTRIO,05217
110441KT0B,JUNTA METALOPLASTICA PARA CABE,05218
963655132R,LENTE PARA ESPELHO RETROVISOR EXTERNO LA,05219
265981260R,COBERTURA DA FAROL INDICADOR DE MANOBRAS,05221
262925502R,LAMPADA DE NEBLINA,05221
8201611343,VELA DE IGNICAO DE MOTOR DE VEICULO AUTO,05222
122795908R,JUNTAS DE BORRACHA VULCANIZADA NAO ENDUR,05223
8200445627,VELA DE AQUECIMENTO PARA MOTOR DE IGNICA,05223
166002128R,BICO INJETOR DE COMBUSTIVEL PARA MOTOR D,05224
22401CP51B,VELA DE IGNICAO PARA MOTOR DE IGNICAO PO,05225
150508107R,PESCADOR DA BOMBA DE ÓLEO,05226
132011477R,VALVULA DE ADMISSAO PARA MOTOR,05227
8201108339,BRACO DE LIGACAO EM ACO PARA CAIXA DE DI,05228
224015847R,VELA DE IGNIÇÃO,05229
8200276361,INTERRUPTOR ELETRICO PARA TENSAO DE 13,5,05230
115600887R,BICO DE RESFRIAMENTO DE PISTAO DO MOTOR,05231
22630JN00A,TERMISTOR DOTADO DE ENVOLUCRO E CONECTOR,05232
122230323R,BRONZINA DO MANCAL SUPERIOR,05233
130C19110R,KIT DE DISTRIBUICAO DO MOTOR EM METAL DE,05234
166009398R,INJETOR DE COMBUSTIVEL P/ MOTOR CENTELHA,05235
261652475R,APARELHO ELETRICO DE SINALIZACAO VISUAL,05236
8200756598,IMÃ PERMANENTE DE NEODÍMIO,05237
7702266010,LAMPADA BASE DE VIDRO T10 2825 12V,05238
267175121R,LAMPADA HALOGENA DE TUNGSTENIO PARA TENS,05239
7702266071,ÂMPADAS DE HALÓGENEO 12V PARA USO EM VE,05240
805031568R,FECHADURAMETALCOMUMPORTA,05241
888507721R,CINTO DE SEGURANCA DE VEICULO AUTOMOVEL,05242
622239305R,SUPORTE PLASTICO DE FIXACAO,05243
990454031R,ETIQUETA AUTOADESIVA DE POLICLORETO DE,05244
240800415R,CABO MASSA DA BATERIA,05245
271500889R,MODULO DE CONTROLE ELETRONICO AUTOMATICO,05246
265555726R,APARELHO ELETRICO LUZ DE SINALIZACAO VIS,05247
306206620R,CILINDRO DE ACIONAMENTO HIDRAULICO,05248
7703179010,PRESILHA PLASTICA MULTIFUNCIONAL DE USO,05249
140357535R,GAXETA EM BORRACHA VULCANIZADA NÃO ENDUR,05250
7701208834,ANCORAGEM DO ASSENTO TRASEIRO PARA TRAVA,05251
441009184R,CILINDRO HIDRAULICO DA RODA  DE VEICULO,05252
6001549989,ARTICULACAO DA SUSPENSAO DE VEICULOS AUT,05253
7701056151,JUNTA DE ARTICULACAO (TRIZETA) DE VEICUL,05254
8200639421,TAMPA DO BOCAL DE ENCHIMENTO DE COMBUS,05255
7700310940,EMBLEMA PLASTICO DA CARROCARIA DE VEICUL,05256
7703081185,PRESILHA PLASTICA MULTIFUNCIONAL DE USO,05258
277200005R,SENSOR DE TEMP,05259
658296247R,BATENTE DO CAPO,05261
825708442R,TRAVA DE METAL COMUM DA PORTA PARA USO E,05262
7703066047,ANEL CIRCLIP EM ACO LIGA, SEM TRATAMENTO,05263
8200689891,CAIXA SENSOR,05264
7703074689,TAMPAO PLASTICO PARA PORCA DE USO EM VEI,05265
8201695844,JUNTA DE VEDACAO EM BORRACHA VULCANIZADA,05266
166189332R,JUNTA DE BORRACHA VULCANIZADA NAO ENDURE,05267
7703034287,PORCA DE ACO ROSCADA DE USO VEICULO AUTO,05267
764M18683R,JUNTA DE VEDACAO DE BORRACHA VULCANIZADA,05269
140362111R,JUNTA METALOPLASTICA DO MOTOR DE VEICULO,05270
041000001R,PORCA FLANGEADA,05271
383423VX0A,JOGO DE JUNTAS E RETENTORES FA,05272
7703002732,PARAFUSO NAO PERFURANTE ROSCADO DE ACO L,05273
7703006296,PARAFUSO NAO PERFURANTE ROSCADO DE ACO L,05274
822834102R,ACABAMENTO DE PLASTICO AUTO ADESIVO,05275
7707034016,PORCA ROSCADA EM ACO LIGA, TEMPERADO, GA,05276
7703073222,BUCHA DE BORRACHA,05277
402348364R,CALOTA FABRICADA EM PLASTICO PROPRIA PAR,05278
609113587R,ESPUMA DO PAINEL,05279
8200702754,ELEMENTO DE FIXACAO DO FILTRO DE OLEO DO,05280
8200719612,PLOT SUSPENSION ECHAPPEMENT,05282
254116447R,INTERRUPTOR ELETRICO DUPLO DO LEVANTA VI,05283
170421094R,POMPE CARBURANT,05284
8200685363,CAPTEURPRESSIONSURALIMENTATIONM9RK2,05285
7703034281,PORCA ACO CARBONO TEMP GALV M12X12510SA1,05286
658326380R,MOLDURA DE ACABAMENTO DA DOBRADICA DO CA,05288
271505589R,MODULO DE CONTROLE ELETRONICO DO MOTOR D,05289
8200070461,TAMPAO DE BORRACHA VULCANIZADA NAO ENDUR,05290
121117862R,MANCAL DO EIXO DE ROLAMENTO DA MANIVELA,05291
402141584R,ANEL DE TRAVAMENTO, NAO ROSCADO, EM ACO,05292
964000659R,SUPORTE PLASTICO DO PARA SOL DE VEICULO,05293
410058448R,PARAFUSO NÃO PERFURANTE ROSCADO DE ACO L,05294
140328698R,GAXETA DE BORRACHA VULCANIZADA NAO ENDUR,05295
788372110R,SELO DE BORRACHA PARA TERMINAL/ GROMETE,05296
7700415861,PROTECTEUR CHAPE PEDALIER,05297
8200502019,ISOLANTE DO EXAUSTOR DE AR ESQUERDO,05298
130423HD0A,JUNTA DE PLASTICO (TEFLON) PARA ARVORE D,05299
905928353R,SUPORTE DE METAL COMUM DO BATENTE DA POR,05301
99033000,MAQUINA VIDRO TRASEIRO,05302
8550503033,VELA AQUECEDORA PARA MOTOR DIESEL,05302
768610264R,JUNTA DE VEDACAO EM BORRACHA VULCANIZADA,05303
848101327R,ACABAMENTO DA TAMPA DO PORTA MALAS PARA,05304
261A26385R,ENJOLIVEUR PROJECTEUR BROUILLARD D,05304
260100369R,APARELHO ELETRICO (FAROL ) DE ILUMINACAO,06A01
807208194R,MECANISMO DE ELEVACAO DO VIDRO ELETRICO,06A1
821000245R,PORTA PARA CARROCARIA DE VEICULO AUTOMOV,06A1
848108796R,ACABAMENTO PORTA MALAS,06A1
801004690R,PORTE AV D PASS,06A1
460112629R,BOMBA DO CILINDRO DO FREIO DE VEICULO AU,06A1
7711733524,BONÉ NEW LOGO RENAULT RS,06A1
963022131R,ESPELHO RETROVISOR DE VEICULO,06A1
807205676R,MECANISMO DE ACIONAMENTO DO VIDRO,06A1
7711732545,MVHS218BT,06A1
120106558R,PISTAO PARA MOTOR DE IGNICAO POR CENTELH,06A1
0160820,FAROL H7/H1 GOL/SAVEIRO/VOYAGE GVI 2013/2016 LD,06A1
0160714,FAROL H7/H1 COM DEFLETOR LOGO VW GOL GERAÇAO V 200,06A1
731127215R,TETO DA CARROCARIA DE VEICULO AUTOMOVEL,06A1
214936501R,RESISTOR DA UNIDADE DE MOTORIZACAO DE VE,06A1
8660089533,MOTRIO 10W40 API SL,06A1
7711732201,AVHZ5080TV,06A2
310321305R,MODULO ELETRONICO DE CONTROLE DO SISTEMA,06A2
250606700R,SENSOR DE NIVEL DE COMBUSTIVEL DO TANQUE,06A2
546146177R,ABRACADEIRA EM ACO DE FIXACAO DE USO MUL,06A2
213056765R,RESFRIADOR AR OLEO MOTOR,06A2
117203694R,KIT DO TENSIONADOR E POLIA DE VEICULO,06A2
963319538R,ESPELHO RETROVISOR DE USO EM VEICULO,06A2
0160751,FAROL HB20 / HB20 SEDAN 2014/ MOLDURA PRETA TEXTUR,06A2
260106679R,APARELHO ELETRICO (CAIXAS DE LUZES COMBI,06A2
260104172R,APARELHO ELETRICO (FAROL) DE ILUMINACAO,06A3
260108704R,APARELHO ELETRICO (FAROL ) DE ILUMINACAO,06A3
150100565R,BOMBA DE OLEO LUBRIFICANTE PARA MOTOR DE,06A3
8200588426,TUBULACAO DO SISTEMA,06A4
260107540R,APARELHO ELETRICO (FAROL ) DE ILUMINACAO,06A4
682521285R,TAMPA DO PORTA LUVAS DO PAINEL DE INSTRU,06A4
260102349R,APARELHO ELETRICO (FAROL) DE ILUMINACAO,06A5
260101079R,FAROL DIREITO,06A5
265503724R,FEU AR D,06B02
260106869R,CAIXAS DE LUZES PARA SINALIZACAO VISUAL,06B04
260105856R,CAIXAS DE LUZES PARA SINALIZACAO VISUAL,06B04
265502653R,APARELHO ELETRICO (CAIXA DE LUZES COMBIN,06B05
8200677854,GANCHO DE SEGURANCA DE METAL COMUM PARA,06B1
261A29352R,MOLDURA PARA ACABAMENTO DO FAROL DE NEBL,06B1
7700352424,MACANETA DE PLASTICO DA PORTA DE VEICULO,06B1
805028036R,FECHADURA DE METAL COMUM DA PORTA DE VEI,06B1
821003256R,PORTA DE VEICULO AUTOMOVEL,06B1
562100491R,AMORTECEDOR DA SUSPENSAO DE VEICULO AUTO,06B1
8200403164,AMORTECEDOR TRASEIRO DA SUSPENSAO D,06B1
281155318R,CENTRAL MULTIMIDIA COM FONTE EXTERNA DE,06B1
8200216462,INTERRUPTOR ELETRICO DA COLUNA DE DIRECA,06B1
255678614R,CONJUNTO INTERRUPTORES ELETRICOS ROTATIV,06B1
823304401R,MOLDURA BORRACHA, GUIA VIDRO VEIC,06B1
6001547892,BRACO DE FIXACAO DO BERCO DO MOTOR DE VE,06B14
908301467R,GAXETA DE BORRACHA VULCANIZADA NAO ENDUR,06B16
8200637308,EMBLEMA PLASTICO DA CARROCARIA DE VEICUL,06B2
272108388R,VENTILADOR PARA SISTEMA DE CLIMATIZACAO,06B2
6001550155,VALVULA DE EXPANSAO TERMOSTATICA, EM ALU,06B2
7701206742,ROLAMENTO DE ESFERAS DE CARGA RADIAL,06B2
8200765568,SUPORTE EM METAL DE FIXACAO DO RADIADO,06B2
8200797441,INJETOR DE COMBUSTIVEL DE MOTOR DE IGNIC,06B2
638311402R,PROTETOR DA CAIXA DE RODA PARA CARROCARI,06B2
150106543R,BOMBA DE OLEO LUBRIFICANTE,06B2
272101827R,GRUPO MOTOVENTILADOR DO CLIMATISADOR,06B2
464002620R,VALVULA REGULADORA DE PRESSAO DO SISTEMA,06B3
7701473003,JOGO DE JUNTAS E RETENTORES DO CABECOTE,06B3
6001551453,ARTICULACAO AXIAL DA CAIXA DE DIRECAO DE,06B3
7701474454,CAPA DO RETROVISOR EXTERNO,06B3
210103362R,BOMBA D'AGUA,06B3
284427735R,CAMERA PARA AUXILIO EM MANOBRAS,06B4
758906858R,COBERTURA DO MOTOR, UTILIZADO EM VEICULO,06B4
281156900R,APARELHO RECEPTOR DE RADIODIFUSAO. COM A,06B4
460114996R,AMPLIFICADOR (HIDROVACUO) PARA SISTEMA,06B4
484004843R,VOLANTE DA DIRECAO SEM MODULO AIR BAG PA,06B4
8200176228,GRAMPO DE PLASTICO MULTIFUNCIONAL PARA U,06B4
214819703R,VENTILADOR PARA SISTEMA ARREFECIMENTO DO,06B4
8200213712,GRADE DE AR DO PAINEL PARA CARROCARIA DE,06B4
8200460509,PROTETOR DA CAIXA DE RODAS PARA CARROCAR,06B4
7703020057,PARAFUSO PERFURANTE ROSCADO DE ACO  LIGA,06B5
479452615R,GERADOR DE SINAL (SENSOR DE POSICAO ANGU,06B5
543022474R,AMORTECEDOR DO SISTEMA DE  SUSPENSAO DE,06B5
8201728369,PELE SUPERIOR DO PARACHOQUE,06B6
7701206244,RESISTENCIA DE AQUECIMENTO DO RADIADOR D,06B7
465313830R,COBERTURA EM BORRACHA VULCANIZADA,06B8
260607427R,APARELHO ELETRICO (FAROL ) DE ILUMINACAO,06C05
7700353200,BATENTE DE BORRACHA VULCANIZADA NAO ENDU,06C1
7703633014,PORCA FLANGEADA M8 EM ACO LIGA, TEMPERA,06C1
8200644749,COBERTURA EM POLIPROPILENO DO ECU DO MOT,06C1
130205793R,ARVORE DE CAMES PARA COMANDO DE VALVULAS,06C1
876707929R,COBERTURA DE ACABAMENTO DO ASSENTO,06C1
7701715364,ENGRENAGEM DA CAIXA DE MARCHAS DE VEICUL,06C1
995456070R,CHAVE DE RODA MANUAL COM ABERTURA FIXA P,06C13
808319732R,GUARNICAO DE BORRACHA VULCANIZADA NAO EN,06C14
7700426417,INTERRUPTOR ELETRICO PARA TENSAO DE 12V,06C2
7700413545,ESGUICHO DO LIMPADOR DE PARABRISA DE VEI,06C3
7703072051,REBITEDEALUMÍNIO,06C3
8200051733,FECHADURA DE ACO DE VEICULO,06C3
6001552013,RESISTENCIA ELETRICA FIXA COM POTENCIA I,06C3
8200814828,MANCAL DE FIXACAO DO EIXO TRASEIRO DE VE,06C3
7750350524,CAIXA DE RODAS DE VEICULO AUTOMOVEL,06C3
7700875584,EIXO DA CAIXA DE MARCHAS DE VEICULO AUTO,06C3
543021508R,AMORTECEDOR DIANTEIRO DA SUSPENSAO DE VE,06C4
265552437R,APARELHO ELETRICO (CAIXAS DE LUZES COMBI,06C4
140357308R,JUNTA DE BORRACHA VULCANIZADA NAO ENDURE,06C4
8200778763,CALOTA DA RODA DE VEICULO AUTOMOVEL,06C5
164466048R,TUBO DE COMBUSTIVEL DE VEICULO AUTOMOVEL,06C5
8200240469,MOLDURA FAROL DE NEBLINA PÁRACHOQUE AUT,06C6
150501747R,PENEIRA DA BOMBA DE OLEO DE VEICULO AUT,06C8
8200013997,POLIA DE VEICULO AUTOMOVEL,06C8
122073907R,BRONZE COM DIAMETRO INTERNO IN,06D01
543021222R,AMORTECEDOR DA SUSPENSAO,06D03
8200942407,BANDEJA DA SUSPENSAO DE VEICULO AUTOMO,06D1
7700430702,BOMBA CENTRIFUGA DO LIMPADOR DE PARABRI,06D1
774D15844R,REFORCO DO PAINEL PARA CARROCERIA,06D1
402062984R,JOGO DE DISCOS DE FREIO DE VEICULO AUTOM,06D1
963017464R,ESPELHO RETROVISOR PARA VEICULO AUTOMOVE,06D1
805031870R,FECHADURA ELETRICA DA PORTA,06D2
7700422938,CALOTA DA RODA DE VEICULO AUTOMOVEL,06D2
465401570R,PEDAL DA EMBRAGEM DE VEICULO AUTOMOVEL,06D2
873809709R,COBERTURA DE ACABAMENTO DO BANCO,06D2
8200839625,ACABAMENTO PLASTICO DA LATERAL PARA CARR,06D2
8200969622,FILTRO DE OLEO PARA MOTOR DE IGNICAO P,06D3
8200200285,APOIO PARA CARROCARIA,06D3
215015759R,TUBO DE BORRACHA VULCANIZADA NAO ENDUREC,06D3
7700100393,PISTAO EMBREAGEM DE VEICULO AUTOMOVEL,06D3
8200615853,ESPACADOR DE ACO LIGA, TEMPERADO, REVE,06D3
878162970R,FIVELA DO CINTO DE SEGURANCA PARA CARROC,06D4
543020125R,AMORTECEDOR DIANTEIRO,06D4
8200802664,POLIA AMORTECEDORA DE VIBRACAO DE VEIC,06D4
543028587R,AMORTECEDOR DO SISTEMA DE  SUSPENSAO DE,06D5
122994M500,CHAVILHA DE ACO MEDIO CARBONO COM PROCES,06D7
969249635R,KIT DE MANUAIS LOGAN SANDERO 2019,06E1
240119432R,JOGO DE FIOS ELETRICOS (CHICOTE ELETRICO,06E1
7701474783,ANEL EM ACO DE APOIO DA CAIXA DE MARCHA,06E1
8660089541,CONJUNTO DE DISCOS DE FREIO,06E1
132310594R,TUCHO HIDRAULICO PARA MOTOR DE IGNICAO P,06E2
8200421392,MANGUEIRA DE BORRACHA VULCANIZADA NAO EN,06E2
175205750R,RAMPA DE PARTIDA A FRIO,06E2
908890877R,EMBLEMA PLASTICO TRASEIRO DE USO EM,06E2
7701047579,ANEL DE VEDACAO EM BORRACHA VULCANIZADA,06E3
463161804R,FLEXIBILIDADE DO FREIO TRAS,06E3
969247747R,KIT DE MANUAIS DUSTER 2018,06E4
6001548164,COIFA DE PLASTICO, ACOMPANHADA DE ABRACA,06E4
440600295R,JG PASTILHAS FREIO P/ VEÍC AUTO,06E4
2223115910,CONEXÃOPLÁSTICAPARATUBOS,06E5
8200418356,APARELHO ELETRICO (LUZ DO PORTA MALAS) D,06E6
8200208335,CUBO DA RODA DIANTEIRA PARA VEÍCULO,06F1
349013165R,COMANDO DE MUDANCAS DE MARCHAS PARA,06F1
8200602852,DEFLETOR DE AR DO PARACHOQUE,06F2
8200720546,MANGA DO EIXO DO SISTEMA DE SUSPENSAO,06F2
8201038335,VALVULA DE PROPORSAO DO COMPENSADOR DO S,06F3
281940020R,ESPACADOR AUTO FALANTE,06F3
227701454R,SENSOR DE CONTROLE DE PRESSAO DE USO,06F3
253C84582R,SUPORTE PLASTICO, POLIPROPILENO, DO SENS,06F4
7703034244,PORCA ROSCADA DE ACO LIGA TEMPERADA E RE,06F4
140361KT0A,JUNTA DE VEDACAO EM ACO DE USO EM MOTORE,06F4
908907415R,EMBLEMA PLASTICO DA PELE DE ESCUDO FRONT,06F5
130283955R,CORRENTE EM ACO APRESENTADA EM ROLOS DE,06F5
8200752814,TAMPA DO  REBOQUE DO PARACHOQUE,06F5
110563297R,PARAFUSOS DE ACO,06F5
807600919R,MANIVELA DE PLASTICO DO REGULADOR DA JAN,06F6
130011249R,ARVORE DE CAMES, PARA ADMISSAO EM MOTOR,06G1
620240712R,FECHAMENTO PÁRACHOQUE DIANT P/ AUTO,06G1
7701206313,CILINDRO MESTRE DO FREIO, UTILIZADO EM V,06G1
248093889R,INDICADOR DE VELOCIDADE (VELOCIMETRO) E,06G2
248107802R,QUADRO DE INSTRUMENTOS ACOMPANHADO DE VE,06G2
284B16257R,MODULO ELETRONICO DE CONTROLE DA CARROCE,06G3
284B10447R,MODULO ELETRONICO DE CONTROLE DA CARROCE,06G3
284B14267R,MODULO ELETRONICO DE CONTROLE DA CARROCE,06G3
7701069167,RESISTENCIA,06G4
271500198R,RESISTENCIA GMV CLIMATIZAÇÃO,06G4
7711733562,APARELHO ELETRICO (FAROL) DE ILUMINACAO,06H1
7700840099,FIACAO ELETRICA (CHICOTE ELETRICO) COM C,06H1
8200939913,EIXO SECUNDARO DA CAIXA DE MARCHAS MANUA,06H1
7701208333,PINCA DO FREIO DE VEICULO AUTOMOTIVEL,06H2
172024715R,BOMBA DE COMBUSTIVEL PARA MOTOR DE IGNIC,06H2
8200950420,COMANDO DE RADIO,06H3
969241393,KIT MANUAL CAPTUR XHAPTB POS VENDA V3,06H3
271505248R,RESISTENCIA ELETRICA FIXA DE POTENCIA IN,06H4
990614641R,MANUAL DE GARANTIA PARA VEICULO AUTOMOVE,06H4
995509357R,MACACO HIDRAULICO PARA VEICULO AUTOMOVEL,06H4
969249321RR,KIT NOVA DUSTER PH2 E OROCH - 2015 POS VENDA,06I1
8200234587,MOLDURA DE BORRACHA VULCANIZADA NAO EN,06I1
985101085R,DISPOSITIVO ELETRONICO PARA CONTROLE DO,06I1
7711734373,NECESSAIRE MASCULINA DE TECIDO,06I1
999104703RR,KIT MANUAL FLUENCE 2014,06I2
8200449006,PRESILHA PLASTICA PARA FIXAÇÃO DO PARASO,06I2
969246652RR,KIT NOVO SANDERO,06I3
479105431R,SENSOR (GERADOR DE SINAIS) PARA FREIO AB,06I3
464002332R,COMPENSADOR DO SISTEMA DE FREIO TRASEIRO,06I3
969247285R,KIT DE MANUAIS KWID 2017,06I3
969243265R,FOLHETO IMPRESSO CONTENDO INFORMACOES SO,06I4
969243745R,KIT DE MANUAIS SANDERO 2017,06I4
999102637RR,KIT MANUAL KANGOO,06I4
768F30002R,PAINEL DA CARROCARIA DE VEICULO AUTOMOVE,06J1
990619277R,MANUAL DE GARANTIA PT V CG S312016 POS-VENDA,06J1
969248343R,KIT DE MANUAIS LOGAN 2016/2017,06J1
990619277RR,MANUAL DE GARANTIA PT V,06J1
999102150R,Kit de Manuais Clio 2013,06J2
999100567R,Kit de Manuais Fluence 2013,06J3
161209599R,VALVULA BORBOLETA,06J3
806702738R,MAÇANETA PRETA DI,06J3
161203393R,CORPO DE VALVULA BORBOLETA UTILIZADA EM,06J3
272779472R,FILTRO CABINE,06PS
8660089516,FILTRO DE AR MOTRIO,06001
620729869R,KIT DE ACABAMENTO E FIXACAO DO PARACHOQU,06002
485207849R,HASTE DE LIGACAO DO SISTEMA DE DIRECAO D,06003
8660089500,FILTRO MOTRIO,06004
1350113,DESCARBONIZANTE BICOS VIA TANQUE,06005
397748146R,SUPORTE DO SEMIEIXO DIANTEIRO  DE VEICU,06005
8660089691,FLUÍDO DE FREIO 500 ML,06006
130C13130R,CONJUNTO COM DUAS POLIAS SENDO UMA REGUL,06007
7700500155,VELA DE IGNICAO PARA MOTORES DE IGNICAO,06008
8200039656,GUIA ROLAMENTO DA CAIXA DE MARCHAS DE VE,06009
224019202R,VELA DE IGNICAO PARA MOTOR DE PISTAO IGN,06010
631263,MANGUEIRA  RADIADOR,06011
440603321R,PASTILHA DE FREIO DE VEICULO AUTOMOVEL,06011
623829721R,MOLDURA PARA ACABAMENTO DA GRADE DO RADI,06012
165464877R,ELEMENTO FILTRANTE PARA FILTRO DE AR DO,06013
8550507699,ADITIVO MULT DIESEL,06014
164228364R,SUPORTE PLASTICO DO FILTRO DE COMBUSTIVE,06015
8200257642,FILTRO OLEO CLIO II 1.0/1.6 16V H4M,06016
360103090R,ALAVANCA DE FREIO DE ESTACIONAMENTO MONT,06016
1300528,KIT LUBRIFICACAO,06017
8671005920,FILTRO DE AR MOTRIO,06018
7711945897,FILTRO DE OLEO DO MOTOR DE IGNICAO POR C,06019
8200362442,FILTRO DE OLEO MINER,06020
7711945906,FILTRO PARA FILTRAGEM MECANICA DE ACEITE,06022
8200656784,BOUGIE ALLUMAGE,06023
317261XF00,FILTRO DE OLEO DA CAIXA DE MARCHAS AUTOM,06024
7700500168,VELADEIGNIÇÃO,06025
331729798R,JUNTA DE COBRE DA TAMPA DE OLEO DE USO E,06026
7711172381,FLUÍDO P/ FREIO HIDRÁULICO AUTO,06027
7701479124,ELEMENTO DO FILTRO DE COMBUSTIVEL DE VEI,06028
224019874R,VELA DE IGNICAO PARA PRODUCAO DE FAISCA,06029
112106577R,COXIM DO MOTOR DE VEICULO AUTOMOVEL,06030
749020354R,CARPETE DO ASSOALHO DA CARROCARIA DE VEI,07A01
739108727R,REVESTIMENTO PARA CARROCARIA,07A01
739101753R,TETO PARA CARROCARIA DE VEICULO AUTOMOVE,07A01
749026301R,REVESTIMENTO COM FORMATO PROPRIO DO ASSO,07A01
960151542R,ELEMENTO AERODINAMICO DO PARACHOQUE DE V,07A02
MR003787,PNEU 225/65R16C ONYX NY -06 112/110T 8L,07A1
100017068R,MOTOR DE PISTAO DE IGNICAO POR CENTELHA,07A1
7701205658,CONJUNTO CANALETA E PESTANAS DE BORRACHA,07A1
823319007R,MOLDURA PLASTICA DO VIDRO DA PORTA DE VE,07A4
8200405701,ANEL IMOBILIZADOR/TRANSPONDER, PARA IDEN,07B1
850749623R,ELEMENTO DE FECHAMENTO DO PARACHOQUE DE,07B1
769237957R,JUNTA DE BORRACHA VULCANIZADA NAO ENDURE,07B1
803019036R,VIDRO DE VEICULO AUTOMOVEL,07B1
883202188R,COBERTURA DE ACABAMENTO DO ASSENTO DO AS,07B2
260100400R,APARELHO ELETRICO DE ILUMINACAO  FAROL,07B2
215014588R,TUBO DE BORRACHA VULCANIZADA,07B2
828380228R,GUARNICAO PORTA DE BORRACHA VULC NAO END,07B3
823001184R,VIDRO DE SEGURANCA TEMPERADO, COLORIDO,,07B4
682609537R,MOLDURA DO PAINEL DE INSTRUMENTOS PARA C,07B4
622567937R,ELEMENTO AERODINAMICO DO PARACHOQUE DIAN,07B4
259904473R,UNIDADE DE CONTROLE ELETRONICO PROGRAMAV,07C1
7701477813,JOGO DE JUNTAS DO MOTOR PARA VEICULO AUT,07C1
113605631R,BIELETA DE MONTAGEM DO MOTOR DE VEICULO,07C5
7701469496,COIFA DE BORRACHA ACOMPANHADA DE PRESILH,07D2
120A11789R,PISTOES P/ MOTOR DE IGNICAO POR COMPRESS,07D4
641317586R,CAIXA DE RODA DE VEICULO AUTOMOVEL,07E1
641311540R,ELEMENTO DE MONTAGEM PARA CAIXA DE RODA,,07E1
641317075R,CAIXA DE RODA PARA CARROCARIA DE VEICULO,07E1
306101444R,CILINDRO DE ACIONAMENTO HIDR EMBREAGEM,07E4
934629794R,MACANETA DE PLASTICO DA PORTA DE VEICULO,07F1
759237878R,CAIXA DIANTEIRA DO BERCO DA CARROCARIA D,07F2
751262307R,SUPORTE DE FIXACAO DO BERCO DO MOTOR PAR,07F2
809617810R,COBERTURA DO INTERRUPTOR DE COMANDO DO V,07F2
7702295388,TRAVA DE AÇO DA FECHADURA DA PORTA,07F2
7700353201,BATENTE DE BORRACHA VULCANIZADA NAO ENDU,07F3
807213077R,MECANISMO ELETRICO DE LEVANTAMENTO DOS V,07G1
7751470023,SUP COLUNA DIANT CARROC P/VEÍC,07G1
756C15679R,TRAVESSA DE FECHAMENTO DA CARROCARIA DE,07G2
172022980R,BOMBA PARA LIQUIDO DE ARREFECIMENTO PROP,07H2
305426621R,COBERTURA EM BORRACHA VULCANIZADA NÃO EN,07H5
165468558R,CARTUCHO FILTRANTE DE AR,07001
8201676037,FILTRO DE AR CONDICIONADO PARA VEICULO A,07002
165469905R,FILTRO DE ENTRADA DE AR PARA MOTOR DE VE,07003
7020X,TAPETE UNIVERSAL BORRACHA AMAPA,07004
0160800,FAROL HB20 / HB20 SEDAN 2014/ MOLDURA PRETA TEXTUR,07005
272771665R,FILTRO DE AR DO SISTEMA DE VENTILACAO DE,07005
0160742,FAROL DUPLO H7/H1 COM REGULAGEM MANUAL FOX / SPACE,07006
7711734426,MULTIMIDIA 7" S/ COMANDO,07007
749020344R,REVESTIMENTO COM FORMATO PROPRIO DO ASSO,08A1
554904670R,ANTI RUIDO DE METAL COM BORRACHA PARA O,08A1
7702295263,PARACHOQUE DIANTEIRO PARA VEICULO,08A1
6001549068,MOTOR DE PISTAO POR IGNICAO POR CENTELHA,08A2
7701054063,APARELHO ELETRICO (FAROL) DE ILUMINACAO,08A4
7700423915,GANCHO DE METAL COMUM DO FECHO DA TAMPA,08A6
240112851R,JOGO DE FIOS ELETRICOS (CHICOTE ELETRICO,08A9
200109393R,LINHA DE ESCAPAMENTO COMPOSTA DE TUBO DE,08B1
540303710R,BATENTE INFERIOR DA MOLA DA SUSPENSAO, E,08B2
260604235R,APARELHO ELETRICO (FAROL) DE ILUMINACAO,08B4
281902731R,TAMPA PLASTICA AUTOADESIVA MULTIFUNCION,08B6
7751479170,PORTA PARA CARROCARIA DE VEICULO AUTOMOV,08C1
100012971R,MOTOR DE PISTAO DE IGNICAO POR CENTELHA,,08C1
411288874R,PARAFUSO DO SUPORTE DE SANGRIA DO FREIO,08C2
7700869797,COBERTURA DA CAIXA DE SAIDA DE AGUA PARA,08C2
8201010921,MECANISMO MANUAL DE LEVANTAMENTO DO VIDR,08C2
7751479172,PORTA PARA CARROCARIA DE VEICULO AUTOMOV,08C3
7751478671,PAINEL PARA CARROCARIA DE VEICULO AUTOMO,08C4
668628701R,GRADE DO CAPOT LADO DIREITO,08C4
8201450433,BASMOTEUREQUIPE,08C7
656010006R,FECHADURA CAPÓ DIANTEIRO,08D1
7700872504,VALVULA REGULADORA DE PRESSAO DE VEICULO,08D1
638750012R,MOLDURA EXTERNA PARA ESPELHO RETROVISOR,08D3
7701042493,PLATO DE FREIO PARA VEICULO AUTOMOVEL,08D3
7701041021,CILINDRO HIDRAULICO DE MOVIMENTO RETILIN,08D4
7703077090,GRAMPO MANUTENCAO,08D4
132313436R,TUCHO DA VÁLVULA,08E3
964000029R,SUPORTE DE FIXACAO DO PARASOL DE VEICULO,08E5
242100283R,CLIPE PLASTICO PARA FIXACAO,08E6
220603913R,SENSOR DE DETONACAO PARA TRANSFORMACAO D,08E6
7701479190,COXIM EM BORRACHA E ELEMENTOS METALICOS,,08F2
625B47883R,CANTONEIRA DE AÇO P/ FIXAÇÃO,08G1
8200068583,ANEL DE VEDACAO DE BORRACHA VULCANIZADA,08G5
210511KT0A,POLIA DA BOMBA DE AGUA DE VEICULO AUTOMO,08H1
8200073444,EMBLEMA PLASTICO DA CARROCARIA DE VEICUL,08H2
8200763647,TAMPA PLASTICA DE FECHAMENTO DA CARROCER,08I3
7701472890,KIT DA MOLA DO PEDAL DA EMBREAGEM DE VEI,08J1
8200733848,MACANETA DE PLASTICO PARA VEICULO AUTOMO,08K2
995450001R,CHAVE ABERTURA FIXA RODA P/VEÍC,08K3
7701475187,BRONZINA COM DIAMETRO INFERIOR A 200MM,,08K5
0160549,FAROL,08001
8660089514,FILTRO DE ÓLEO  MOTRIO,08001
152085758R,FILTRE HUILE,08002
8660089505,FILTRO DE AR MOTRIO,08003
8660089651,FILTRO DE COMBUSTÍVEL,08004
7701208613,ELEMENTO DO FILTRO DE OLEO PARA VEICULO,08005
8200386495,FILTRE CARBURANT,08006
272773223R,FILTRO DE AR DO HABITACULO DE VEICULO AU,08007
8550510575,FILTRO DE AR,08008
164039587R,ELEMENTO DO FILTRO DE AR P/ VEIC AUTO,08008
0160799,FAROL HB20 / HB20 SEDAN 2014/ MOLDURA PRETA TEXTUR,08008
7701478196,PARACHOQUES TRASEIRO, UTILIZADO EM VEICU,09A1
808647643R,VEDACAO DO PAINEL DE REVESTIMENTO DA POR,09A1
320106634R,CAIXA DE MARCHA DE USO EM VEICULO AUTOMO,09A1
8201751159,CAIXA DE MARCHAS MANUAL DE VEICULO AUTOM,09A1
MR0032,PN 225/65R16C 112/110R 8PR SL,09A2
8200531898,ALMOFADA DO MIOLO DO VOLANTE DE VEICULO,09A3
260607166R,APARELHO ELETRICO (FAROL ) DE ILUMINACAO,09A3
876513206R,ESTRUTURA DO ENCOSTO DO BANCO,09A3
6001550132,RESERVATORIO DE COMBUSTIVEL,09A4
7702266752,205/75 R16 110/108R VANCONTACT AP 8PR,09A5
681030967R,PAINEL DE INSTRUMENTOS PARA VEICULO AUTO,09A6
749021935R,FORRACAO DE CARPETE DO ASSOALHO DE VEICU,09PS
823007064R,VIDRO DE SEGURANCA CURVO TEMPERADO DA PO,09PS
822310474R,GUIA DO VIDRO DA PORTA PARA CARROCARIA D,09PS
749405734R,ISOLADOR ANTI RUIDO DA CAIXA DE RODAS PA,09PS
8201741296,JG.  BARRA DE TETO RENAULT KWID MY22,09PS
7717073680,JG FRISO LATERAL OROCH MY25,09PS
825135873R,TRINGLE CONDAMNATION INT PORTE AR G,09001
828219407R,CANALETA PLASTICA,09002
8660089521,PALHETA DO LIMPADOR DE PARA BRISAS,09003
990450117R,ETIQUETA AUTOADESIVA DE PLASTICO DA CAR,09004
484723083R,COBERTURA DE ACABAMENTO DA COLUNA,09004
990449627R,ETIQUETA AUTOADESIVA DE POLICLORETO,09005
8200952488,ETIQUETA PLASTICA AUTOADESIVA,09006
990459232R,ADESIVO PLASTICO AUTOCOLANTE DECORATIVO,09007
7701056772,APOIO BRAÇO LAT BANCO VEÍCULO AUTO,09008
638754730R,ELEMENTO DE FECHAMENTO DO PARALAMAS  DA,09010
255543182R,CINTA DO AIRBAG (CINTA DE VOLANTE), UTIL,09011
310322776R,MODULO DE CONTROLE ELETRONICO DO SISTEMA,09012
7701044529,BRACO DO LIMPADOR DE PARABRISA DE VEICUL,09012
745329811R,ELEMENTO DE FECHAMENTO LATERAL DIREITO,09013
768525942R,ETIQUETA AUTOADESIVA DE POLIPROPILENO,09014
908890071R,EMBLEMA PLASTICO AUTOADESIVO DE POLI(CLO,09015
240707178R,JOGO DE FIOS ELETRICOS (CHICOTE ELETRICO,09015
8201168008,ALAVANCA DE ACIONAMENTO E CONTROLE DE VE,09016
963748240R,COBERTURA PLASTICA DO ESPELHO RETROVISOR,09017
256105774R,APARELHO ELETRICO DE SINALIZACAO ACUSTIC,09018
7701057366,BRACO DO LIMPADOR DE PARABRISA DE VEICU,09019
265551208R,REFLETOR PARA CAIXA DE LUZES COMBINADAS,,09020
802844615R,COBERTURA DE ACABAMENTO DA COLUNA PARA C,09020
7701477515,KIT TENSIONADOR CORREIA USO EM VEÍCULO,09020
440002281R,FREIO A TAMBOR PARA VEICULO AUTOMOVEL,09021
8660089634,FILTRO DE ÓLEO,09022
8200188553,MECANISMO ELÃ#TRICO DE ELEVAÃ#Ã#O DO V,09023
360161272R,CAIFA FREIO DE MAO,09023
806713711R,COMANDO ABERTURA INT PORTA ESQ,09024
924902356R,TUBO DE BORRACHA VULCANIZADA ENDURECIDA,09025
8200687417,TAMPA DE PLASTICO DE USO EM VEICULO AUTO,09026
905920001R,FECHO DE METAL COMUM DO PORTA MALAS PARA,09027
231003854R,ALTNTR,09028
491803558R,RESERVATORIO DE OLEO DA DIRECAO DO VEICU,09029
288861251R,BRACO DO LIMPADOR DE PARABRISAS PARA VEI,09030
808216124R,MOLDURA FABRICADA EM DUAS PARTES, A PART,09031
868846442R,CEINTURE SCR D 1ERE RNG,09032
990444396R,ADESIVO DECORATIVO PORTA ESQ,09033
240159099R,JOGO DE FIOS ELETRICOS (CHICOTE ELETRICO,09034
990455430R,ETIQUETA  AUTOADESIVA EM POLI(CLORETO DE,09035
768522751R,GUARNICAO PLASTICA DA SOLEIRA DA PORTA D,09036
990465128R,FITA PLASTICA AUTOADESIVA DE POLI(CLORET,09037
990471143R,ADESIVO PLASTICO AUTOCOLANTE DECORATIVO,09038
873708350R,COBERTURA DE ACABAMENTO DO ASSENTO DE VE,09039
827216888R,MECANISMO EM METAL COMUM DE ABERTURA E F,09040
288816327R,BRAÇO DO LIMPADOR DE PARABRISA, UTILIZA,09041
110605223R,CARCAÇA DA VÁLVULA TERMOSTÁTICA DO MOTOR,09042
803314620R,CANALETA PLASTICA,09043
7701207665,RESERVATORIO DE AGUA DO LIMPADOR DO PARA,09044
214991025R,CONVERGENTE INFERIOR DA ENTRADA DE AR DO,09046
112103250R,COXIM ELÁSTICO DO MOTOR,09047
960322746R,DEFLETOR DE AR (AEROFOLIO) DA CARROCARIA,09050
924542127R,TUBO DE ALUMINIO DE ENTRADA DO COMPRESSO,09051
8200677131,GUARNICAO DE BORRACHA VULCANIZADA,09053
545003037R,BRACO DA SUSPENSAO DE VEICULO AUTOMOVEL,09055
8200191483,TUBULACAO DO SISTEMA DE AR CONDICIONADO,09056
924401309R,TUBULACAO EM ALUMINIO DO SISTEMA DE AR C,09058
261A28132R,ACABAMENTO DO FAROL DE NEBLINA DO PARAC,09058
440A04494R,CONJUNTO DO PRATO DO FREIO PARA VEICULOS,09060
487000662R,Cilindro de ignição com chave,09063
8200582929,MOTOR DO MECANISMO DE ELEVACAO DO VIDRO,,09064
8200599988,DEFLETOR DE AR DO RADIADOR DE VEICULO AU,09066
654019784R,DOBRADIÇA FABRICADA EM AÇO PARA MONTAGEM,09066
628173670R,GUIA DE ENTRADA DE AR DO PARACHOQUE,09067
822825139R,ETIQUETA PLASTICA AUTOADESIVA,09068
117204016R,CORREIA DE TRANSMISSAO DE BORRACHA,09069
101013490R,JOGO DE JUNTAS DE COMPOSICAO DIFERENTES,09070
7701206898,CILINDRO MESTRE DO FREIO DE VEICULO AUTO,09072
963738549R,COQUILHA DO RETROVISOR DE USO EM VEICULO,09074
204204195R,TUBULACAO DE ALIMENTACAO DE COMBUSTIVEL,09075
1350123,OTIMIZADOR COMBUSTIVEL,09075
280218657R,RADIO COMBINADO APARELHO DE GRAVACAO E R,09077
550206781R,MOLA DE ACO HELICOIDAL CILINDRICA DA SUS,09077
210101832R,BOMBA PARA LIQUIDO DE ARREFECIMENTO PROP,09080
8200595002,RESERVATORIO DE EXPANSAO DE AGUA DO SIST,09081
7702271545,APARELHO SINALIZ ACUST CENTRAL DE ALARME,09083
8200280060,MEDIDOR DO FLUXO DO FILTRO DE ENTRADA,09084
8200413100,HASTE DO MECANISMO DA TRAVA DA PORTA PAR,09087
7711575880,JOGO DE ALTOFALANTES DE USO EM VEICULO,09088
1350130,MOTROL DESCONTAMINANTE,09089
985102761R,DISPOSITIVO ELETRONICO PARA CONTROLE DO,09091
8200265412,JUNTA EM METAL DO CARTER PARA MOTOR DE I,09092
112225095R,SUPORTE FABRICADO EM ACO GALVANIZADO, PA,09093
904005571R,DOBRADICA DE ACO DA TAMPA DO PORTA MALAS,09094
768F26796R,FRISO PAINEL LAT,09095
122975635R,RETENTOR DO VOLANTE DO MOTOR CONFECCIONA,09097
806078830R,COMANDO ABERT EXT,09098
908300023R,GUARNICAO DE VEICULO AUTOMOVEL FORMADA P,09099
960170703R,MOLDURA DO PARACHOQUE DE VEICULO AUTOMOV,09100
926004984R,COMPRESSOR DE AR CONDICIONADO, COM ACION,09101
215015621R,TUBO DE BORRACHA VULCANIZADA NAO ENDUREC,09102
6001547896,SUPORTE EM METAL COMUM DE FIXACAO DA CAR,09103
248108805R,QUADRO DE INSTRUMENTOS ACOMPANHADO DE VE,09103
7700303117,GUARNICAO DE BORRACHA VULCANIZADA NÃO EN,09104
166008992R,BICO INJETOR PARA MOTOR DE IGNICAO,09106
8200634548,COBERTURA DE PLASTICO DO ESPELHO RETROVI,09109
275102363R,PAINEL ELETRICO DE CONTROLE DO AQUECEDOR,09111
825029193R,FECHADURA DE PORTAS LATERAIS,09111
7711732237,EMBELEZADOR EM PLASTICO  PVC ADESIVO DA,09112
112106213R,COXIM ANTIVIBRACAO DO MOTOR DE VEICULO A,09113
8200952491,TAMPA CAIXA UNIDADE DE PROTEÇÃO E COMUTA,09113
687609326R,SAIDA DE AR PARA CARROCERIA,09114
8200819985,BATENTE PARA MOLA,09115
8660089774,Pastilhas de Freios,09116
628178775R,GUIA DE ENTRADA DE AR DO PARACHOQUE DE,09118
215012472R,TUBO DE BORRACHA VULCANIZADA NAO ENDUREC,09121
7711382315,FERRAMENTA MANUAL REMOCAO BICO INJETOR,09123
8200577917,EXTENSAO DO PARACHOQUES DE VEICULO AUTOM,09124
638313232R,PROTETOR DA CAIXA DA RODA PARA CARROCERI,09125
963668218R,ESPELHO RETROVISOR DE VEICULO,09126
864305118R,APOIO DE CABECA DO ASSENTO DE VEICULO AU,09127
963012634R,RETROVISOR EXTERNO PARA CARROCERIA DE VE,09127
8550507701,LIMPA CORPO DE BOBORLETA,09128
265508073R,APARELHO ELETRICO DE ILUMINACAO,09128
8200735264,MOLA A GAS DO TIPO UTILIZADO PARA FACILI,09129
410604979R,PASTILHA DE FREIO DE VEICULO AUTOMOVEL,09130
963013764R,ESPELHO RETROVISOR PARA VEICULO AUTOMOVE,09131
322414874R,ARVORE SECUNDARIA DA CAIXA DE MARCHAS,09132
255407403R,CONTROLADOR PROGRAMAVEL COM TENSAO DE 12,09133
8200356446,CORREIADETRANSMISSAOSEMFIMEMBORRAC,09136
850933255R,ABSORVEDOR DE IMPACTO DO PARA CHOQUE DE,09136
400156572R,MANGA DO EIXO DA SUSPENSAO PARA VEICULO,09138
770080009R,EXTRATOR DE AR PARA CARROCARIA DE VEICUL,09140
995505057R,MACACO COM EXTENSÃO, MECÂNICO, DE ACIONA,09141
540505532R,LIMITADOR DE VIBRACAO,09142
985H11646R,BOLSA INFLAVEL DE SEGURANCA COM SISTEMA,09142
7700311217,CABO DO FREIO DE ESTACIONAMENTO DE VEICU,09143
266A64756R,ACABAMENTO DO FAROL DE NEBLINA DO PARA,09144
410608481R,PASTILHA DE FREIO DE VEICULO AUTOMOVEL,09144
460111914R,CILINDRO MESTRE DO FREIO PARA VEICULOS A,09145
240188513V,JOGOS DE FIOS ELETRICOS COM CONECTORES I,09146
823305495R,TRILHO DO VIDRO TRAS DIR,09147
985700724R,DISPOSITIVO ELETRONICO PARA CONTROLE,09148
237103339S,MODULO ELETRONICO DO TIPO ECU PARA MOTOR,09149
622234221R,SUPORTE DIANTEIRO PARACHOQUE,09150
119203960R,CORREIA DE TRANSMISSAO DE BORRACHA,09153
638403884R,COBERTURA INTERNA DA CAIXA DE RODAS PARA,10C1
172015316R,TANQUE DE COMBUSTIVEL,10PS
625541148R,REBITE TUBULAR DE USO EM VEICULO,10001
8200599994,DEFLETOR DE AR DO RADIADOR DE VEICULO AU,10002
130C12131R,SORTIDO COMPOSTO POR POLIA REGULADORA DE,10003
7700352464,MECANISMO EM ACO DA FECHADURA DA PORTA V,10004
738871956R,ACABAMENTO DA BARRA DE TETO PARA CARROCA,10004
8200078950,FECHO DE METAL COMUM DO PORTAMALAS DE VE,10004
7701476503,TAMPA DE FECHAMENTO ACOMPANHADA DE JUN,10004
8200984402,TUBO DE REFRIGERACAO DO TURBOCOMPRESSOR,10005
687601674R,DIFUSOR DE AR DO PAINEL DE INSTRUMENTOS,10006
7701474806,ROLAMENTO DE ROLETES CONICOS, EM ACO,,10007
485203627R,HASTE DE LIGACAO DO SISTEMA DE DIRECAO,10008
7700416374,PONTA DE EIXO NAO MOTOR DE AUTOMOVEL,10009
8200304198,COXIM DE BORRACHA VULCANIZADA NAO ENDURE,10010
7700308721,APARELHO ELETRICO (LUZES FIXAS) DE SINAL,10010
802173425R,GUIA DO VIDRO DA PORTA PARA CARROCARIA D,10011
963650572R,ESPELHO RETROVISOR PARA VEICULO AUTOMOVE,10012
858420063R,MOLDURA DO CATADIOPTRICO (DISPOSITIVO RE,10013
462101997R,MANGUEIRA EM BORRACHA VULCANIZADA NÃO EN,10014
8200683150,RESERVATORIO DE COMBUSTIVEL,10014
123007955R,KIT VOLANTE MOTOR,10014
130258650R,ENGRENAGEM DO TIPO PINHAO DO VIRABREQUIM,10015
781200017R,ALOJAMENTO DO BOCAL DE ENCHIMENTO DO TAN,10016
622228612R,SUPORTE DA CARROCARIA PARA FIXACAO DO PA,10017
8200920101,HASTE DE METAL DE ABERTURA DO CAPO PARA,10018
808308270R,GUARNICAO DE BORRACHA VULCANIZADA NAO EN,10019
969351240R,COIFA EM PVC DA ALAVANCA DE MUDANCA DE M,10019
255407916R,INTERRUPTOR ELETRICO DA LUZ INDICADORA,10020
261525753R,MOLDURA DE FIXACAO DO FAROL DE NEBLINA P,10021
963656392R,ESPELHO RETROVISOR PARA VEICULO AUTOMOVE,10022
964019281R,PARA SOL DA CARROCARIA,10023
6001550442,BRACO DE LIGACAO EM ACO PARA CAIXA DE DI,10024
260925154R,SUPORTE DE FIXACAO DO FAROL NA CARROCERI,10025
963741025R,COBERTURA PLASTICA DO ESPELHO RETROVISOR,10026
963650583RK4,ESPELHO RETROVISOR DE VEICULO,10027
7701064226,INTERRUPTOR ELETRICO PARA TENSAO DE 12V,10028
963651601R,ESPELHO RETROVISOR EXTERNO,10029
7701472113,RÓTULA AXIAL DIREÇÃO P/ VEÍC AUTO,10030
135116136R,SUPORTE DE FIXACAO DO RETENTOR DE VEDACA,10030
7701472703,ENGRENAGEM TIPO PINHAO ACOMPANHADO DE CO,10031
8200171673,MANGA DO EIXO DA RODA DE VEICULO AUTOMOV,10032
281153566R,APARELHO RECEPTOR DE RADIODIFUSAO. COM A,10033
906123257R,FECHADURA COMPLETA COM MOTOR DA PORTA DA,10033
432004943R,DISCO DE FREIO DE VEICULO AUTOMOVEL,10034
7701470567,COIFA SEMIEIXO INTERNA LE,10035
963664943R,ESPELHO RETROVISOR PARA VEICULO AUTOMOVE,10036
979A30396R,ATUADOR ELETRICO DE CORRENTE CONTINUA,10037
8200733140,MOLDURA DE BORRACHA DO VIDRO PORTA,10038
226907703R,INSTRUMENTO DE MEDICAO SENSOR OXIGENIO,10039
788128432R,PARALAMAS PARA CARROCARIA DE VEICULO,10040
210107490R,BOMBA DE AGUA PARA MOTOR,10041
289108854R,RESERVATORIO DO LAVADOR DO PARABRISA DE,10042
788135343R,PARALAMAS PARA CARROCARIA DE VEICULO,10043
269115341R,ACABAMENTO DO FAROL DE NEBLINA DO PARAC,10044
878175702R,FIVELA DO CINTO PARA CARROCERIA DE VEICU,10045
969350026R,COIFA DA ALAVANCA DE CONTROLE DA CAIXA D,10046
822821745R,COBERTURA ACABAMENTO COLUNA DA PORTA,10047
226900947R,SENSOR DE OXIGENIO AUTOMOTIVO,10048
482034581R,PROTETOR DA BARRA DE DIRECAO DE VEICULO,10049
120A17400R,PISTAO PARA MOTOR DE IGNICAO POR CENTELH,10050
8200002470,APARELHO ELETRICO (FAROL DE NEBLINA) D,10051
7701477121,KIT DE PISTAO,10052
963662737R,ESPELHO RETROVISOR PARA VEICULO AUTOMOVE,10053
738869085R,PROTETOR DA BARRA DO TETO PARA CARROCARI,10053
223202952R,TUBO DE VAPOR DE COMBUSTIVEL DE VEICULO,10054
130C13954R,CORRENTE DE COMANDO EM ACO DE ELO ARTICU,10055
7701478839,JOGO DE BRONZINAS COM DIAMETRO INTERNO,10056
210511238R,POLIA REGULADORA DE TENSAO DA BOMBA DAGU,10057
6001547495,PRATO DE BORRACHA VULCANIZADA NAO ENDURE,10058
243123462R,COBERTURA DA CAIXA DE RELES E FUSIVEIS E,10059
883461154R,CDE DVRL DSR SJ 2EME RNG GRNT LAT G CFR,10060
886912749R,TRAVA DE ACO DO ENCOSTO DO ASSENTO DE VE,10060
8200369521,MOTOR ARRANQUE TS8E6 / D7E39,10060
430423141R,FUSO DO EIXO NAO MOTOR DE VEICULO AUTOMO,10061
484718150R,COBERTURA DE ACABAMENTO DA COLUNA,10062
781200422R,ALOJAMENTO DO BOCAL DE ENCHIMENTO DO TAN,10062
485200410R,PONTEIRA DE LIGACAO DA CAIXA DE DIRECAO,10063
963210006R,ESPELHO RETROVISOR INTERNO,10064
805028917R,FECHADURA EM METAL COMUM DA PORTA DE VEI,10065
909306424R,TAMPA PLASTICA DE COBERTURA DO BATENTE D,10066
828730009R,ACABAMENTO PLASTICO DA PORTA LATERAL DA,10067
485212373R,JOGO DA JUNTA DA ESFERA AXIAL DA DIRECAO,10068
8200661296,ABRACADEIRA DE ACO,10069
788262142R,CABO DA TAMPA DE COMBUSTÍVEL,10069
554908123R,ANTI RUIDO EM METAL E BORRACHA NAO ALVEO,10070
7701209928,SAPATA DO SEMI EIXO DA TRANSMISSAO,10070
874014902R,INCLINACAO DO BANCO,10071
874010568R,RECLINADOR PARA BANCOS,10071
8201741937,KIT ANTIFURTO DO ESTOPE,10072
402065680R,DISCO DE FREIO PARA VEICULO AUTOMOVEL,10073
281444271R,ALTO FALANTE NAO MONTADO EM SEU RECEPTAC,10075
656018368R,CONJUNTO TRAVA ABERTURA/FECHAMENTO CAPO,10076
769222493R,JUNTA DE BORRACHA VULCANIZADA NAO ENDURE,10078
803328113R,MOLDURA DE BORRACHA VULCANIZADA,10078
768516367R,ACABAMENTO PLASTICO DA SOLEIRA LE PARA C,10079
7700115078,RELE ELETROMECANICO PARA TENSAO IGUAL A,10081
130251361R,POLIA DE CONTROLE DA VALVULA DO MOTOR DE,10083
806B19142R,CAPA DE MAÇANETA EXTERNA DE PORTA, DE PL,10084
187910219R,TUBULACAO DO SISTEMA DE ALIMENTACAO DE C,10086
8200297214,TAMPA DE FECHAMENTO DA CAIXA DE MARCHAS,10087
825028942R,FECHADURA ELETRICA DA PORTA DE VEICULO,10088
628902376R,EMBLEMA DE PLASTICO P/ CARROCARIA DE V,10089
322306635R,CAIXA DE MARCHAS DE VEICULO AUTOMOVEL,10089
150107151R,BOMBA DE OLEO DE USO EM MOTOR DE VEICULO,10090
8201035691,SENSOR DE OXIGENIO (SONDA LAMBDA) PARA,10091
805028267R,CONJUNTO EM METAL DA FECHADURA DA PORTA,10091
226930618R,SENSOR DE OXIGENIO  SONDA LAMBDA  ANAL,10092
122073326R,BRONZINA DE USO NO MOTOR DE VEICULO AUTO,10093
7703090549,ROLAMENTO DE ESFERAS DE CARGA RADIAL DE,10094
8200740834,PAINEL DE FECHAMENTO DO PARA CHOQUE,10095
8200953046,ETIQUETA PLASTICA AUTOADESIVA DECORATIV,10096
261A22765R,ACABAMENTO DO FAROL DE NEBLINA DO PARAC,10098
668719510R,MOLDURA FABRICADA EM BORRACHA DE MONOMER,10099
8200419908,APARELHO ELETRICO, LUZ FIXA DE NEVOEIRO,10099
261A24470R,ACABAMENTO DO FAROL DE NEBLINA DO PARAC,10101
7700112777,RAMPA DE INJECAO DE COMBUSTIVEL PARA MOT,10102
210106094R,BOMBA DAGUA, SISTEMA DE ARREFECIMENTO A,10102
8201533009,MEDIDOR DE PRESSÃO DA CAIXA DE MARCHAS,10103
964015083R,PARA SOL DA CARROCARIA,10104
759220377R,SUPORTE EM METAL COMUM PARA FIXACAO DO B,10105
243505019R,ELEMENT FRMT BOITIER INTERCONNEXION MOT,10106
6001547114,CACHE CAPTEUR ABS,10107
8200778628,TUBO DE BORRACHA VULCANIZADA NAO ENDUREC,10108
511659680R,OBTURADOR DE ANEL DE REBOQUE,10109
263313792R,TAMPA DO FAROL DE NEBLINA DO PARACHOQUE,10110
963018030R,ESPELHO RETROVISOR EXTERNO, LADO DIREITO,10111
485211105R,CONJUNTO DE MONTAGEM CAIXA DE DIRECAO, C,10112
995046298R,CAIXA DE PLASTICO PARA FERRAMENTAS,10113
289101168R,RESERVATORIO DO LIMPADOR DE PARABRISAS P,10114
638318745R,DEFLETOR DA CAIXA DE RODA  PARABARRO,,10114
924547602R,TUBO DE ENTRADA DO COMPRESSOR,10115
111404541R,VARETA DO MEDIDOR DO NIVEL DE OLEO,10117
266000984R,DISPOSITIVO PARA ILUMINACAO FRONTAL,10118
7700857225,JUNTA DE BORRACHA VULCANIZADA NAO ENDURE,10119
8200831318,MOLDURA DE BORRACHA DA PORTA DA CAR,10120
432107045R,ROLAMENTO DE ROLETES CONICOS DE CARGA RA,10121
908304049R,MOLDURA DE BORRACHA PARA VEDAÇAO DA PORT,10122
904527294R,EQUILIBRADOR DE ACO DA PORTA DO TRONCO D,10122
8201026919,GUIA DA VARETA DO MEDIDOR DO NIVEL DE OL,10122
8200727569,CABO PARA SISTEMA DE FREIO DE ESTACIONAM,10123
620240267R,ELEMENTO DE FECHAMENTO DO PARACHOQUE DE,10124
164464728R,TUBO DE COMBUSTIVEL DE VEICULO AUTOMOVEL,10125
738862766R,COBERTURA DE PLASTICO DO SUPORTE DA BARR,10126
807207299R,MECANISMO DE ABERTURA E FECHAMENTO DO VI,10127
7711734368,ORGANIZADOR DE BANCO SIMPLES,10127
788130068R,PARALAMAS PARA CARROCARIA DE VEICULO,10128
638502184R,PARA LAMA PARA CARROCARIA DE VEICULO AUT,10129
768603279R,VEDACAO EM BORRACHA VULCANIZADA NÃO ENDU,10130
620251098R,ELEMENTO DE FECHAMENTO DO PARACHOQUE DE,10131
120A15093R,KIT DE PISTOES COM ANEIS,10132
638217278R,PROTECAO FRONTAL DA CARROCARIA DE VEICUL,10132
620500787R,ELEMENTO PLASTICO PARA FIXACAO PARACHOQU,10133
8201731140,ACABAMENTO DA SOLEIRA DA PORTA PARA CARR,10134
990441517R,ADESIVO PLASTICO AUTOCOLANTE DECORATIVO,10134
868844390R,CINTO DE SEGURANCA PARA USO EM VEICULO,10135
908304929R,JUNTA DE BORRACHA VULCANIZADA,10136
8201017804,VOLANTE PARA MOTOR DE VEICULO AUTOMOVEL,10136
8200673558,TUBO DO FREIO DE VEICULO AUTOMOVEL,11B1
543029585R,AMORTECEDOR DIANTEIRO DA SUSPENSAO DE VE,11B1
7717071807,JG FRISO LATERAL OROCH,11PS
7711733161,G FRISO OROCH PRETO NACRÉ,11PS
7711733439,FRISOS PERSONALIZADOS (NOIR NACRE),11PS
7711733441,FRISOS PERSONALIZADOS (GRIS ETOILE),11PS
7711733422,CARPETE DE 100% POLIETILENO DE ALTA DENS,11PS
7711733695,Friso de Porta Kwid  Emblema Prata,11PS
755519953R,RENFORT 1 EXT G TRAIN AR ASS 1,11001
755507746R,RENFORT D FIX TRAIN AR ASS,11002
755538377R,REFORCO DO EIXO PARA CARROCERIA DE VEICU,11003
410151697R,CALIPER DO FREIO DE VEICULO AUTOMOVEL,11004
625236129R,SUPORTE PLASTICO DE FIXACAO DO SUPORTE D,11005
130412395R,COBERTURA DO REGULADOR DO OLEO DO MOTOR,11006
808654764R,VEDACAO DO PAINEL DE REVESTIMENTO DA POR,11007
8200835302,ESTRIBO DE ACO DE VEICULO AUTOMOVEL,11008
625222924R,SUPORTE PLASTICO DE FIXACAO DO SUPORTE,11009
755527683R,REFORCO DO EIXO PARA CARROCERIA DE VEICU,11010
ACE002,CALHA RENAULT MASTER,11011
6001551611,INTERRUPTOR ELETRICO PARA COMANDO DOS FA,11012
791627543R,ESTRUTURA DO PAINEL DO PORTA MALAS PARA,11013
648947133R,SUPORTE EM PLASTICO (PPTD20), PARA MONT,11014
8200760257,GUIA DE BORRACHA VULCANIZADA DO VIDRO DA,11015
479509456R,SENSOR VELOCIDADE DA RODA (GERADOR DE SI,11016
287909363R,PALHETA DO LIMPADOR DO PARA BRISA DE VEI,11017
208S39715R,PROTETOR MODULO ALIMENTACAO DE COMBUSTIV,11018
638A89206R,SUPORTE DE FIXACAO DO PARACHOQUES DA CAR,11020
288903380R,PALHETAS DO LIMPADOR PARA BRISA VEIC AUT,11021
117209732R,POLIA REGULADORA DE TENSAO ACOMPANHADA D,11023
260564700R,ATUADOR DA EMBREAGEM,11024
852230001R,MOLDURA FABRICADA EM PLASTICO PARA ACABA,11025
828312454R,JUNTA DE BORRACHA VULCANIZADA NAO ENDURE,11025
963743725R,COBERTURA DE PLASTICO DO ESPELHO RETROVI,11026
673259719R,SUPORTE EM METAL DE FIXACAO DO POTENCIOM,11027
8200475068,SUPORTE DIANTEIRO DO PAINEL LATERAL,11028
7700314538,TUBULACAO PARA SISTEMA DE EMBREAGEM HIDR,11030
465035637R,PEDAL DE ACIONAMENTO DO SISTEMA DE EMBRE,11033
751182707R,SORTIDO COMPOSTO POR CHAVE DE PORCA MANU,11033
873700427R,REVESTIMENTO DE COBERTURA DO ASSENTO,11035
656200610R,CABO DE ABERTURA DO CAPO DO MOTOR DE VEI,11036
963010465R,RETROVISOR ELETRICO L/D FLUENCE,11037
265500038R,LUZ TRASEIRA DIREITA SOBRE PORTA MALAS,11038
8200950869,JUNTA EM BORRACHA VULCANIZADA NÃO ENDURE,11039
769219993R,MOLDURA DE BORRACHA VULCANIZADA PARA POR,11040
ACR0016,BCO ULTRA CORO FORD RANGER,11041
281448588R,LOUDSPEAKER,11042
215593208R,GUIA DE AR DO RADIADOR DE VEICULO AUTOMO,11043
963742880R,COQUILLE RTRV EXT D GRAINEE,11043
400141634R,MANGA DO EIXO PARA VEICULO AUTOMOVEL,11044
117208277R,CORREIA DE TRANSMISSAO DE BORRACHA VULCA,11045
7703034302,PORCA ROSCADA DE ACO LIGA. COM PROCESSO,11047
289300010R,ESGUICHO DO LIMPADOR DE PARABRISA DE VEI,11048
6001546780,SUPORTE EM PLASTICO DE FIXACAO DO PARACH,11049
7700842041,COXIM DE BORRACHA VULCANIZADA NAO ENDURE,11049
322637415R,ROLAMENTO DE ESFERAS DE CARGA RADIAL,11051
7701068400,SENSOR DE PRESSAO DE VEICULO AUTOMOVEL,11052
543256557R,BATENTE DO AMORTECEDOR DA SUSPENSAO, UTI,11052
8200313628,ENGRENAGEM DA BOMBA DE OLEO DO MOTOR DE,11053
215425088R,SUPORTE EM METAL COMUM DE USO NO RADIADO,11054
11955JD21A,POLIA REGULADORA DE TENSÃO,11055
7701716623,ENGRENAGEM DA CAIXA DE MARCHAS DE VEIC,11056
432108237R,ROLAMENTO DE ROLETES CONICOS DE CARGA RA,11057
8200830438,ETIQUETA AUTOADESIVA, PLANA, EM PLASTIC,11058
240808893R,FIACAO ELETRICA(CHICOTE ELETRICO),11059
7700715851,ROTULA DE ARTICULACAO DO GARFO DA EMBREA,11060
8201708820,JUNTA DE ACO ESTAMPADA,11061
7702266016,LAMPADA T52721,11061
562171921R,BATENTE DO AMORTECEDOR TRASEIRO,11062
237318108R,SENSOR DE POSICAO DO EIXO DA ARVORE DE C,11063
7700852750,DEFLETOR DE OLEO DA CAIXA DE MARCHAS DE,11065
214750017R,SUPORTE DE FIXACAO DO DEFLETOR DE AR PAR,11066
214764072R,DEFLETOR DE AR PARA RADIADOR DE  VEICILO,11067
252160003R,FIACAO ELETRICA (CHICOTE ELETRICO) COM C,11067
687600754R,GRADE DE SAIDA DE AR PARA CARROCARIA DE,11068
130121KC0A,PARAFUSO NAO PERFURANTE,11069
261504122R,FOG LIGHT (LD UNIT),11070
263364826R,TAMPA DO FAROL DE NEBLINA DO PARACHOQUE,11071
850452398R,SUPORTE DA CARROCARIA PARA FIXACAO DO PA,11072
7711733850,ELARGISSEUR AILE AR D,11073
7711577093,AUTORADIO,11075
208158134R,TUBO EM ACO DE SAIDA DE GAS CARBONICO IN,11076
638749879R,ELEMENTO DE FECHAMENTO DO PARALAMAS  DA,11077
484725090R,TAMPA PLASTICA DE FECHAMENTO DA COLUNA D,11078
7700843232,MOLDURA BORRACHA PORTA P/ VEICULO,11079
ACR0017,AROMATIZADOR DE CARRO (AZUL),11080
165765254R,DUTO AR FABRICADO EM PLASTICO E BORRACHA,11081
908306510R,JUNTA DE BORRACHA VULCANIZADA NAO ENDURE,11083
322013547R,ALAVANCA DA CAIXA DE MARCHAS DE VEICULO,11083
767482891R,PROTETOR DA CAIXA DE RODAS DE VEÍCULO,11084
250602740R,MEDIDOR DE COMBUSTÍVEL,11085
769235146R,JUNTA DE BORRACHA VULCANIZADA NAO ENDURE,11086
510144016R,CAIXA DA TRAVESSA PARA CARROCERIA,11086
808329651R,VEDACAO EM BORRACHA VULCANIZADA NÃO ENDU,11087
751425280R,ELEMENT FRMT AR LONGERON AV D,11088
289100030R,RESERVATORIO DO LIMPADOR DO PARA BRISA,11088
738839995R,TRAVESSA  DO TETO PARA CARROCARIA DE VEI,11089
769120342R,GUARNICAO DA COLUNA PARA CARROCARIA DE V,11090
285584207R,DISPOSITIVO ELETRONICO PARA CONTROLE DO,11091
755511495R,SUPORTE EM ACO PARA FIXACAO DE ELEMENTOS,11092
149502908R,ABSORVEDOR DE VAPOR DE COMBUSTIVEL,11093
255541250R,JOGOS DE FIOS ELETRICOS COM CONETORES IS,11094
7782056281,SUPORTE DO PARACHOQUE PARA CARROCERIA DE,11095
213557014R,TUBO DE BORRACHA VULCANIZADA NAO ENDUREC,11096
284B25740R,MODULO ELETRONICO DE CONTROLE DA CARROCE,11097
905030003R,FECHADURA DE METAL COMUM DO PORTA MALA,11098
868854884R,CINTO DE SEGURANCA PARA USO EM VEICULO,11099
489354388R,PARAFUSO DE ACO LIGA NAO PERFURANTE,11100
804308089R,TRAVA DE ACO DA PORTA DE VEICULO AUTOMOV,11101
121509446R,BRONZE DO VIRABREQUIM DO MOTOR COM DIAME,11102
226807131R,SENSOR DE FLUXO DE MASSA DE AR (SENSOR M,11102
874515686R,MANOPLA FABRICADA PREDOMINANTEMENTE EM P,11103
802852648R,ACABAMENTO ADESIVO PLASTICO DA COLUNA DA,11104
484710740R,COBERTURA DE ACABAMENTO DA COLUNA DE DIR,11105
150102617R,BOMBA DE OLEO DE USO EM MOTOR DE IGNICAO,11106
147355238R,TROCADOR DE CALOR RESFRIADOR VALVULA,11107
488103830R,COLUNA DE DIRECAO DE VEICULO AUTOMOVEL,12A1
208A03369R,DEPURADOR POR CONVERSAO CATALITICA DE GA,12A1
265550264R,APARELHO ELETRICO CAIXA DE LUZES COMBINA,12A3
769160360R,REVESTIMENTO INTERNO DA COLUNA DA CARROC,12B4
488109876R,COLUNA DE DIRECAO PARA VEICULO AUTOMOVEL,12B5
8200577919,ACABAMENTO DO PARACHOQUE DE VEICULO AUT,12C3
8200531505,MOLDURA DO PARALAMAS,12C4
391009330R,SEMI EIXO DE TRANSMISSAO PARA VEICULO AU,12C6
272889739R,FILTRO DE HABITÁCULO DE VEICULO AUTOMOVE,12PS
623859208R,CALOTA DA RODA DE USO EM VEICULO AUTOMOV,12PS
908522600R,ACABAMENTO DA PORTA PARA CARROCARIA DE V,12001
826717099R,FECHADURA DE ACO DE VEICULO AUTOMOVEL,12002
306100394R,CILINDRO MASTER DA EMBREAGEM, ACOMPANHAD,12003
7711733177,Caderinha Pet,12004
261522756R,JOGO DE MOLDURAS PARA O FAROL DE NEBLINA,12004
687507662R,DIFUSORES DE AR CENTRAIS OU LATERAIS,12004
117205652R,CORREIA DE TRANSMISSAO DE BORRACHA,12005
6001548446,CILINDRO HIDRAULICO MESTRE DO FREIO,12006
883206506R,ACABAMENTO DA ALMOFADA DO ASSENTO DO BAN,12007
7701068842,COBERTURA DE PLASTICO DO ESPELHO RETROVI,12007
289100244R,RESERVATORIO DO LAVADOR DE PARABRISA DE,12008
906126247R,FECHADURA ELETRICA DE METAL COMUM DE USO,12008
805035039R,FECHADURA DE PORTAS LATERAIS,12009
149501HS0A,RESERVATORIO PARA CAPTACAO DO VAPOR DE C,12010
7701472450,JOGO DE JUNTAS E RETENTORES DO CABECOTE,12011
111401253R,VARETA MEDIDORA DO NIVEL DE OLEO EM TANQ,12012
7701470566,ROLAMENTO DE ESFERAS ACOMPANHA,12013
7701474122,JOGO DE JUNTAS E RETENTORES DO CABECOTE,12014
240116587R,FIACAO ELETRICA (CHICOTE ELETRICO) PARA,12015
150003601R,BOMBA DE OLEO LUBRIFICANTE,12016
828651068R,VEDACAO DO PAINEL DE REVESTIMENTO DA POR,12017
8550507703,GRAXA BRANCA 100ML/ MOTRIO,12019
788222623R,CABO DE ABERTURA DA PORTINHOLA DO TANQUE,12019
7717102593,Soleira RB3L4,12020
7701207566,COIFA DE BORRACHA VULCANIZADA NAO ENDURE,12021
8200400821,TUBO DE BORRACHA VULCANIZADA NÃ#O EN,12022
410A12949R,PASTILHA DE SISTEMA DE FREIO DE USO EM V,12023
6001547499,BATENTE DO AMORTECEDOR DA SUSPENSAO DE V,12024
130205230R,ARVORE DE CAMES PARA COMANDO DE VALVULAS,12025
272765635R,COBERTURA DO COMPARTIMENTO DO FILTRO DO,12026
8200120525,CALOTA PLASTICA DA RODA DE VEICULO AUTOM,12027
410602596R,ALMOFADA DO FREIO DE VEICULO AUTOMOVEL,12028
768573091R,FRISO PLASTICO DA CARROCARIA DE VEICULO,12029
8200734788,MOTOR ELETRICO DE CORRENTE CONTINUA COM,12030
540505143R,ABSORVEDOR DE IMPACTO DO PARACHOQUES DE,12031
807217929R,MOTOR ELETRICO DE CORRENTE CONTINUA DE U,12031
7711733245,JOGO DE TAPETE DE CARPETE,12032
7711733429,TAPETE CARPETE,12032
215030018R,TUBO BORR C/ REF TEXTIL S/ ACESS CONEX,12033
8200568671,BOBINA DE IGNICAO, PROPRIA PARA MOTOR DE,12034
924000026R,TUBO DE BORRACHA VULCANIZADA NAO ENDUREC,12035
8200019183,ARVORE DE CAMES PARA COMANDO DE VALVUL,12035
117208023R,CORREIA DE TRANSMISSAO DE BORRACHA,12036
545017775R,BRACO DA SUSPENSAO DE VEICULO AUTOMOVEL,12037
306107623R,CILINDRO DA EMBREAGEM DE VEICULO AUTOMOV,12038
231001799R,ALTERNADOR DE USO EM VEICULO AUTOMOVEL,12039
8200566395,DUTOPLASTICOPARAFILTRO,12040
161207069R,INJELETRÃ#NICAP/MOTORIGNCENT,12041
403154921R,CALOTA DA RODA DE VEICULO AUTOMOVEL,12043
6001550029,ESPELHO RETROVISOR PARA USO EM VEICULO A,12043
638A02057R,ACABAMENTO LATERAL PARA CARROCERIA,12044
123165238R,CLIPE EM METAL DE RETENCAO DO TANQUE DE,12045
130C13666R,RODA DENTADA ACOMPANHADA DE CORREIA DE T,12046
628628978R,GUIDE D GRILLE INF ENTREE AIR BCLR AV,12047
8550507702,LIMPA FREIOS - 100ML  MOTRIO,12050
681000187R,PAINEL DE INSTRUMENTOS USO EM VEICULO AU,13A1
8200213899,DUTO DE ALIMENTACAO DE AR PARA TURBOALIM,13A3
849517970R,ACABAMENTO PARA CARROCARIA DE VEICULO AU,13A3
620907492R,ABSORVEDOR DE IMPACTO DO PARA CHOQUE DE,13B4
823305911R,VEDACAO PLASTICA, EM TERMOPLASTICO, DE P,13B4
638122786R,638127407R ACABAMENTO DA PASSAGEM RODA,13B4
681002381R,PAINEL DE INSTRUMENTOS USO EM VEICULO AU,13PS
8201754449,TAPETE PVC,13PS
681009501R,PAINEL DE INSTRUMENTOS PARA CARROCARIA D,13PS
250606171R,JAUGE CARBURANT,13001
7701069212,FILTRODEARP/MOTORAUTOMOVEL,13002
8201734926,TAPETE EM CARPETE DE ESPECIFICO EM VEICU,13003
8201740796,TAPETE DE POLIETILENO PARA CARROCARIA DE,13004
165464820R,ELEMENTOFILTRANTEDOFILTROARMOTORES,13005
8200768927,FILTRODEÃ#LEOLUBRIFICANTEPARAMO,13006
8201754450,TAPETE TECIDO,13007
8201748830,TAPETE PVC,13008
8201737104,TAPETE EM PVC DO ASSOALHO INTERNO DE USO,13009
7711733164,JG FRISO LATERAL OROCH BRANCO GLACIER,14PS
240183159S,FIACAO ELETRICA (CHICOTE ELETRICO) PARA,14PS
265506747R,APARELHO ELETRICO (CAIXAS DE LUZES COMBI,14PS
391006019R,SEMIEIXO EM ACO COM COMPONENTES MONTADOS,14PS
7711733852,ELARGISSEUR AILE AR D,14PS
7711734376,FRISO LATERAL CINZA CASSIOPÉE,14PS
7717000008,JG. FRISO LATERAL KWID SEM PINTURA C/EMB PINTADO V,14PS
7711733442,FRISOS PERSONALIZADOS (GRIS CASSIOPE),14PS
7717079851,FRISO DE PLASTICO DA PORTA DE USO EM VEI,14PS
7711733162,JG FRISO OROCH PRATA ÉTOILE,14PS
921200754R,MOTOVENTILADOR COMPLETO,14PS
341080304R,COMANDO DE MUDANCA DE MARCHAS,14PS
969202898R,APOIO DE BRACO NO CONSOLE CENTRAL DE USO,14PS
738868266R,TRAVESSA  DO TETO PARA CARROCARIA DE VEI,14PS
850769273R,MOLDURA DE ACABAMENTO DO PARACHOQUE DE,14001
8201736242,ACABAMENTO DA SOLEIRA DA PORTA PARA CARR,14002
166711244R,TUBO MANGUEIRA DE COMBUSTIVEL,14003
511813405R,TAMPA DO ANEL DE REBOQUE DO PARACHOQUE D,14004
215537534R,MOLDURA FABRICADA EM ESPUMA DE PLASTICO,14005
8200222463,BATENTE DO AMORTECEDOR DA SUSPENSAO PA,14006
802848928R,ETIQUETA AUTO ADESIVA DE POLICLORETO,14007
149120312R,TUBULACAO DO SIST DE ALIMENTACAO DE COMB,14008
7701473544,JUNTA DE BORRACHA VULCANIZADA NAO ENDURE,14009
7701473544,JUNTA DE BORRACHA VULCANIZADA NAO ENDURE,140090
990452911R,ETIQUETA AUTOADESIVA DE POLICLORETO,14011
223721351R,TANQUE DE COMBUSTIVEL DE VEICULO AUTOMOV,14011
511807276R,TAMPA DO ANEL DE REBOQUE DO PARACHOQUE D,14012
8201058069,POLIA REGULADORA DE TENSAO DA CORREIA DE,14013
654010016R,DOBRADICA DE METAL COMUM DO CAPO PARA VE,14014
628174300R,GUIA DE ENTRADA DE AR DO PARACHOQUE DE,14015
ACR25,AF 6" QUAD BXO 130W,14016
ACR25,AF 6" QUAD BXO 130W,140160
988304048R,SENSOR DE COLISÃO PARA AIRBAG,14017
7711732172,ETIQUETA EM PLASTICO AUTO ADESIVA DE PRO,14019
924100016R,TUBO DE BORRACHA VULC NAO ENDURECIDA,14020
397411679R,COIFA DE BORRACHA VULCANIZADA NAO ENDURE,14021
261526084R,MOLDURA DE ACABAMENTO DO FAROL DE NEBLIN,14022
8200612028,SUPORTE DE FIXAÃÃO DO MOTOR DE VEÃC,14023
7701478406,COLEAO DE ROTULA,14023
8200838547,TAMPA DO FAROL DE NEBLINA PARA PARACHOQ,14024
687612329R,AERADOR DO PAINEL DE INSTRUMENTO PARA CA,14025
485200780R,BOITIER ROTULE DIRECTION D,14026
8201691188,COBERTURA DE ACABAMENTO DO ASSENTO,14027
551103022R,BARRA ESTABILIZADORA, PARA SISTEMA DE SU,14028
8200840587,COIFA DE BORRACHA VULCANIZADA NAO ENDURE,14029
479106406R,SENSORES INDUTIVOS DE MOVIMENTO(GERADORE,14030
873801666R,COBERTURA LATERAL PLASTICA DO ASSENTO DO,14031
8200363223,JOINTREPARTITEURADMISSION,14032
7701208978,EMBLEMA PLASTICO DA CARROCARIA DE VEICUL,14033
622564419R,GRADE FRONTAL DA CARROCARIA DE VEICULO A,14034
400556197R,TAMPA DE VEDACAO DO TANQUE DE USO EM VEI,14034
552402399R,BATENTE EM PLASTICO PUR PARA SISTEMA DE,14035
687606466R,DIFUSOR DE AR DO PAINEL DE INSTRUMENTOS,14036
802840137R,ACABAMENTO PLASTICO DA COLUNA DA PORTA P,14037
7701472124,VALVULA DE ESCAPE PARA MOTOR DE IGNICAO,14038
7711734369,LIXO DUPLO,14039
7701478407,BOITIERROTULEG,14039
8200040073,COIFA DE BORRACHA VULCANIZADA NAO ENDURE,14040
440101467R,FREIO A TAMBOR PARA VEICULO AUTOMOVEL,14041
540105095R,MOLA HELICOIDAL CILINDRICA DE USO NA SUS,14042
7701477537,POLIA REGULADORA DE TENSAO DE VEICULO,14043
261A35151R,MOLDURA DE ACABAMENTO DO FAROL DE NEBLIN,14044
173426940R,JUNTA EM BORRACHA VULCANIZADA, NAO ENDUR,14045
8201730756,PARAFUSO ROSCADO PARA FIXACAO DA RODA RE,14046
656010017R,CONJUNTO TRAVA DE ABERTURA E FECHAMENTO,14048
668621211R,GRILLE AUVENT D,14049
7700112818,GARFO DA CAIXA DE MARCHAS DE VEICULO AUT,14050
7701205812,KIT ROLAMENTO TRASEIRO DIAM 65 MM,14051
768511707R,EXTENSAO DA CARROCARIA DE VEICULO AUTOMO,14052
8660006943,FILTRO DE OLEO DO MOTOR DE VEICULO AUTOM,14054
208251239R,CLIPE EM ACO DE USO NO SISTEMA DE EXAUST,14055
806070421R,MACANETA EXTERNA UTILIZADA NAS PORTAS,14056
135630915R,COBERTURA DO CARTER DO MOTOR DE IGNICAO,14059
623836572R,MOLDURA DE ACABAMENTO DA GRADE DO RADIAD,14060
8200884113,ANELRETENTORP/VEDAÃ#Ã#OAUTO,14061
828373992R,JUNTA DE BORRACHA,14062
410601903R,PASTILHA DE FREIO DE VEICULO AUTOMOVEL,14063
656016651R,TRAVADEABERTURADOCAPODOMOTORDEVE,14064
462109983R,BOBINE DE TUYAU DE FREIN RIGIDE APV,14066
462109983R,BOBINE DE TUYAU DE FREIN RIGIDE APV,140660
638A97082R,SUPORTE DE FIXACAO DO PARACHOQUES DA CAR,14067
788222250R,CABO DE ABERTURA DA PORTINHOLA DO TANQUE,14069
8200838548,TAMPA DO FAROL DE NEBLINA PARA PARACHOQ,14070
7701471925,RESERVATORIO DO RADIADOR PARA VEICULO AU,14071
7701475822,JOGO DE JUNTAS DE COMPOSICAO DIFERENTES,14072
985155691R,BOLSA INFLAVEL DE SEGURANCA COM SISTEMA,14073
620258479R,ELEMENTO DE FECHAMENTO DO PARACHOQUE DE,14075
255503792R,RELE ELETROMAGNETICO,14076
7701477533,CONJUNTO CORREIA DO AR DA DIRECAO HIDRAU,14077
275107490R,MÓDULO COMPOSTO DE COMBINAÇÃO,14078
223658134R,SENSOR P MEDICAO DA PRESSÃO DE LIQ /GASE,14079
410119926R,CALIPER DO FREIO DE VEICULO AUTOMOVEL,14080
261508367R,APARELHO ELETRICO (FAROL DE NEBLINA) DE,14081
8200207319,MOLDURA DE BORRACHA VULCANIZADA NAO EN,14082
269116465R,SUPORTE DO FAROL DE NEBLINA NO PARACHOQU,14083
214680361R,PRISE AIR FROID,14084
620249002R,ELEMENTO DE FECHAMENTO DO PARACHOQUE,14085
432007885R,CUBO TAMBOR TRAS,14086
8200699876,SUPORTE PLASTICO PARA FIXAÇÃO DO PARACHO,14087
623127847R,TAMPA DA GRADE DE ENTRADA DE AR DO PARA,14088
873309889R,COBERTURA DA ARTICULACAO DO BANCO,14089
110604371R,VALVULA DE SAIDA DE AGUA DE USO EM VEICU,14090
7700842239,MECANISMO MANUAL DE LEVANTAMENTO DO VIDR,14091
926003754R,COMPRESSOR DE AR CONDICIONADO, COM ACION,14092
791820009R,GUIA PLASTICO DE SUPORTE DO PARACHOQUE D,14093
341049220R,ALAVANCA DE CONTROLE DA CAIXA DE MARCHAS,14094
7751705161,MOLDURA DE FIXACAO DO FAROL PARA CARROCA,14094
269166654R,SUPORTE PLASTICO PARA FIXACAO DO FAROL,14095
822835180R,ETIQUETA AUTO ADESIVA DE POLICLORETO DE,14096
8200664673,ARVORE DE CAMES PARA COMANDO DE VALVULAS,14098
8201741938,CHAVE DE RODA,14098
622224944R,COLECCION SOPORTES PARAGOLPE DEL X67,14098
172028277R,BOMBA DE COMBUSTIVEL COM SENSOR PARA MOT,14099
265850007R,APARELHO ELETRICO DE SINALIZACAO VISUAL,14100
248101797R,QUADRO DE INSTRUMENTOS ACOMPANHADO DE VE,14101
7701209819,AQUECEDOR DO AR CONDICIONADO DE VEICULO,14102
8200526401,JUNTA EM BORRACHA VULCANIZADA NÃO ENDURE,14103
8200526401,JUNTA EM BORRACHA VULCANIZADA NÃO ENDURE,141030
7711780762,TRIANGULO DE SEGURANCA DE PLASTICO PAR,14104
641971003R,REFORCO DO PAINEL INTERNO DA COLUNA,14105
788262456R,CABO DA PORTINHOLA DO TANQUE DA CARROCER,14106
8200598964,CORREIA SECAO TRAP ESTRIADA 6PK1822,14108
8200598964,CORREIA SECAO TRAP ESTRIADA 6PK1822,141080
924401338R,TUBO DO AR CONDICIONADO DE VEICULO AUTOM,14109
208085498R,PROTETOR TERMICO DO COLETOR DE ESCAPE DO,14110
112333988R,SUPORTE COXIM SUSPENSAO NA CAIXA DE VELO,14111
764368735R,EXTENSAO DA CARROCARIA DE VEICULO AUTOMO,14112
400143991R,ARTICULACAO DO SISTEMA DA DIRECAO, UTILI,14113
807202339R,MECANISMO DE ACIONAMENTO DO VIDRO ELETRI,14114
960174436R,MOLDURA DE ACABAMENTO DO PARA CHOQUE DE,14115
909002897R,ACABAMENTO DA PORTA DA CARROCARIA DE VEI,14116
8200356348,SUPORTE PARA CARROCARIA,14117
117205123R,CORREIA,14118
269200156R,SUPORTE PLASTICO DO FAROL DE USO EM VEIC,14119
7711943750,CASTROL PRO 10W40 A3/B4 200L,15A1
265506747R,APARELHO ELETRICO (CAIXAS DE LUZES COMBI,15PS
876205206R,CAPA DE ACABAMENTO DO ENCOSTO DIANTEIRO,15PS
165557347R,DUTO DO FILTRO DE ENTRADA DE AR DO MOTOR,15001
807201908R,MECANISMO DE ABERTURA E FECHAMENTO DO VI,15002
165554519R,CODUTO DE AR FILTRO,15003
165554519R,CODUTO DE AR FILTRO,150030
656038472R,GUARNICAO EM METAL COMUM DO CAPO DE VEIC,15004
8200087624,TRAVA DE METAL COMUM DA TAMPA DO PORTA,15005
313373737R,CLIPE EM ACO DE USO MULTIFUNCIONAL EM VE,15006
805653008R,CHAVE COM APARELHO DE RADIOTELECOMANDO,15007
990445903R,ETIQUETA AUTOADESIVA DE POLICLERETO,15008
828354995R,JUNTA PLASTICA DA PORTA DE VEICULO AUTOM,15009
8200884011,ANEL NAO ROSCADO DE ACO,15010
285900007R,ANTENA EXTERNA DETECÃ#Ã#O EMBLEMA,15011
930625214R,ETIQUETA PLASTICA AUTOADESIVA, EM POLIC,15012
625643152R,PONTET SUPPORT PROJECTEUR D,15013
130813448R,INJETOR DE OLEO LUBRIFICANTE NO PISTAO P,15014
161204132R,VÁLVULA BORBOLETA MOTORIZADA,15015
7703017090,PARAFUSO TORX AUTOPERFURANTE DE AÇO LIGA,15016
166267685R,ARRUELA DE ACO NAO ROSCADA,15017
7703033156,PORCA FLANGEADA M6 EM ACO LIGA, TEMPERA,15018
328657265R,ALANVANCA DE VELOCIDADES,15019
284425532R,CAMERA ANALOGICA/DIGITAL DOS TIP,15020
253C62701R,SUPORTE SENDOR DE ESTACIONAMENTO DIR,15021
402620001R,PORCA DE ACO MEDIO CARBONO, TEMPERADA E,15022
223658286R,SENSOR P/ MEDIR PRESSAO DE ENTRADA DE AR,15023
8201037748,INJETOR DE COMBUSTIVEL PARA MOTOR DE IGN,15024
130705295R,POLIA REGULADORA DE TENSAO PARA USO EM V,15025
285C71195R,MOLDURA DE ACABAMENTO PARA CHAVE PRESENC,15026
7701692572,MOLDURA DO PARALAMAS PARA CARROCARIA DE,15028
7700842988,JUNTA DE BORRACHA VULCANIZADA NAO ENDURE,15029
963744228R,COQUILHA PLASTICA DO RETROVISOR DE USO E,15030
261A30859R,ACABAMENTO DO FAROL DE NEBLINA DO PARAC,15031
641802951R,CANTONEIRA DE FIXACAO DO PARALAMAS PARA,15032
654014128R,DOBRADICA DE ACO DO CAPO DE VEICULO AUTO,15033
164466785R,TUBO ALIMENTACAO DE COMBUSTIVEL PARTIDA,15034
628119446R,GUIA DE AR DO PARACHOQUES DE VEICULO AUT,15035
8200924914,SUP DO RETENTOR DO VIRABREQUIM P/ MOTOR,15036
620C64367R,SUPORTE EM PLASTICO DE FIXACAO DO PARACH,15036
850443729R,GUIA PLASTICO DE FIXACAO DO PARACHOQUE,15037
260F04450R,KIT FAROL DE LONGO ALCANCE,15038
654713718R,ALAVANCA DE ABERTURA DO CAPO DE USO EM V,15039
8200597649,MOLDURA DE ACABAMENTO DO FAROL NO PARACH,15040
620727768R,MOLDURA DE ACABAMENTO DO FAROL DE MENINA,15041
620720643R,ACABAMENTO DO FAROL DE NEBLINA DO PARAC,15042
654712943R,AMORTECEDOR EM METAL COMUM DO CAPO PARA,15042
479109860R,SENSOR DE VELOCIDADE (GERADOR DE SINAIS),15043
963737675R,COQUILHA PLASTICA DO RETROVISOR DE USO,15046
682600025R,REGIAO FRONT PAINEL DE INST,15047
638438925R,PROTETOR DE RODA PARA CARROCERIA DE VEIC,15048
828213735R,MOLDURA PLASTICA DO VIDRO DA PORTA DE VE,15048
638433809R,PROTETOR DA CAIXA DE RODA PARA CARROCERI,15049
8200020647,COLETORADMK4M,15050
625180306R,TRAVESSA PARTE LATERAL DA CARROCERIA,15051
631226477R,SUPORTE DO PARALAMAS DA CARROCARIA DE VE,15051
638A15251R,MOLDURA DE ISOLAMENTO ACUSTICO PARA COBE,15052
205400012R,PROTECAO TERMICA DO SILENCIOSO NA CARROC,15053
924401186R,TUBULACAO COM FORMATO PROPRIO DO SISTEMA,15053
924C54316R,TUYAU SORTIE CONDENSEUR CA,15053
7711733757,PROTETOR DE CARTER,15054
985101553R,BOLSA INFLAVEL DE SEGURANCA COM SISTEMA,15055
261A20711R,ACABAMENTO DO FAROL DE NEBLINA DO PARAC,15056
240144565S,FIACAO ELETRICA (CHICOTE ELETRICO) PARA,15057
873309889R,COBERTURA DA ARTICULACAO DO BANCO,15058
850171472R,PARACHOQUE TRASEIRO DE USO EM VEICULO,15058
265554187R,APARELHO ELETRICO (CAIXA DE LUZES COMBIN,15059
985L11777R,BOLSA INFLAVEL DE SEGURANCA AIR BAG,15060
7701477024,SORTIDO COMPOSTO POR POLIA DE ROLAMENTO,15060
638436894R,PROTETOR CAIXA DE RODA, PROPRIA PARA CAR,15061
850165810R,PARACHOQUE TRASEIRO DE USO EM VEICULO,15061
648600377R,SUPORTE EM ACO PARA FIXACAO DE ELEMENTOS,15061
214991470R,DEFLETOR DE AR DO RADIADOR DE VEICULO,15062
265552802R,CAIXAS DE LUZES COMBINADAS SINALEIRO TRA,15063
165007931R,FILTRO DA ENTRADA DE AR PARA MOTOR DE VE,15064
8201742035,SUPORTE PLASTICO DE PROTECAO FRONTAL,15064
7711732234,EVOLUTION RNTECH 10W40,15064
8200150621,CAIXAS DE LUZES (SINALEIRO TRASEIRO),15065
7711733152,SUPORTE DE BICICLETA THULE RIDEON (9502),16PS
7711733298,PORTA BIKE TETO  // SUPORTE DE BIKE THUL,16PS
8660089510,FILTRO DE COMBUSTÍVEL MOTRIO,16PS
152095084R,CARTUCHO EM PAPEL DO FILTRO DE OLEO LUBR,16001
7711949630,FILTRO DE OLEO DO MOTOR DE USO EM VEICUL,16002
8200431051,CARTOUCHEFILTRAN,16003
905033504R,FECHADURA ELETRICA,16004
210103098R,BOMBA PARA LIQUIDO DE ARREFECIMENTO PROP,16005
7701210109,PASTILHA DE FREIO DE VEICULO AUTOMOVEL,16006
250607395R,BOMBA DE COMBUSTIVEL PARA MOTOR DE IGNIC,16007
7717102190,TRUNK TRAY,16008
240183159S,FIACAO ELETRICA (CHICOTE ELETRICO) PARA,16008
769510005R,GUARNICAO PARA REVESTIMENTO DA SOLEIRA D,16008
543A03661R,COLECAO MANCAL SUSPENSAO DIANTEIRA,16010
8201739942,TAPETE EM PVC PARA CARROCERIA DE VEICULO,16012
8201752303,TAPETE DE BORRACHA VULCANIZADA NAO ENDUR,16013
7711733864,PROTETOR CARTER KWID,17PS
625044050R,ESTRUTURA PARA CARROCARIA,17002
6001547003,PESTANA DE BORRACHA VULCANIZADA NAO ENDU,17003
681042920R,MOLDURA DO PAINEL DE INSTRUMENTOS,17003
620360007R,REFORCO DO PARACHOQUE DE VEICULO AUTOMO,17004
7717094919,JG FRISO LATERAL KARDIAN BRANCO,17004
7717000010,JG. FRISO LATERAL KWID SEM PINTURA C/EMB PINTADO P,17005
791022912R,PAINEL DE REVESTIMENTO INTERNO DA CARROC,17005
924425847R,TUBO AR CONDICIONADO DE VEICULO AUTOMOVE,17006
828353362R,JUNTA ACUSTICA INF DA PORTA TRAS ESQ,17007
7717094918,JG FRISO LATERAL KARDIAN CINZA,17008
765192261R,REFORCO ESTRUTURAL EM ACO, PARA MONTAGEM,17008
748144265R,PROTETOR DO ASSOALHO EXTERNO,17009
215011099R,TUBO EM BORRACHA VULCANIZADA NÃO ENDUREC,17010
7717079635,CALHA DE CHUVA DA JANELA PARA CARROCARIA,17011
7717079635,CALHA DE CHUVA DA JANELA PARA CARROCARIA,17011
7711732177,CARPETE DO ASSOALHO EM PLASTICO   PVC D,17012
7717094919,JG FRISO LATERAL KARDIAN BRANCO,17013
545055413R,BANDEJA DA SUSPENSAO,17014
7702270627,TAPETE CARPETE P/ AUTOMOVEL,17015
7711732193,TAPETE CONFECCIONADO EM MATERIA TEXTIL P,17016
572101538R,PROTETOR DA RODA (STEP), EM PLASTICO, PA,17016
749029959R,TAPETE PREMIERE,17017
271001865R,CAIXA DE AR QUENTE,17018
622359780R,MOLDURA EM PLASTICO (P/ETD15) PARA MONT,17019
828648839R,VEDADOR DE PLASTICO DA PORTA DA CARROCAR,17020
265505617R,APARELHO ELETRICO CAIXA DE LUZES COMBINA,17020
938J87515R,ACABAMENTO PARA CARROCARIA DE VEICULO AU,17021
7718006029,JG FRISO LATERAL KARDIAN AZUL IRON,17022
7751688435,PAINEL DO PARACHOQUE PARA CARROCARIA DE,17022
628100944R,UIDE AIR SUP BOUCLIER AV,17023
484007845R,VOLANTE DA DIRECAO DE USO EM VEICULO AUT,17023
8200445263,ESPELHO RETROVISOR PARA VEICULO AUTOMOVE,17024
749M67052R,REVESTIMENTO DE FELTRO DO ASSOALHO DE US,17024
172905497R,MÓDULO DA BOMBA DE COMBUSTÍVEL,17025
876611902R,ENCOSTO DE ESPUMA DO BANCO TRASEIRO,17026
767490015R,PROTETOR DA CAIXA DE RODA PARA CARROCARI,17026
876611902R,ENCOSTO DE ESPUMA DO BANCO TRASEIRO,170260
8201736281,ACABAMENTO SUPERIOR PARA CARROCERIA,17027
545018194R,BRACO DA SUSPENSAO DE VEICULO AUTOMOVEL,17028
7711733445,FRISOS PERSONALIZADOS (BRUN VISON),17029
876117035R,ESPUMA DO ENCOSTO DIANTEIRO,17030
164468645R,TUBO DE ALIMENTAÇÃO DO COMBUSTIVEL DE V,17031
7717094916,JG FRISO LATERAL KARDIAN BRANCO,17032
7717094916,JG FRISO LATERAL KARDIAN BRANCO,17032
7702271415,Calha de Chuva Logan,17033
747610994R,PROTETOR TÉRMICO FABRICADO EM ALUMÍNIO,,17034
8200436720,COBERTURA INTERNA DO PARALAMAS PARA CARR,17034
828648839R,VEDADOR DE PLASTICO DA PORTA DA CARROCAR,17035
7717094915,JG FRISO LATERAL KARDIAN LARANJA,17036
7711732209,Calha de Chuva Kwid,17037
638129263R,ALARGADOR DA PASSAGEM DE RODA PARA CARRO,17038
226A40319R,SENSOR DE OXIGENIO,17039
8200186166,MOLDURA DA PORTA PARA CARROCARIA DE VEIC,17039
8550506765,KIT CORREIA DE DISTRIBUIÇÃO,17040
6001552026,ALARGADOR DO PARALAMAS DA CARROCARIA DE,17040
7717084882,FRISO DE PORTA DO VEÍCULO NA COR PRATA,17041
620725575R,ACABAMENTO CENTRAL DA PELE DO PARACHOQUE,17041
873200402R,COBERTURA DE ACABAMENTO DO ASSENTO,17042
7717084881,FRISO DE PORTA DO VEÍCULO NA COR CINZA,17042
808323272R,JUNTA DE BORRACHA VULCANIZADA NÃO ENDURE,17043
803311526R,JUNTA EM BORRACHA VULCANIZADA NÃO ENDURE,17043
545040280R,BANDEJA DA SUSPENSAO DE VEICULO AUTOMOVE,17044
7711733438,FRISOS PERSONALIZADOS (BLANC GLACIER),17045
7717094918,JG FRISO LATERAL KARDIAN CINZA,17046
8201739945,TAPETE DE POLIETILENO PARA CARROCARIA DE,17047
7717000006,FRISO SEM EMBLEMA KWID,17047
403004433R,RODA DE LIGA DE ALUMINIO, UTILIZADA EM V,17048
873518136R,ESTRUTURA DA ALMOFADA DO ASSENTO,17049
7717094917,JG FRISO LATERAL KARDIAN PRETO,17050
985100534R,BOLSA INFLAVEL DE SEGURANCA COM SISTEMA,17051
876610726R,ENCOSTO DO BANCO DIANTEIRO,17051
8201736282,ACABAMENTO DA PORTA PARA CARROCERIA,17052
758924897R,CARTUCHO FILTRO DE AR,17053
7711732023,CJ.FRISO LATERAL NOVO SANDERO BRANCO GLA,17053
7711732026,CJ.FRISO LATERAL NOVO SANDERO PRETO NACR,17054
747621266R,PROTETOR TERMICO PARA VEICULO AUTOMOVEL,17054
638454930R,PROTETOR DA CAIXA DE RODA PARA CARROCARI,17055
205406506R,PROTETOR TERMICO DO ASSOALHO PARA CARROC,17055
240140314S,JOGO DE FIOS ELETRICOS (CHICOTE ELETRICO,17056
572112497R,MECANISMO DE SUPORTE DA RODA RESERVA, CO,17057
0160719,FAROL H7/H1 PISCA LISO CORSA SEDAN 2004/, MONTANA,17057
623129733R,SUPORTE DE ENTRADA DE AR DO PARACHOQUES,17058
7702271145,JG CALHA CHUVA LOGAN 07/13,17060
873016122R,ARMACAO DO ASSENTO DO BANCO DIANTEIRO,17061
620272642R,COBERTURA DO PARACHOQUE DE VEICULO AUTOM,17061
623856375R,ACABAMENTO EM PLASTICO DA GRADE,17062
850422056R,SUPORTE DA LANTERNA PARA CARROCOCERIA DE,17063
7752261182,SAIA TRASEIRA PARA CARROCARIA DE VEICULO,17063
6001550386,ACABAMENTO DO ENCOSTO DO BANCO,17064
850703787R,MOLDURA DE ACABAMENTO DO PARACHOQUES DE,17064
873613827R,ESPUMA DO ASSENTO DE VEICULO AUTOMOVEL,17064
791009094R,JUPE AR ASS,17065
685119838R,TAMPA DO PORTA LUVAS DA CARROCARIA DE VE,17066
545012815R,BRACO DA SUSPENSAO DE VEICULO AUTOMOVEL,17066
883050739R,ESPUMA DO ENCOSTO DO BANCO,17068
829A14859R,ACABAMENTO DO PAINEL DA PORTA DA CARROCA,17068
175068840R,TUBO DE ALIMENTACAO DE COMBUSTIVEL DE VE,17068
628636230R,GUIDE G GRILLE INF ENTREE AIR BCLR AV,17069
7701057122,CONDENSADOR DO AR CONDICIONADO DE VEICUL,17070
215598832R,DEFLETOR DE AR DO RADIADOR DE VEICULOS,17070
620925556R,ABSORVEDOR DE IMPACTO DO PARA CHOQUE DE,17071
828654202R,VEDACAO PLASTICA DO PAINEL DA PORTA DE V,17072
7711733421,Calha de Chuva Nova Duster,17073
848103601R,ACABAMENTO DA TAMPA DO PORTA MALAS PARA,17074
756420433R,TRAVESSA PARA CARROCARIA DE VEICULO AUTO,17075
886208048R,COBERTURA DE ACABAMENTO DO ASSENTO DO AS,17075
8201045819,SEMI EIXO DE TRANSMISSAO SEM DIFERENCIAL,17076
546110036R,BARRA ESTABILIZADORA DE SUSPENSAO EM ACO,17077
908322225R,JUNTA DE BORRACHA VULCANIZADA NAO ENDURE,17077
540500011R,BATENTE EM PLASTICO PUR PARA SISTEMA DE,17078
7711228912,FILTRO DE AR DO HABITACULO DE VEICULO AU,17079
7701476858,ANEL DE BORRACHA VULCANIZADA NAO ENDUREC,17080
552406838R,BATENTE EM PLASTICO PUR PARA SISTEMA DE,17081
8201749750,TAPETE TEXTIL,17082
8200505566,FILTRO DE ADMISSAO DE AR PARA MOTOR DE I,17083
172021690R,BOMBA DE COMBUST COM DISPOSITIVO MEDIDOR,17083
850741521R,COBERT PARACHOQUE P/ VEIC AUTO,17083
638744101R,MOLDURA DO PARALAMAS,17084
6001551794,MOLDURA FRONTAL DA CARROCARIA,17085
8660089509,FILTRO COMBUSTIVEL MOTRIO,17086
7717000011,JG. FRISO LATERAL KWID SEM PINTURA C/EMB PINTADO B,17087
7701068976,PECA PARA CARROCARIA DE VEICULO AUTOMOVE,17088
119205655R,CORREIA ALTERNADOR KWID,17089
7701470460,RESERVATÓRIO ARREFECIMENTO AUT,17090
152082327R,FILTRO PARA OLEO LUBRIFICANTE, UTILIZADO,17091
823310118R,GUIA EM PLASTICO DA JANELA DA PORTA,17092
135004153R,CAPA DO CARTER,17093
425,TAPETE PVC BOREAL,17094
873202793R,COBERTURA DE REVESTIMENTO DO ASSENTO DO,17094
7701476645,KIT CORREIA DE TRANSMISSAO SINCRONIZADOR,17095
165465171R,FILTRO DE AR P/ MOTOR DE VEIC AUTO,18001
8200848916,COMPRESSOR DE AR CONDICIONADO, COM ACION,18002
7702266469,OLEO LUBRIFICANTE COM ADITIVOS PARA APLI,18003
165467674RK4,CARTUCHO FILTRO DE AR,18003
165467674R,CARTUCHO FILTRO DE AR,18004
152088127R,FILTRO DE OLEO PARA MOTOR DE IGNICAO POR,18005
152093920R,FILTRO DE OLEO DO MOTOR DE VEICULO AUTOM,18006
8200924262,FILTRO DE OLEO P/ MOTOR DE VEIC A,18007
8200470208,VOLANTE DE DIRECAO PARA VEICULO AUTOMOVE,18007
8201325525,CAIXA DE MARCHAS MANUAL DE VEICULO AUTOM,2020
8200781925,PNEU CONTINEN 205/55/R17 91V,2020
ACRMICHELIN,PNEU MASTER 225/75/R16 MICHELIN,2020
7711732108,KIT RENAULT CAR CARE PREMIUM,2020
320107580R,CAIXA DE MARCHAS  DE VEICULO AUTOMOVEL,2020
8201627658,BLOCO DE CILINDRO PARA MOTOR DE PISTAO,300OLEO
7711734005,205/55R16 91V CONTIECOCONTACT 5 MO,300OLEO
7711733888,PNEU 235/50R18,300OLEO
7711734155,PNEU 225/65R17 102H FR CONTICROSSCONTACT LX 2,300OLEO
7702267208,PNEU 205/60R16 92H CONTIPOWERCONTACT,300OLEO
7702267177,205/50 R17 89V CONTIPREMIUMCONTACT 2,300OLEO
7702267557,85H FR POWECONTACT 2,300OLEO
7711733887,PNEU 205/70R16,300OLEO
7702267215,PNEU 215/65R16 98H,300OLEO
7702267205,PNEU 215/60 R17 96H CONTICROSSCONTACT LX 2,300OLEO
7702271172,195/75 R16 107/105R VANCONTACT AP,300OLEO
7711734111,PNEU R1894WFR CONTISPORTISPORCONTACT,300OLEO
8660089614,MOTRIO 5W30 ACEA C4,300OLEO
8660089534,MOTRIO 10W40 API SL,300OLEO
8660089536,MOTRIO SUPER 15W40 CI-4 CX-24/1,300OLEO
8660089620,MOTRIO 5W40 AI SN,300OLEO
8660089616,MOTRIO 5W30 API SN  FLEX,300OLEO
8660089842,MOTRIO 20W50 API SL,300OLEO
8660089901,LUBRIFICANTE 0W20 GARRAFA,300OLEO
8660089928,LUB 15W40 SEMI SINTÉTICO FLEX CX,300OLEO
8201348578,MOTOR DE PISTAO, DE IGNICAO POR COMPRE,300OLEO
8201654865,MOTOR DE PISTAO DE IGN COMP P VEIC AUTO,300OLEO
8660007081,MOTRIO ADITIVO ARREFC AMARELO,300OLEO
850909085R,ABSORVEDOR DE IMPACTO DO PARA CHOQUE DE,300OLEO
122013973R,VIRABREQUIM DE PESO INFERIOR A 900 KG PA,300OLEO
7717072980,PNEU BRIDGESTONE T005 215/65R16,300OLEO
7718006131,PNEU 205/55R19 97H XL PCC , N MERO DO PEDIDO: 1000,300OLEO
821001270R,PORTA PARA CARROCARIA DE VEICULO,300OLEO
760325075R,PAINEL LATERAL DA CARROCARIA DE VEICULO,300OLEO
760334617R,LATERAL PARA CARROCERIA DE VEICULO AUTOM,300OLEO
631009395R,PARA LAMA DIREITO DE USO EM VEICULO AUTO,300OLEO
801008333R,PORTA PARA CARROCARIA DE VEICULO,300OLEO
8200730589,DUTODEENTRADADEARDOMOTORDEVEICUL,300OLEO
7711733761,225/65R16C 112/110R VanContact AP 8PR,300OLEO
112535643R,SUPORTE DA BIELETA,30001
620251846R,DEFLETOR PARABARRO DIANTEIRO PARA VEICUL,30002
175202846R,INJETOR DE ENTRADA DE COMBUSTIVEL EM MOT,30003
8200186169,FRISO PLASTICO DA PORTA PARA CARROCERIA,30003
8200476806,MÓDULO COMPOSTO DE COMBINACAO, EM INVÓLU,30004
112380008R,COXIM DE BORRACHA DE FIXACAO DO MOTOR,30005
322B53543R,PINHAO DA CAIXA DE MARCHAS DE VEICULO AU,30005
938J73140R,COBERTURA DE PLASTICO DE ACABAMENTO PARA,30005
8200120986,AMORTIGUADOR TRAS X76,30006
873809125R,CARTER EXT ASSISE SIEGE G 1ERE RNG,30006
226400396R,TERMISTOR SENSOR DE TEMPERATURA PROPRIO,30006
625A17771R,SUPORTE DA TRAVESSA DO RADIADOR PARA CAR,30007
215030255R,TUBO SAIDA RADIADOR,30007
803319837R,VEDACAO PLASTICA, EM TERMOPLASTICO, DE P,30008
850454304R,SUPPORT INF G BOUCLIER AR,30008
8200678386,GUIA COM VARETA INDICADORA DO NIVEL DE,30009
288954625R,ESCOTILHA DO LIMPADOR DE PARABRISA DE US,30010
755226381R,EXTENSAO DA LONGARINA PARA CARROCARIA DE,30011
807219302R,MECANISMO DE ELEVACAO DO VIDRO ELETRICO,30012
7703074332,TAMPAO OBTURADOR EM BORRACHA VULCANIZADA,30013
748109305R,PORCA ROSCADA DE ACO LIGA TEMPERADO E RE,30014
112982531R,PARAFUSO SUSPENSAO,30014
511803977R,TAMPA DO ANEL DE REBOQUE DO PARACHOQUE,30015
6001547839,ETIQUETA AUTOADESIVA EM PVC (POLICLORET,30016
164450802R,TUBULACAO DO SISTEMA DE ALIMENTACAO,30016
212007696R,VÁLVULA TERMOSTÁTICA,30018
132074730R,JUNTA DE VEDACAO DA VALVULA PARA MOTOR D,30019
7703034226,PORCA DE ACO LIGA TEMPERADA E REVENIDA,30020
8200193673,TAMPAO OBTURADOR PLASTICO,30020
208254950R,GRAMPO EM ACO DE FIXACAO,30021
8200177919,FUSIVEL PARA TENSAO INFERIOR A 1.000V DE,30022
804209726R,DOBRADICA DE PORTA, EM ACO, PARA CARROCE,30022
8200027479,TAMPAO PLASTICO,30022
7703002660,PARAFUSO FLANGEADO, EM ACO LIGA, TEMPERA,30023
804207876R,DOBRADICA DE ACO DA PORTA,30024
990507720R,EMBLEMA PLASTICO DA CARROCERIA DE VEICUL,30024
7703075347,BUJAO DE ACO ROSCADO DE USO EM VEICULO A,30026
8200018943,ROLAMENTO DE ROLETE CILINDRICO, DE CAR,30027
7703072361,REBITE PLASTICO PARA FIXACAO DO PARALAMA,30028
8200048938,BATENTE DO CAPO DO MOTOR, CONFECCIONADO,30029
7703077266,CLIPE EM PLASTICO PA66, FIXACAO ELEMENTO,30030
8200505925,COXIM EM BORRACHA VULCANIZADA NÃO ENDURE,30031
432108764R,ROLAMENTO ESFERAS FABRICADO EM ACO, MEDI,30031
6001552205,VALVULADEADMISSÃ#O,30032
8200194580,APARELHO ELETRICO (LANTERNA PISCA ) DE,30032
7703034313,PORCA ROSCADA DE ACO LIGA. COM PROCESSO,30033
322032609R,ROLAMENTO DE ESFERAS DE CARGA RADIAL,30034
265907079R,APARELHO ELETRICO DE SINALIZACAO VISUAL,30035
8200002897,MANCAL DO CAPO EM BORRACHA VULCANIZADA N,30036
656237901R,PAINEL PLASTICO DE ABERTURA DO CAPO DE U,30036
850A64069R,SUPORTE PLASTICO DA COBERTURA DO PARACH,30037
7703083477,ABRACADEIRA DE ACO PARA USO EM VEICULO A,30037
7703077436,CLIP PLASTICO MULTIFUNCIONAL PARA USO EM,30037
7703074662,OBTURADOR,30038
7703034256,PORCA FLANGEADA M8 EM ACO LIGA, TEMPERA,30038
328653346R,MANOPLA DE ACABAMENTO DA ALAVANCA DA CAI,30039
905706004R,GANCHO DE TRAVAMENTO FABRICADO EM ACO, C,30040
213043724R,SELO DE BORRACHA VULCANIZADA NÃO ENDUREC,30041
8200697105,PARAFUSO NAO PERFURANTE ROSC DE ACO LIGA,30042
135101KT0A,GAXETA DE BORRACHA VULCANIZADA NAO ENDUR,30042
7700858979,MANGA DO EIXO DE MARCHAS DE VEICULO AUTO,30042
322238567R,ROLAMENTO DE ESFERA CARGA RADIAL DE USO,30043
908903707R,EMBLEMA PLASTICO DA CARROCARIA DE VEICUL,30044
905036543R,FECHADURA DE METAL DO PORTA MALAS,30045
403155353R,CALOTA SILVERSTONE,30046
8200778847,PARAFUSO NAO PERFURANTE ROSCADO DE ACO L,30047
7703074317,TAMPAO PLASTICO MULTIFUNCIONAL,30048
7701071407,JUNTA DE BORRACHA VULCANIZADA NAO ENDURE,30049
8200812405,TAMPAO OBTURADOR PLASTICO DA PORTA PARA,30050
009231081A,TORCO NÃO ROSCADA DE ACO LIGA TEMPERADO,30051
285C55657R,KIT DE CHAVES HJF,30051
7703077428,CLIP PLASTICO DE FIXAÇÃO DO TETO DE VEIC,30052
7703602336,PARAFUSO NAO PERFURANTE,30052
132025296R,VALVULA DE EXAUSTAO PARA MOTOR,30053
8200708904,BUCHA DA ENGRENAGEM DA CAIXA DE MARCHAS,30054
8200554273,PINO EM ACO LIGA, SEM TRATAMENTO TERMICO,30054
905123264R,HASTE METAL DE ACIONAMENTO DA FECHADURA,30055
123305636R,BUCHA DE ACO DE USO EM VEICULO AUTOMOVEL,30056
868685904R,ARRUELA DE PRESSAO NAO ROSCADA DE ACO TE,30057
7700873652,SEMIANEL CONICO PARA TRAVAMENTO DA VALV,30058
110670309R,BOITIERCOMMANDEPREPOSTCHAUFFAGE,30058
8201723038,PORCA DE ACO ROSCADA DE FIXACAO DE USO,30058
625210435R,SUPORTE DA TRAVESSA PARA CARROCARIA,30058
147224529R,JUNTA DE METAL DO ESCAPEMENTO DE GAS,30058
2222515910,VÁLVULATERMOSTÁTICAP/AUTOMÓVEL,30059
934C48610R,PROTETOR BATENTE DE ACO PARA VEICULO AU,30060
8200328305,ANEL DE ACO PARA TRAVAMENTO DE USO EM,30060
313751XF00,RETENTOR DE VALVULA DO MOTOR C,30062
7700712901,MOTOR ELETRICO DE CORRENTE CONTINUA E PO,30062
8200547283,GERADOR DE SINAL (SENSOR DE VELOCIDADE,30062
493457251R,JUNTA DE BORRACHA VULCANIZADA NAO ENDURE,30063
489674707R,PORCA DE ACO ROSCADA DE FIXACAO,30064
260303083R,TAMPA PLASTICA PARA COBERTURA DO SOQUETE,30064
403157966R,CALOTA P/ RODA AUTOMÓVEL,30065
485202939R,TERMINAL ESFERA DA COLUNA DE DIREC,30066
8200948593,PROTETOR EM BORRACHA VULCANIZADA NÃO END,30066
7701050051,CONECTOR EM ACO NÃO LIGADO DO TUBO DE FR,30067
8200650139,INJECTEURESSENCE,30068
8201721466,CONTRA PINO EM ACO UTILIZADO NA CAIXA,30070
265603083R,REFLETOR DA CARROCARIA DE VEICULO AUTOMO,30071
7700413542,ESGUICHO DO LIMPADOR DE PARABRISA DE VEI,30072
147252817R,TUBULACAO DO ESCAPAMENTO DE VEICULO,30073
8200895280,ARRUELA DE COBRE PARA FIXACAO PARA VEICU,30073
511658688R,MOLDURA DE ACABAMENTO DO PARACHOQUES DE,30074
7700846317,ESGUICHO DO LIMPADOR DE PARABRISA DE VEI,30075
8200677374,TAMPAO OBTURADOR PLASTICO,30076
8200909084,GRAMPO DE PLASTICO,30076
261342255R,SUPORTE DA LAMPADA ELETRICA DE VEICULO A,30077
7703083472,ABRACADEIRA DE ACO P/ VEIC AUTO,30078
8200688717,GANCHO EM ACO METALICO DO ASSOALHO DE US,30078
978182907R,ETIQUETA PLASTICA AUTOADESIVA DE PLASTI,30079
164199268R,SUPORTE EM ACO PARA FIXACAO DE ELEMENTOS,30080
132315888R,TUCHO DA VÁLVULA,30080
7703075180,TAMPAO EM PLASTICO POLIAMIDA (PA6.6), UT,30081
264709249R,APARELHO ELÉTRICO AUXILIAR PARA ILUMINAÇ,30082
7700847807,BAGUE CABLAGE ETANCHE,30083
631482961R,SUPORTE EM METAL COMUM DE FIXACAO, DE US,30084
320930431R,SUPORTE EM ACO P/ FIXACAO DE ELEMENTOS,30087
7701208720,DISPOSITIVO REFLETOR (CATADIOPTRICO) PAR,30087
7700101451,TERMISTOR DOTADO DE ENVOLUCRO E CONECTOR,30088
631440444R,SUPORTE DA CARROCARIA DE VEICULO AUTOMOV,30089
656013497R,FECHO DO CAPO DO MOTOR DE VEICULO AUTOM,30090
397881539R,PINO DE PLASTICO,30091
252160004R,CONJUNTO FORMADO POR CONTATORES ELETRICO,30091
132316590R,TUCHO DA VALVULA PARA MOTOR DE IGNICAO P,30091
788378666R,BATENTE DA PORTINHOLA DO TANQUE DE COMBU,30092
8200518424,TAMPAO EM PLASTICO DO ORIFICIO DO PARAFU,30092
8200397194,RONDELLE CANNELEE 4eme 5eme,30093
7701474972,JOGO DE BRONZES,30094
748161992R,PRESILHA PLASTICA DE USO MULTIFUNCIONAL,30095
8200176733,PRESILHA PLASTICA MULTIFUNCIONAL DE USO,30095
7703006348,PARAFUSO NAO PERFURANTE ROSC DE ACO LIGA,30096
7703101457,PARAFUSO NAO PERFURANTE ROSCADO DE ACO,30096
990C70822R,INSCRIPTION MASSE ET DIMENSION VEHICULE,30097
8200642490,PARAFUSO NAO PERFURANTE ROSCADO DE ACO L,30097
7703602251,PARAFUSO NAO PERFURANTE,30098
8200642488,PARAFUSO NAO PERFURANTE ROSCADO DE ACO L,30098
7703016592,PARAFUSO TORX AUTOPERFURANTE ROSCADO COM,30099
8200746497,GERADSINAISELÉTDEUSOVEÍCAUTO,30100
7703002637,PARAFUSO NAO PERFURANTE ROSCADO,30101
8200647554,GERADOR DE SINAL (SENSOR DO PONTO MORT,30102
215085319R,ALMOFADA EM BORRACHA VULCANIZADA NÃO END,30103
8200298115,ROLAMENTO DE ROLETES CONICOS, EM ACO, DE,30104
658290001R,BATENTE EM PLASTICO PARA FECHAMENTO DO C,30105
825702715R,BATENTE DE PORTA COM BASE DE ACO S460MC,30106
8200299285,ANEL DE TRAVA (CIRCLIPS) NAO ROSCADO D,30106
166070500R,BICO INJETOR DE COMBUSTIVEL PARA MOTOR D,30107
7701050052,PORCA ROSCADA HEXAGONAL DE ACO LIGA COM,30107
8200830190,CORREIA DE TRANSMISSAO SEM FIM, DE BORRA,30108
460204081R,TAMPA DO RESERVATORIO FLUIDO FREIO,30109
8200030701,PARAFUSO NAO PERFURANTE ROSCADO DE ACO L,30110
212007668R,TERMOSTATOCAIXAENTRADADEÁGUA,30110
111502016R,GUIA DA VARETA DO NIVEL DE OLEO,30111
7701050050,PARAFUSO,30111
7703077430,GRAMPO PLASTICO PARA ACABAMENTO DO PAINE,30112
7701048885,JUNTA DE BORRACHA VULCANIZADA NAO ENDURE,30113
8200934089,ANEL DE VEDACAO MECANICA,30113
254116484R,INTERRUPTOR ELETRICO PARA TENSAO DE 12V,30115
7703101543,PARAFUSO NAO PERFURANTE ROSCADO DE ACO L,30116
7700667184,BUCHA DE BORRACHA VULCANIZADA NAO ENDURE,30117
990H97417R,ETIQUETA AUTOADESIVA DE PLASTICO DE VEI,30118
6000587815,ETIQUETA PLASTICA AUTOADESIVA,30118
172518119R,BOUCHON CARBURANT,30119
808620888R,MOUSSE ETANCHEITE D,30120
8200793248,PORCA DE FIXAÇÃO DA POLIA,30121
8200795981,RETORNO DE OLEO DO TURBOCARGADOR,30122
668928889R,JUNTA ANTI RUIDO EM BORRACHA VULCANIZADA,30123
848906893R,EMBLEMA PLASTICO DA CARROCARIA DE VEICUL,30124
7700793996,ANEL RETENTOR DE BORRACHA COM ARMADURA M,30125
117200334R,SORTIDO COMPOSTO POR POLIA DE ROLAMENTO,30126
117200334R,SORTIDO COMPOSTO POR POLIA DE ROLAMENTO,30126
8200746509,SENSORDEPONTOMORTO,30128
166800802R,TUBO DE ALIMENTACAO DE COMBUSTIVEL DE VE,30129
7703602310,PARAFUSO EM ACO TEMPERADO REVENIDO E GAL,30130
284H35FA0B,CONECTOR DE AUDIO,30131
284620071R,MODULO ELETRONICO AUTOMOTIVO DE VISAO FR,30131
7705005285,GRAMPO DE ACO PARA FIXACAO DE USO EM VEI,30132
824308415R,LIMITADOR DE ABERTURA DE PORTA, DE AÇO,,30132
8200734586,GRAMPO PLASTICO PARA FIXACAO DE USO MULT,30133
7701056218,GANCHO DE FIXACAO DE GRADE DE AR PARA CA,30134
908923282R,FRISO PLASTICO DE USO EM VEICULO AUTOMOV,30135
806204769R,HASTE EM METAL DA CARROCARIA DE VEICULO,30136
960402987R,GUARNICOES PLASTICA DE VEDACAO DE VEICUL,30137
628109515R,GUIA DE ENTRADA DE AR DO PARACHOQUE DE,30138
930629388R,ETIQUETA  AUTOADESIVA EM POLI(CLORETO DE,30139
7703004172,PARAFUSO,30140
403156894R,CALOTA PARA RODA DE VEICULO AUTOMOVEL,30141
240256146R,JOGO DE FIOS ELETRICOS (CHICOTE ELETRICO,30142
122151746R,BRONZINA DO MANCAL SUPERIOR,30143
306904868R,MANCAL COM ROLAMENTO INCORPORADO DA EMBR,30144
411201135R,SUPORTE DO SISTEMA DE FREIO,30144
7703602356,PARAFUSO FLANGEADO EM ACO LIGA, TRATAMEN,30145
8200108885,ROLAMENTO,30146
7703074082,PLUG PLASTICO PARA PORTA DE VEICULO,30146
826096395R,HASTE DE ABERTURA DA PORTA PARA CARROCAR,30147
7703002890,PARAFUSO,30148
8200527061,HASTE DE COMANDO DE ABERTURA DA TAMPA DO,30149
7703074608,OBTURADOR,30151
7701042407,PLACA TRASEIRA DA LANTERNA DE VEICULO AU,30152
8200496321,JUNTA DE VEDACAO PARA MOTOR DE IGNICAO,30153
7703088068,BATENTE DE BORRACHA VULCANIZADA NAO ENDU,30154
289701014R,ESGUICHO DO LIMPADOR DE PARABRISA DE VEI,30155
8200689102,PINO ROSCADO DE ACO LIGA TEMPERADO E REV,30157
7700859266,JOGO DE JUNTAS E RETENTORES DO CABECOTE,30158
657223497R,PRESILHA DE FIXAÇÃO, DE PLÁSTICO (POM),,30159
8200751779,CATADIOPTRICO (REFLETOR PLASTICO NAO ELE,30160
903562759R,BATENTE DE BORRACHA VULCANIZADA NAO ENDU,30161
7700875163,PIVO EM ACO PARA ARTICULACAO DA EMBREAGE,30162
623833420R,FRISO DA GRADE DO RADIADOR, FABRICADO EM,30162
8200806099,MANOPLA DA ALAVANCA DA CAIXA DE MARCHAS,30163
7703017119,PARAFUSOPERFURANTEDEACO,30164
625445000R,JUNTA DE BORRACHA VULCANIZADA NAO ENDURE,30166
7700352234,TAMPAPLÁSTICODOBATENTEDAPORTA,30167
7703602187,PARAFUSO FLANGEADO, EM ACO LIGA, TEMPERA,30168
7700830566,ANEL DE APOIO PLÁSTICO,30169
908902202R,EMBLEMA PLASTICO DA CARROCARIA DE VEICUL,30170
8200117465,DEFLETOR PROTECAO JUNTA SAIDA CX TRANSM,30171
8200713843,FECHO METAL COBERT PLÃ#ST TRAV CINTO,30172
7701044887,BUCHA DOS PEDAIS MASTER L1H1/L2H2,30173
8200177915,BORNE BATTERIE POSITIVE 3 GJ,30174
7700779356,COXIM DE BORRACHA VULCANIZADA NAO ENDURE,30175
7703002500,PARAFUSO NAO PERFURANTE ROSCADO DE ACO L,30176
265502881R,APARELHO ELETRONICO DE SINALIZACAO VISUA,30178
511808136R,TAMPA DO ANEL DE REBOQUE DO PARACHOQUE,30179
998100571R,CHAVE COM APARELHO RADIOTELECOMANDO,30180
7703101579,PARAFUSO,30181
240147598R,JOGO DE FIOS ELETRICOS COM CONECTORES, I,30183
623834332R,FRISO DA GRADE DO RADIADOR, FABRICADO EM,30184
7700438431,PINO NÃO PERFURANTE ROSCADO DE ACO LIGA,30184
844005607R,ARTICULATION PORTE COFFRE,30185
7703620057,PARAFUSO FLANGEADO EM ACO LIGA, TRATAMEN,30186
8200204295,DIODOMINIFUSÍVELAPV,30187
905701792R,BATENTE DE PORTA COM BASE DE ACO S460MC,30188
7703602218,PARAFUSO DE AÇO,30188
7703602190,PARAFUSO FLANGEADO, EM ACO LIGA, TEMPERA,30189
511650386R,TAMPA ANEL DE REBOQUE TRASEIRO,30189
822820859R,COBERTURA DE ACABAMENTO DA COLUNA PARA C,30190
465312106R,COBERTURA EM BORRACHA VULCANIZADA NÃO EN,30191
261659450R,APARELHO ELETRICO DE SINALIZACAO VISUAL,,30191
7703179026,PRESILHA DE FIXAÇÃO, DE PLÁSTICO (POM),,30192
7703006229,VIS CBLX M6X10013,5 88 SA1NS,30194
7703079449,CLIPE EM PLASTICO POM, PARA FIXACAO DE E,30195
8200695121,SUPORTE EM METAL DE FIXACAO DO RADIADO,30195
7703002933,PARAFUSO FLANGEADO, EM ACO LIGA, TEMPERA,30196
7700352422,TRAVA DE METAL COMUM DA PORTA CORREDICA,30197
217128724R,TAMPA DE COBERTURA DO RADIADOR DE VEICUL,30197
265654344R,BOMBA DE VACUO,30199
289206061R,BOMBA DO SISTEMA LAVAVIDROS,30200
8200623085,VIS ROUE RONDELLE,30201
8200350047,ANEL NAO ROSCADO DE ACO DE USO EM VEICUL,30202
8200560569,JUNTA DA ENGRENAGEM PLANETARIA PARA TRAN,30203
1214515910,PARAFUSO NAO PERFURANTE ROSCADO DE ACO L,30204
265108990E,APARELHO ELETRICO,30204
01225E8011,PORCA DE ACO MEDIO CARBONO,30205
7700421800,HASTE EM BORRACHA VULCANIZADA NÃO ENDURE,30205
284H65690R,SUPORTE SENSOR DE ESTACIONAMENTO DIR,30205
6001549125,TUBO LAVA VIDRO,30206
7703602330,PARAFUSO M12X175,30206
497610324R,SENSOR DE PRESSAO DA DIRECAO  DE USO EM,30207
7703073290,PRESILHA PLÁST FIX P/ VEÍC AUTO,30208
284529768R,SUPORTE PLASTICO DO SENSOR DE ESTACIONAM,30210
112987877R,PARAFUSO ROSCADO DE ACO LIGA COM PROCESS,30211
7703002929,PARAFUSO SEXTAVADO FLAGELADO M6X10016 C,30211
7703079285,CLIP PLASTICO MULTIFUNCIONAL,30212
511141233R,SUPORTE PARA FIXACAO DO ANEL DE REBOQUE,30212
8200081873,PRESILHA PLASTICA DE USO MULTIFUNCIONAL,30213
7700106385,O´RING EM BORRACHA VULCANIZADA NÃO ENDUR,30214
7703090436,ROLAMENTO DE ESFERAS DE CARGA RADIAL DE,30215
930621421R,ADESIVO PLASTICO DE POLI(CLORETO DE VINI,30215
7703079256,PRESILHA PLASTICA MULTIFUNCIONAL DE USO,30218
7703076118,PRESILHA DE ACO PARA FIXACAO PARA USO EM,30219
807639412R,COBERTURA PLASTICA DA MANIVELA DE LEVANT,30220
628950003R,SUPORTE EM PLASTICO DE FIXACAO DO EMBLEM,30221
806079586R,MOLDURA PLASTICA DA TRAVA DA PORTA DE VE,30222
769846939R,GRAMPOPLASTICODEFIXACAO,30222
253606377R,INTERRUPTOR ELETRICO COM TENSAO DE 12 V,30223
7703179013,PRESILHA EM PLASTICO PARA FIXACAO  DE US,30224
7701039901,JUNTA DE AMIANTO,30225
8200751778,REFLETOR PLASTICO NAO ELETRICO PARA SINA,30226
J1125E8031,PARAFUSO SEXTAVADO, EM ACO DE BAIXO CARB,30227
6001549355,LONGARINA PARA CARROCARIA DE VEICULO AUT,30228
806063347R,PINO PLASTICO DE CONTROLE DE ABERTURA,30229
253314470R,ACENDEDOR ELETRICO DE CIGARRO, PARA APLI,30230
7703079259,CLIPE EM PLASTICO POM, PARA FIXACAO DE E,30231
7700872205,CALCO DO ROLAMENTO DA CAIXA DE MARCHAS D,30232
7703079164,CLIPE EM PLASTICO PA66, FIXACAO ELEMENTO,30233
7701478353,TRAVA DE ENGRENAMENTO DA MARCHA RÉ,30235
305027561R,TAMPA DA EMBREAGEM DE VEICULO AUTOMOVEL,30236
7703024041,PARAFUSO NAO PERFURANTE ROSCADO DE ACO L,30238
990447669R,ADESIVO PLASTICO AUTOCOLANTE DECORATIVO,30239
6001551315,RESERV FLUIDO SIST FREIO P/VEÍC,30241
562108997R,AMORTECEDOR TRASEIRO,30242
8200186171,FRISO DE PLASTICO DA CARROCARIA DE VEICU,30243
165003077R,FILTRO DE ENTRADA DE AR PARA MOTOR DE IG,30244
864308408R,APOIO DE CABECA DO ASSENTO DA CARROCARIA,30244
8200074008,APARELHO ELETRICO (FAROL DE NEBLINA) DE,30245
308510741R,TUBO DA EMBREAGEM HIDRAULICA,30246
248105589R,QUADRO DE INSTRUMENTOS ACOMPANHADO DE VE,30249
7701478542,TUBO PLASTICO INFERIOR DE ENTRADA DA BO,30250
850454514R,GUIA PLASTICO DE FIXACAO DO PARACHOQUE,30251
402065345R,DISCO DO FREIO DE VEICULO AUTOMOVEL,30252
8660089545,DISCO DE FREIO MOTRIO,30252
808329099R,MOLDURA DE BORRACHA DA PORTA DA CARROCAR,30253
620722974R,MOLDURA DO PARACHOQUE DE VEÍCULO,30254
794206762R,TAMPAO DO PORTA MALAS PARA CARROCARIA,30255
8201005241,RADIADOR TROCADOR DE CALOR, REFRIGERAD,30255
265509162R,APARELHO ELETRICO,30256
260103650R,APARELHO ELETRONICO DE SINALIZACAO VISUA,30257
117204663R,SORTIDO COMPOSTO POR POLIA DE ROLAMENTO,30258
628105231R,GUIA DE ENTRADA DE AR EXTERNO PARA VEICU,30259
623925613R,SUPORTE DE FIXACAO DA GRADE DO RADIADOR,30260
240117727S,JOGO DE FIOS ELETRICOS (CHICOTE ELETRICO,30261
180107963R,PEDAL DO ACELERADOR ELETRONICO,30261
7702267005,ADITIVO PARA RADIADOR RENAULT 1L,30262
223214864R,TUBULACAO EM METAL DO SISTEMA DE EXAUST,30262
214F66380R,VOLET PILOTE ENTREE AIR REFROIDISSEMENT,30263
562104864R,AMORTECEDOR DO SISTEMA DE  SUSPENSAO DE,30263
8200453176,CALOTA ARO 14" CLIO/SANDERO/LOGAN,30264
876517297R,ESTRUTURA DO ENCOSTO DO BANCO,30265
638426238R,PROTETOR CAIXA DE RODA, PRÓPRIA PARA CAR,30266
767503261R,CAIXA DE RODA PARA CARROCERIA DE VEICULO,30267
543022720R,AMORTECEDOR DO SISTEMA DE  SUSPENSAO DE,30268
231008137R,ALTERNADOR DO MOTOR PARA TRANSFORMAR ENE,30269
7702295500,COLECC. ABSOBERDOR TRAS X65,30270
769112684R,ACABAMENTO LATERAL DE PORTA DIREITO,30271
638230008R,PROTETOR DA CAIXA DE RODA PARA CARROCARI,30272
8201743332,PROTECAO DO PARACHOQUE DE VEICULO,30273
260105567R,APARELHO ELETRICO DE ILUMINACAO  FAROL,30274
349016560R,COMANDO DE MUDANCA DE MARCHAS,30275
638120100R,ACABAMENTO DA PASSAGEM DE RODA,30276
8201605708,TAPETE DE POLIETILENO PARA CARROCARIA DE,30278
791107663R,DOUBLURE JUPE AR PASS 1,30280
749404943R,PISO FALSO DIANTEIRO DIR.,30281
623108550R,GRADE DO RADIADOR PARA CARROCARIA,30281
8201703977,DISCO DE FREIO DE VEICULO,30282
543020714R,AMORTECEDOR DO SISTEMA DE  SUSPENSAO DE,30283
623107739R,GRADE DO RADIADOR PARA CARROCARIA,30284
214107695R,SUPORTE COM GANCHO PARA APOIO DO RADIADO,30285
8200110305,ACABAMENTO DA PORTA PARA CARROCARIA DE V,31001
797005031R,VIDRO TEMPEADO FIXO DE SEGURANCA DO PORT,31002
7711733853,PROTECAO FRONTAL,31003
622355863R,DEFLETOR PARACHOQUE DIANTEIRO DE USO EM,31004
638411709R,PROTETOR DA CAIXA DE RODA  PARABARRO, D,31005
620266226R,PELE INF PARACHOQUE DIANT,31006
751100609R,LONGERON AV PARTIE AV D PASS,31007
200100260R,TUBO DE ESCAPAMENTO PARA VEICULO,31008
391012689R,SEMI EIXO DE TRANSMISSAO PARA VEICULO AU,31009
628173537R,GUIA DE AR INF ESQ DO PARACHOQUE DIANT,31010
764264307R,ELARGISSEUR BAVOLET D,31011
7751478853,PAINEL DO PARACHOQUE VEICULO AUTOMOVEL,31011
908305215R,GUARNICAO BORRACHA ALVEOLAR VEIC,31011
764261755R,ACABAMENTO DA SOLEIRA LD PARA CARROCARIA,31011
752102172R,TRAVESSA PARA CARROCARIA DE VEICULO AUTO,31012
165856598R,RESSONADOR DO SISTEMA DE ADMISSAO DE AR,31013
403152105R,CALOTA PARA RODA DE VEICULO AUTOMOVEL,31014
850701446R,ACABAMENTO DO PARACHOQUE DE VEICULO AUTO,31015
850176896R,ACABAMENTO DO PARACHOQUE TRASEIRO DE VEI,31016
165555169R,DUTO DE ENTRADA DO FILTRO DE AR DE VEICU,31017
620939861R,ABSORBEUR AV G,31018
620724647R,MOLDURA CENTRAL DO PARACHOQUE DIANTEIRO,31019
809006250R,ACABAMENTO DO PAINEL DE PORTA DIANTEIRO,31020
850903655R,ABSORVEDOR DE IMPACTO DO PARA CHOQUE,31021
7702270982,ALARGADOR DO PARALAMAS DA CARROCARIA DE,31022
799223129R,TAMPAO INTERNO TRASEIRO DA CARROCARIA DE,31023
876204807R,ENCOSTO DO BANCO DIANTEIRO,31024
768508137R,ACABAMENTO PLASTICO DA SOLEIRA PARA CARR,31025
214819715R,GRUPO MOTOVENTILADOR,31025
620369336R,REFORCO DO PARACHOQUE PARA CARROCARIA DE,31026
765160279R,REFORCO DA COLUNA DA CARROCARIA DE VEICU,31027
391010424R,SEMI EIXO DA TRANSMISSAO DE VEICULOS AUT,31028
668110937R,GRADE DE ENTRAD DO AR DO CAPO PARA CARRO,31028
752100087R,TRAVESSA DE MONTAGEM PARA CARROCARIA DE,31029
781158298R,GOUTTIERE LAT AR G ASS,31030
668122693R,GRADE DE ENTRADA DE AR DO CAPO PARA CARR,31031
620723461R,MOLDURA CENTRAL DA PELE DO PARACHOQUE D,31031
849932462R,SOLEIRA DO PORTAMALAS, DE PLASTICO, PAR,31031
391003472R,TRANSMISSAO DIANTEIRA DIREITA UTILIZADO,31032
767134511R,PASSAGE ROUE EXT AR G,31032
756104482R,TRAVESSA PARA CARROCARIA DE VEICULO AUTO,31033
8201059904,ESTRUTURA EM METAL DA CARROCARIA DE VEIC,31035
562100449R,AMORTECEDOR DO SISTEMA DE  SUSPENSAO DE,31036
545039807R,BANDEJA SUSPENSAO ACO UTILIZADA EM VEICU,31037
112100071R,COXIM HIDRAULICO DE FIXACAO DO MOTOR COM,31038
545023121R,BANDEJA SUSPENSAO ACO UTILIZADA EM VEICU,31039
798501635R,PAINEL TRASEIRO DA CARROCARIA DE VEICULO,31040
8201737026,ALARGADOR DIANTEIRO DO PARALAMAS,31041
850900005R,ABSORVEDOR DE IMPACTOS EM PLASTICO DO PA,31042
492004940R,CAIXA DE DIRECAO HIDRAULICA DE VEICULO,31043
752103181R,TRAVESSA DE FECHAMENTO DA CARROCARIA DE,31044
8200073445,DEFLETOR AR PARACHOQUE P/ VEICULO,31047
625049828R,ESTRUTURA PARA CARROCARIA DE VEICULO AUT,31047
625119291R,MOLDURA DE ACABAMENTO DA CARROCARIA DE V,31048
344136236R,CONJUNTO PARA ACIONAMENTO DA CAIXA DE TR,31048
208154890R,CONJUNTO DE MONTAGEM, COMPOSTO POR TUBUL,31050
850720510R,MOLDURA DO PARACHOQUE DE USO EM VEICULO,31051
8200896393,SEMI EIXO DE TRANSMISSAO S/ DIFERENCIAL,31051
767484157R,PROTETOR CAIXA RODA,31052
731D66354R,FORRO DA CRUZETA PARA CARROCARIA DE VEIC,31053
391015946R,TRANSMISSAO DIANT ESQ,31053
755100183R,LONGARINA DE USO MULTIFUNCIONAL DA CARRO,31054
752101871R,TRAVESSA DO PARACHOQUE DE VEICULO AUTOMO,31055
543027579R,AMORTECEDOR DE SUSPENSAO P/ VEIC AUTO,31055
638450017R,CAIXA DE RODA PARA CARROCARIA DE VEICULO,31056
850220011R,PARACHOQUE DE VEICULO AUTOMOVEL,31057
545021303R,BANDEJA DO SISTEMA DE SUSPENSAO, FABRICA,31059
403159611R,CALOTA PARA RODA DE VEICULO AUTOMOVEL,31060
769518723R,ELEMENTO DE FECHAMENTO LATERAL  DA CARRO,31061
8200714033,TAMPA DO MOTOR DE IGNICAO POR CENTELHA P,31062
620264905R,COBERTURA DO PARACHOQUE DE VEICULO,31063
631004389R,PARA LAMA PARA CARROCARIA DE VEICULO,31064
620723837R,MOLDURA DO PARACHOQUE DIANTEIRO,31064
625194734R,TRAVESSA SUP FACE DIANT PARTE LATERAL DA,31065
791408719R,SUPORTE DO ASSOALHO PARA CARROCERIA,31066
763318251R,ELEMENTO DE REFORCO INTERNO DA LONGARINA,31067
751101955R,LONGARINA PARA CARROCERIA DE VEICULO,31068
8200740838,ACABAMENTO PLASTICO DA SOLEIRA DA PORTA,31068
769523741R,ACABAMENTO DA SOLEIRA ESQ DA CARROCARIA,31069
791025142R,SAIA TRASEIRA,31070
752107934R,TRAVERSE EXTREME AV,31071
850908990R,ABSORVEDOR DE IMPACTO DO PARA CHOQUE,31072
620325286R,RENFORT 2 CTL BOUCLIER AV,31073
794209949R,TAMPAO DO PORTA MALAS PARA CARROCERIA,31074
149116242R,TUBO DO VAPOR DO COMBUSTIVEL DE VEICULO,31075
791109336R,PAINEL DA SAIA PARA CARROCARIA DE VEICU,31076
497200014R,TUBULACAO DO SISTEMA DE DIRECAO HIDRAULI,31077
625048921R,ESTRUTURA FACE DIANT,31078
214814190R,VENTILADOR PARA SISTEMA DE CLIMATIZACAO,31079
858328468R,FRISO DO PARACHOQUE DE VEICULO AUTOMOVEL,31081
490010683R,CAIXA DE DIRECAO MECANICA DE VEICULO AUT,31083
244100129R,BATERIA L1 12V 50 AH 420 A,31084
555821595R,CARENAGEM DO EIXO DO MOTOR DE VEICULO AU,31084
625207894R,SUPORTE EM METAL COMUM DE FIXACAO DO PAI,31085
546116059R,COMPONENTE AUTOMOTIVO PARA SISTEMA DINAM,31085
732330409R,TRAVESSA TRASEIRA DA COBERTURA,31086
791021823R,PAINEL DO PARACHOQUE PARA CARROCARIA DE,31087
732626354R,TRAVESSA PARA CARROCERIA,31088
8200613337,BARRA DO SISTEMA DA SUSPENSAO DE VEICULO,31090
622569856R,GRILLE SUP ENTREE AIR BOUCLIER AV,31090
511605637R,ATTELAGE R1312,31091
850423237R,PAINEL SUPORTE DA LANTERNA TRASEIRA DE V,31092
752101089R,TRAVESSA DA CARROCARIA DE VEICULO AUTOMO,31093
764M13840R,JUNTA EM BORRACHA VULCANIZADA NAO ENDURE,31094
756101240R,TRAVESSA PARA CARROCERIA DE VEICULO AUTO,31094
215590775R,GUIA DE AR DO RADIADOR DE VEICULO AUTOMO,31095
829A05459R,REVESTIMENTO DO PAINEL DA PORTA PARA CAR,31096
829A13682R,REVESTIMENTO DE ACABAMENTO DA PORTA,31097
261A24985R,ACABAMENTO DO FAROL DE NEBLINA P/ VEIC,31097
490015346R,.ESTRUT DA CAIXA DA DIRECAO DE VEICULO,31098
903003125R,VIDRO EM CAIXILHO, CURVO, TEMPERADO,,32001
809016251R,ACABAMENTO DO PAINEL DA PORTA DA CARROCA,32001
788A27317R,ACABAMENTO DA PASSAGEM DE RODA DA CARROC,32002
883051692R,ESTRUTURA DO ASSENTO DE VEICULO AUTOMOVE,32004
850903196R,ABSORVEDOR DE IMPACTO DO PARACHOQUE DE,32005
909000909R,REVESTIMENTO DO PAINEL DO PORTAMALAS DE,32006
622542316R,GRADE INF ENTRADA AR PARACHOQUE DIANT,32007
620846124R,MOLDURA DE ACABAMENTO DO PARACHOQUE DE V,32008
140037985R,COLETOR DE ADMISSAO PARA MOTOR DE IGNICA,32009
622545428R,GRADE DE ENTRADA DE AR DO PARACHOQUE DE,32010
850459808R,GUIA PLASTICO DE FIXACAO DO PARACHOQUE,32011
625193694R,ELEMENTO LATERAL DA TRAVESSA DIANTEIRA P,32011
8200516617,TUBO DE ALIMENTACAO DE COMBUSTIVEL DE VE,32012
7717079636,TAPETE DE BORRACHA DE UTILIZACAO ESPECIF,32013
8200586561,BRACO DA SUSPENSAO DE VEICULO,32015
622542315R,GRADE DE ENTRADA DE AR DO PARACHOQUE DE,32015
8671020568,DEPURADOR P CONVERSAO CATALITI,32016
658406210R,ISOLADOR ANTIRUIDO DO CAPO DO MOTOR DE,32017
6001550835,PAINEL DA COLUNA DA CARROCARIA DE VEICUL,32018
755088279R,LONGARINA TRASEIRA DA CARROCARIA,32019
7751704410,LONGARINA TRASEIRA DIREITA,32020
755090103R,LONGARINA TRASEIRA DA CARROCARIA DE VEIC,32021
403000867R,RODA DE ACO PARA VEICULOS AUTOMOVEIS,32022
751114396R,LONGARINA DA CARROCARIA DE VEICULO AUTOM,32022
341015181R,CONJUNTO MONTAGEM PARA SISTEMA DE TROCA,32022
6001549831,CHAPA ASSOALHO,32023
850422275R,SUPORTE DA LAMPADA, COM DIMENSOES E FORM,32023
903008981R,VIDRO TRASEIRO PARA CARROCARIA DE VEICUL,32024
849506357R,REVESTIMENTO DO PORTA MALAS PARA CARROCA,32025
214107405R,RADIADOR,32026
8200439462,VITREPORTEAVD,32027
738216242R,BARRA DO TETO SOLAR DIR,32028
172030378R,TANQUE DE COMBUSTIVEL,32030
349359928R,CABO DE COMANDO EM ACO PARA CAIXA DE TRA,32032
490017419R,ESTRUTURA DA CAIXA DA DIRECAO DE VEICULO,32033
240142140S,CHICOTE,32033
738208247R,BARRA DE ALUMINIO DO TETO DE USO EM VEIC,32034
743219040R,ASSOALHO DA CARROCARIA,32035
214766402R,DEFLETOR SUPERIOR DE AR DO RADIADOR DE V,32035
829A09320R,ACABAMENTO DA MOLDURA DO PAINEL DA PORTA,32036
543029621R,AMORTECEDOR DA SUSPENSAO,32037
215594568R,GUIA DE AR  DE VEICULO AUTOMOVEL,32038
960155505R,MOLDURA INFERIOR DO PARACHOQUE DE VEICUL,32039
620106970Y,TRAVESSA PARA CARROCARIA DE VEIC AUTO,32040
808339561R,JUNTA DE VEDACAO DE BORRACHA VULCANIZADA,32041
791026935R,PAINEL TRASEIRO DA CARROCERIA DE VEICULO,32041
269250618R,SUPORTE DO FAROL MOLDADO NO PARACHOQUES,32042
849023537R,CARPETE DO PORTA MALAS DA CARROCARIA DE,32043
767487356R,PROTETOR DA CAIXA DE RODAS DE VEICULO AU,32044
260606757R,APARELHO ELETRICO (FAROL) DE ILUMINACAO,32045
823018084R,VIDRO DE SEGURANCA TEMPERADO PARA USO EM,32046
658407376R,ISOLADOR ANTI RUIDO DO CAPO PARA CARROCA,32047
797002808R,VIDRO DE SEGURANCA CURVO TEMPERADO DE DI,32048
809002652R,ACABAMENTO DA MOLDURA DO PAINEL DA PORTA,32048
908510383R,FRISO DE PLASTICO DE VEICULO AUTOMOVEL,32049
620368050R,GRADE DIANTEIRA DO PARACHOQUE,32050
850B48138R,ACABAMENTO DO PARACHOQUE PARA CARROCARI,32050
850708113R,ACABAMENTO DO PARACHOQUE DE VEICULO AUT,32051
788745263R,EXPANSOR DA COBERTURA DA RODA,32052
8200526644,MOLDURA DO PARALAMAS,32053
7711426512,CALOTA,32054
543023522R,AMORTECEDOR DO SISTEMA DE  SUSPENSAO DE,32055
751321774R,ELEMENTO DE FECHAMENTO DA CARROCERIA,32055
620721246R,ACABAMENTO DO PARACHOQUE DE VEICULO,32056
7700795347,RESERVATORIO DA DIRECAO ASSISTIDA DE VEI,32057
969333118R,PAINEL LEVANTA VIDRO PARA CARROCERIA,32058
752107206R,TRAVESSA PARA CARROCARIA DE VEICULO AUTO,32059
309724915R,CHICOTE ACIONADOR DO SISTEMA DE EMBREAGE,32060
8200067075,PROTETOR DA CAIXA DE RODA PARA CARROCARI,32061
752109624R,TRAVESSA DE FECHAMENTO DA CARROCARIA DE,32062
620362320R,REFORCO DO PARACHOQUE DIANT,32063
850425063R,SUPORTE DA LANTERNA PARA CARROCOCERIA DE,32063
756101698R,TRAVESSA EXTREMA PARA CARROCARIA,32063
791020428R,PAINEL TRASEIRO DA CARROCARIA DE VEICULO,32064
765313103R,PAINEL DA COLUNA DA CARROCARIA DE VEICUL,32064
777906010R,RAIL SUP D,32065
545001064R,BRACO DA SUSPENSAO DE VEICULO AUTOMOVEL,32066
849025517R,CARPETE DO PORTA MALAS DA CARROCARIA DE,32067
803015780R,VIDRO TEMPERADO MOVEL DA PORTA DIANTEIRA,32067
752104601R,TRAVESSA EXTREMA,32068
7702271455,PROTETOR DE ACABAMENTO FRONTAL DO PARACH,32069
752109643R,TRAVESSA PARA CARROCERIA DE VEICULO,32069
791005997R,CONJUNTO SAIA DA CARROCARIA DE VEICULO A,32070
480109291R,CAIXA DE DIRECAO MECANICA DE USO EM VEIC,32070
480105508R,CAIXA DE DIRECAO, PARA SISTEMA DE DIRECA,32070
788A29362R,MOLDURA DO PARALAMAS,32071
788A24402R,ALARGADOR DE PASSAGEM DE RODA TRASEIRO D,32072
165555943R,DUTO PARA ENTRADA DE AR CONDICIONADO,32073
144605995R,DUTO AR FABRICADO EM PLASTICO E BORRACHA,32074
738530001R,FRISO DE METAL COMUM DA CARROCARIA DE VE,32074
738217174R,BARRA DO TETO SOLAR ESQ,32074
767491249R,PROTETOR DA CAIXA DE RODA PARA CARROCARI,32074
960157489R,SPOILER FRONTAL DO PARACHOQUE DE VEICULO,32075
623102412R,GRADE DO RADIADOR PARA CARROCERIA,32076
924808028R,TUBULACAO COM FORMATO PROPRIO DO SISTEMA,32077
8200849701,CAIXA DA DIRECAO DE VEICULO AUTOMOVEL,32078
620121253R,ACABAMENTO DO PARACHOQUE PARA USO EM VE,32079
908529806R,FRISO DE PLASTICO DE VEICULO AUTOMOVEL,32079
121600072R,CONJUNTO DE BIELA PARA MOTOR DE PISTAO D,32081
756529646R,TRAVESSA DA CARROCARIA,32082
828218848R,FRISO PAINEL LAT,32083
767125465R,PASSAGE ROUE EXT AR D,32083
755086896R,LONGARINA TRASEIRA DA CARROCARIA DE VEIC,32084
756524076R,TRAVESSA TRASEIRA DA CARROCARIA,32085
8550513908,AMORTECEDOR DIANTEIRO,32085
751117798R,LONGERON AV PARTIE AV G ASS,32086
144104495R,VENTILADOR PARA SISTEMA DE ARREFECIMENTO,32086
6001550834,PAINEL DE REVESTIMENTO INTERNO DA CARROC,32087
924408308R,TUBULACAO COM FORMATO PROPRIO DO SISTEMA,32088
638411845R,PROTETOR DA RODA DIANT ESQ,32089
622540015R,GRADE DE ENTRADA DE AR DO PARACHOQUE DE,32089
829A13849R,REVESTIMENTO INTERNO DE ACABAMENTO DA PO,32090
752105904R,ELEMENTO DE FECHAMENTO DA CARROCARIA DE,32091
631013098R,PARALAMA PARA CARROCARIA DE USO EM VEICU,32092
638139334R,ALARGADOR DE PASSAGEM PARA RODA ESQUERDA,32093
829A13869R,ACABAMENTO DA MOLDURA DO PAINEL DA PORTA,32094
8200156693,COBERTURA INTERNA DA CAIXA DE RODAS PARA,32095
622546551R,GRADE DE ENTRADA DE AR DO PARACHOQUE DE,32096
850706237R,ACABAMENTO DO PARACHOQUE DE VEICULO AUT,32097
931311077R,GUARNICAO EM PLASTICO DE REVESTIMENTO LA,32098
738520001R,FRISO DE METAL COMUM DA CARROCARIA DE VE,32099
7751718630,PAINEL FRONTAL PARA CARROCARIA DE VEICUL,32099
739L05119R,TRAVESSA DO TETO PARA CARROCARIA DE VEIC,32100
788A37389R,MOLDURA DO PARALAMAS,32100
112206677R,COXIM DE BORRACHA VULCANIZADA NAO ENDURE,32101
622548789R,GRADE DE ENTRADA DE AR DO PARACHOQUE DE,32102
769234730R,BORRACHA VULCANIZADA NÃO ENDURECIDA DE V,32103
769520009R,GUARNICAO PARA REVESTIMENTO DA SOLEIRA D,32104
738204889R,BARRE TOIT,32105
545011362R,BRACO DA SUSPENSAO DE VEICULO AUTOMOVEL,32106
8200688871,BANDEJA SUSPENSAO ACO UTILIZADA EM VEICU,32107
391002176R,SEMIEIXO EM ACO COM COMPONENTES MONTADOS,32110
622546766R,GRADE DE ENTRADA DE AR DO PARACHOQUE FA,32111
638406131R,PROTETOR PLASTICO DA CAIXA DE RODAS DA C,32111
802630139R,VIDRO DE SEGURANCA FIXO, TEMPERADO, COLO,32999
850224632R,PELE DO PARACHOQUE TRASEIRO,33001
850706420R,MOLDURA DE ACABAMENTO DO PARACHOQUES DE,33002
751334581R,TRAVESSA  DE USO MULTIFUNCIONAL DA CARRO,33003
8200745294,TUBO DE ALUMINIO DO SISTEMA DA DIRECAO D,33004
623103138R,GRADE DO RADIADOR DE USO EM VEICULO AUTO,33005
738215293R,BARRA DO TETO PARA CARROCARIA DE VEICULO,33005
62010J571R,TRAVESSA EXTREMA PARA CARROCERIA DE VEIC,33007
8200020569,PARA LAMA PARA CARROCARIA DE VEICULO AUT,33008
165006718R,FILTRO DE ENTRADA DE AR PARA VEICULO AUT,33009
403154168R,TAMPA DA RODA DE VEICULO AUTOMOVEL,33010
762310446R,PAINEL DA COLUNA DA CARROCARIA DE VEICUL,33011
112202456R,COXIM DE BORRACHA VULCANIZADA NAO ENDURE,33012
823002491R,VIDRO MOVEL DA PORTA TRAS D,33013
803007333R,VIDRO DE SEGURANCA TEMPERADO, COLORIDO,,33014
622545638R,GRADE DE ENTRADA DE AR DO PARACHOQUE DE,33015
620903972R,ABSORVEDOR DE IMPACTO DO PARACHOQUE DE V,33017
260608411R,APARELHO ELETRICO DE SINALIZACAO VISUAL.,33018
638412189R,TELA TERMICA DIANT ESQ DA CAIXA DE RODA,33018
960158501R,ELEMENTO AERODINAMICO DO PARACHOQUE DE V,33019
623103505R,GRADE DO RADIADOR PARA CARROCARIA DE VEI,33020
732335693R,TRAVESSA DO TETO DA CARROCARIA,33021
791100727R,PAINEL TRASEIRO DA CARROCARIA DE VEICULO,33022
808218710R,FRISO DE PLASTICO PARA VEICULO AUTOMOVEL,33023
623101750R,GRADE DO RADIADOR PARA CARROCERIA DE VEI,33024
738214780R,BARRA (RACK) DO TETO, PARA CARROCERIA, U,33024
8201735813,KIT ALARGADOR DE ACABAMENTO DO PARALAMA,33026
756307319R,TRAV ASSOALHO CARROC P/ VEÃ#C AUTO,33027
638447360R,CARENAGE INF BOUCLIER AV,33027
543026570R,AMORTECEDOR DO SISTEMA DE SUSPENSAO DIAN,33029
543207065R,BATENTE DO AMORTECEDOR DA SUSP DE VEIC,33030
767488865R,CAIXA DE PASSAGEM DE RODAS PARA CARROCER,33031
620905631RK4,ABSORVEDOR DE IMPACTO DO PARACHOQUE DE V,33031
762309146R,REFORCO INTERNO PARALAMA DIREITO,33032
873517608R,ARMATURE COUSSIN AV G,33032
963018401R,RETROVISOR MANUAL DIREITO,33033
631011368R,PARA LAMA PARA CARROCARIA DE VEICULO AUT,33035
622545841R,GRADE DE ENTRADA DE AR DO PARACHOQUE DE,33036
924902974R,TUBULACAO COM FORMATO PROPRIO DO SISTEMA,33037
492001413R,CAIXA DE DIRECAO HIDRAULICA DE VEICULO,33038
788A34259R,767190035R ACABAMENTO PASSAGEM DE RODA,33039
265507871R,APARELHO ELETRICO (CAIXAS DE LUZES COMBI,33039
623102051R,GRILLA FRENTE DE CARROCERIA X67,33040
668112187R,GRELHA DO PARABRISA, DE PLASTICO, PARA,33041
668118617R,GRADE DE ENTRADA DE AR DO CAPO,33041
622548459R,GRADE DE SAIDA DE AR DA CARROCARIA DE VE,33042
543029110R,AMORTECEDOR DIANTEIRO,33043
762317471R,COLUNA PARA CARROCARIA DE VEICULO AUTOMO,33045
112101292R,ISOLADOR DINAMICO COM SUPORTE DE MONTAGE,33046
924108925R,TUBO DE BORRACHA VULC NAO ENDUREC,33047
762305618R,FORRO PEDAL DIANT DIR,33048
658400233R,ISOLADOR ANTIRUIDO COM TAMANHO E FORMAT,33049
803307438R,MOLDURA PLASTICA DA JANELA DA PORTA,33050
769013791R,REVESTIMENTO PAINEL PARA CARROCARIA,33051
638402683R,TELA TERMICA DIANT DIR DA CAIXA DE RODA,33052
620224832R,PELE DO PARACHOQUE DIANT,33053
215037215R,TUBO DE BORRACHA VULCANIZADA NAO ENDUREC,33054
822634886R,VIDRO PORTA LATERAL TRASEIRA COM MOLDURA,33055
626531146R,GUIA DE ENTRADA DE AR DO PARACHOQUE,33056
758904476R,TELA PROTETOR MOTOR DE USO EM VEICULO AU,33057
7702271447,JOGO DE ALARGADORES DE PARALAMA U60,33058
828217094R,FRISO PLASTICO DA PORTA PARA CARROCERIA,33058
214106201R,RADIADOR,33059
620924773R,ABSORVEDOR INFERIOR PARACHOQUE DIANTEIR,33062
769520805R,ACABAMENTO PLASTICO DA SOLEIRA DA CARROC,33063
668112181R,GRADE DO PARACHOQUES DA CARROCARIA DE VE,33064
791009165R,ELEMENTO DE FECHAMENTO TRASEIRO DA CARRO,33065
828647030R,MACANETA PLASTICA DA PORTA DE USO EM VEI,33067
769522416R,ACABAMENTO DA SOLEIRA PARA CARROCARIA DE,33068
788A24426R,ALARGADOR DO PARALAMAS DA CARROCARIA DE,33069
938J99919R,ACABAMENTO PARA CARROCARIA DE VEICULO AU,33070
850706439R,ACABAMENTO DO PARACHOQUES DE VEICULO AU,33072
7701051488,SUPORTE PARA FIXACAO DO VENTILADOR DO RA,33072
833061440R,VIDRO DE SEGURANCA CURVO TEMPERADO,33073
391009877R,SEMI EIXO DE TRANSMISSAO DIANTEIRA,33074
391007278R,SEMI EIXO DE TRANSMISSAO PARA VEICULO,33075
769511162R,ACABAMENTO DA SOLEIRA LD PARA CARROCARIA,33077
620905631R,ABSORVEDOR DE IMPACTO DO PARACHOQUE DE V,33078
492001177R,CAIXA DE DIRECAO HIDRAULICA DE VEICULO,33078
731155596R,TETO PARA CARROCARIA DE VEICULO AUTOMOVE,33079
791002325R,ESTRUTURA DO PAINEL DO PORTA MALAS PARA,33079
791020997R,PAINEL DA SAIA PARA CARROCARIA DE VEICUL,33080
960150011R,ELEMENT AERODYNAMIQUE BOUCLIER AV,33080
622350292R,ABSORVEDOR DE IMPACTO DO PARA CHOQUE DE,33081
8201728417,CAPA DO PARACHOQUE DE USO EM VEICULO,33082
751326720R,TRAVESSA DE FECHAMENTO DA CARROCARIA DE,33083
738208898R,BARRA DO TETO SOLAR PARA CARROCERIA,33084
762446665R,REFORNO DO PAINEL PARA CARROCERIA,33084
638126158R,ALARGADOR DA PASSAGEM DE RODA PARA CARRO,33085
803010186R,VIDRO PORTA DIANTEIRA ESQUERDA,33085
432025057R,EIXO DO DISCO DE FREIO DE VEICULO AUTOMO,33087
622545642R,GRADE DE ENTRADA DE AR DO PARACHOQUE DE,33087
214100016R,RADIADOR DE VEICULO AUTOMOVEL,33088
850425632R,SUPORTE DA LANTERNA PARA CARROCOCERIA DE,33090
762311511R,COLUNA DA CARROCERIA DE VEICULO AUTOMOVE,33091
144969388R,INTERCOOLER EM ALUMINIO, UTILIZADO EM TU,33092
272706156R,APARELHO DE AR CONDICIONADO UTILIZADO PA,33093
631004975R,PARALAMA PARA CARROCARIA DE USO EM VEICU,33094
555821506R,PROTETOR DO EIXO TRASEIRO, EM PLASTICO,,33095
638424055R,PROTETOR DA RODA DIANTEIRA PARA CARROCER,33097
799220570R,TAMPAO DO PORTA MALAS DA CARROCARIA,33099
828205413R,FRISO DA PORTA,33100
263312510R,JOGO DE TAMPA PLASTICA PARA FECHAMENTO D,33101
622230011R,SUPORTE DE FIXACAO DO PARA CHOQUE,33102
349352849R,CABO DE ACIONAMENTO DA CAIXA DE MARCHAS,33103
768F37928R,FRISO PAINEL LAT,33104
850905785R,ABSORVEDOR DE IMPACTO DO PARA CHOQUE DE,33104
392414459R,COIFA ACOMPANHADA DE DUAS BRACADEIRAS,33105
732302651R,TRAVESSA DO TETO PARA CARROCERIA,33106
544013837R,TUBO RIGIDO DE FREIO,33107
809014542R,REVESTIMENTO DA PORTA DA CARROCARIA DE V,33107
112100039R,TAMPAO DE SUSPENSAO GMP,33108
620724115R,MOLDURA DO PARACHOQUE DIANTEIRO,33109
545019811R,BRACO DA SUSPENSAO DE VEICULO AUTOMOVEL,33110
808207184R,FRISO LATERAL DA PORTA DIANT D,33112
767190035R,ALARGADOR DA PASSAGEM DE RODA PARA CARRO,33113
214819548R,GRP MOTOVENTILATEUR RFRT MOTEUR ASS,33114
768614876R,JUNTA DUPLA EM BORRACHA VULCANIZADA NAO,33115
850705472R,MOLDURA DE ACABAMENTO DO PARACHOQUE,33116
850220012R,PROTECAO TRASEIRA DO PARACHOQUE DE,33118
674006126R,TRAVESSA EM METAL DA CARROCARIA,33121
625109790R,TRAVESSA PARA CARROCARIA DE VEICULO AUTO,33122
933K71179R,SUPORTE DO ACABAMENTO TAMPA DA CACAMBA P,33123
172265843R,TUBULACAO COM TAMANHO E FORMATO PROPRIO,33124
781145587R,GOUTTIERE LAT AR D ASS,33124
924085733R,MANGUEIRA DE BORRACHA VULCANIZADA NAO EN,33125
767492812R,PROTETOR DA CAIXA DE RODAS TRAS ESQ,33126
8200890122,GALERIADECOMBUSTIVEL,33127
658407380R,ISOLADOR ANTIRUIDO COM TAMANHO E FORMAT,33128
833409414R,VIDRO DE SEGURANCA TEMPERADO DE DIMENSOE,33129
545001225R,BRACO DA SUSPENSAO DE VEICULO AUTOMOVEL,33130
623102076R,GRADE DO RADIADOR PARA CARROCARIA,33131
622546504R,GRADE DE ENTRADA DE AR DO PARACHOQUE DE,33132
803313328R,GUIA EM PLASTICO DA JANELA DA PORTA,33132
803012854R,VITRE PORTE AV G,33133
620841560R,PROTECTION PORTE AR G,33133
833429346R,VIDRO DE SEGURANCA TEMPERADO DE DIMENSOE,33134
760303940R,LATERAL PARA CARROCERIA DE VEICULO AUTOM,33136
214100598R,RADIADOR DE VEICULO AUTOMOVEL,34001
924909228R,TUBULACAO DO SISTEMA DE AR CONDICIONADO,34002
260103948R,APARELHO ELETRICO (FAROL) DE ILUMINACAO,34003
214753776R,DEFLETOR DE AR DO RADIADOR PARA CARROCAR,34003
7700107864,DUTOFILTROENTARP/MOTORVEÍC,34004
985T06929R,BOLSA INFLAVEL DE SEGURANCA COM SISTEMA,34005
562105059R,AMORTECEDOR DO SISTEMA DE SUSPENSAO TRAS,34006
215013369R,TUBO DE BORRACHA VULCANIZADA NAO ENDUREC,34007
8200740588,CALOTA EM PLASTICO DA RODA PARA VEICULO,34007
302050901R,CONJDISCOPLATOEMBREAGEMP/VEIC,34008
132657328R,TAMPA DO CABEÇOTE,34009
260602727R,APARELHO ELÉTRICO DE ILUMINAÇÃO  FAROL,34011
265555358R,APARELHO ELETRICO (CAIXA DE LUZES COMBIN,34012
850172407R,PARACHOQUE DE USO EM VEICULO AUTOMOVEL,34013
6001550769,VENTILADOR PARA SISTEMA DE ARREFECIMENTO,34013
491101292R,BOMBA ELETRO HIDRAULICA VOLUMETRICA ROTA,34014
172027483R,MODULO BOMBA DE COMBUSTIVEL,34015
544C40602R,TIRANTE LONGARINA DIANT,34015
8200582906,MOTOR ELÉTRICO DE CORRENTE CONTÍNUA COM,34016
562108859R,AMORTECEDOR DO SISTEMA DE SUSPENSAO DE U,34017
214506956R,TROCADOR DE CALOR TUBULAR METALICO, PARA,34018
233005035R,MOTOR DE ARRANQUE PARA MOTOR DE IGNICAO,34018
985701291R,BOLSA INFLAVEL DE SEGURANCA(AIR BAG),34019
210100753R,BOMBA DE AGUA, COM MOTOR ELETRICO MONOFA,34020
8200757789,CONDENSADOR DO AR CONDICIONADO DE VEICUL,34021
985154777R,BOLSA INFLAVEL DE SEGURANCA(AIR BAG),34021
240105514S,CHICOTE MONOBLOCO,34022
240118864S,CHICOTE MOTOR,34023
8200373008,SUPORTE EM METAL E BORRACHA DE VIBRACAO,34024
807206096R,MECANISMO PARA REGULAGEM DE POSIÇÃO DO V,34025
921007736R,CONDENSADOR NA FORMA DE PAINEL DE TUBOS,34025
402064392R,DISCO DO FREIO DE VEICULO AUTOMOVEL,34026
806073022R,MACANETA DE PLASTICO DA PORTA DE VEICULO,34027
8200810243,RODA EM LIGA DE ALUMINIO, PARA VEIC AUTO,34028
7701208891,SORTIDO DE BATENTE PARA MOLA DA SUSPENSA,34029
7701207449,KIT BAGUE JOINT JAUGE CARBURANT,34030
969100039R,CONSOLE DA ALAVANCA DE MUDANCA DE MARCHA,34031
215596781R,GUIA TRASEIRO ESQUERDO DO SSISTEMA DE EN,34032
985157537R,BOLSA INFLAVEL DE SEGURANCA COM SISTEMA,34032
963026962R,ESPELHO RETROVISOR PARA VEICULO,34033
266050994R,APARELHO ELETRICO DE SINALIZACAO VISUAL,34034
921005444R,CONDENSADOR DO SISTEMA DE AR CONDICIONAD,34035
963024352R,RETROVISOR EXT ESQUERDO,34036
288006219R,MOTOR ELETRICO DE CORRENTE CONTINUA COM,34037
963011300R,ESPELHO RETROVISOR DE VEICULO,34037
963731529R,COQUILHA PLASTICA DO RETROVISOR DE USO E,34038
261526825R,MOLDURA DE FIXACAO DO FAROL DE NEBLINA,34039
908305639R,JUNTA DE BORRACHA VULCANIZADA NAO ENDURE,34040
265508965R,APARELHO ELETRONICO DE SINALIZACAO VISUA,34041
440013972R,CALIPER DO FREIO DE VEICULO AUTOMOVEL,34042
215599932R,DEFLETOR DE AR DO RADIADOR,34043
491100915R,BOMBA DE AGUA, VOLUMETRICA, ROTATIVA, MO,34044
788224909R,CABO DE ABERTURA DA PORTA DO TANQUE PARA,34044
871102597R,ESTRUTURA DO ASSENTO DO BANCO,34045
314100518R,ARVORE PRIMARIA DA CAIXA DE MARCHAS,34046
768609369R,VEDACAO EM BORRACHA VULCANIZADA NÃO ENDU,34047
491109155R,BOMBA VOLUMETRICA ROTATIVA DE ENGRENAGEM,34047
400113252R,CUBO DE FREIO,34050
302054795R,COLLECTIONEMBRAYAGE,34052
210457941R,TUBO DE BORRACHA VULCANIZADA NAO ENDUREC,34053
769245886R,GUARNICAO DE BORRACHA ALVEOLAR DA PORTA,34054
6001550378,TRILHO DE FIXACAO PARA O BANCO DIANTEIRO,34055
364005982R,CABO COM ELEMENTOS TERMINAIS PARA FREIO,34055
807201829R,MECANISMO DE ELEVACAO DO VIDRO ELETRICO,34055
6001548864,MANGA DO EIXO DA DIRECAO DE VEICULO AUTO,34055
403002664R,RODA DE AÇO ARO 14,34057
963020619R,ESPELHO RETROVISOR PARA VEICULO AUTOMOVE,34058
963735075R,COQUILLE RTRV EXT G GRAINEE,34059
265555355R,APARELHO ELET CAIXA DE LUZES COMBINADAS,34060
266001716R,APARELHO ELETRICO DE SINALIZACAO VISUAL,34061
7700352187K4,ESPELHO RETROVISOR DA CARROCARIA DE VEIC,34063
623105811R,GRADE EXTERNA RADIADOR KWID,34064
622224351R,SUPORTE PLASTICO DE FIXACAO,34065
546114237R,BUCHA BORRACHA NR+BR+SBR, UTILIZADA NA M,34066
777946809R,GUIA DO TRILHO DA PORTA CORREDICA PARA C,34067
8200223917,TAMPA DE PROTEÇÃO DO COMANDO DE DIS,34069
130412071R,TAMPA DO COMANDO VARIÁVEL DE VÁLVULA,34070
788276143R,RECEPTOR,34071
8200780972,FILTRO,34072
172026206R,BOMBA DE COMBUSTIVEL PARA MOTOR DE IGNIC,34072
8200808455,MOLDURA PARA POSICIONAMENTO DA MOLA, FAB,34073
850751920R,COBERTURA DO PARACHOQUE DE VEICULO AUTOM,34074
8200730607,COBERTURA EM PLASTICO DA MACANETA DA POR,34075
8200386493,FILTRO CANISTER CLIO/SANDERO 2005/2015,34076
224332597R,BOBINA DE IGNICAO PARA MOTOR DE VEICULO,34077
132859023R,BALANCIM DO COMANDO DE VALVULAS,34078
7701207057,SUPORTE EM PLASTICO DO PARA CHOQUE DE VE,34079
963731321R,COBERTURA PLASTICA DO ESPELHO RETROVISOR,34080
111103404R,BANDEJA DE OLEO DO MOTOR DE IGNICAO POR,34081
850457334R,SUPORTE DE FIXACAO DO PARACHOQUE,34081
628163909R,GUIA DE ENTRADA DE AR PARA O PARACHOQUE,34082
628904053R,EMBLEMA DE PLASTICO DE USO MULTIFUNCION,34083
625187226R,ELEMENTO LATERAL DA TRAVESSA DIANTEIRA P,34084
8660089530,JOGO DE PASTILHAS DE FREIO DE VEICULO AU,34086
110442017R,JUNTA METALOPLASTICA DE USO EM VEICULO A,34087
403008821R,RODA COM DIAMETRO DE 16 POLEGADAS DE VEI,34088
543024667R,AMORTECEDOR DIANT,34088
403000069R,ROUE 6 1/2XJ 16 CH 5 47 PROTEUS,34089
403156336R,CALOTA PARA RODA DE VEICULO AUTOMOVEL,34090
963023734R,ESPELHO RETROVISOR DE USO EM VEICULO AUT,35001
873708675R,COBERTURA DE ACABAMENTO DO ASSENTO,35002
265554508R,APARELHO ELETRICO CAIXAS DE LUZES,35003
260109545R,FAROL DIREITO PARA USO EM VEICULO AUTO,35004
809013981R,PAINEL DE ACABAMENTO PARA CARROCARIA,35005
8200858600,DUTO AR FABRICADO EM PLASTICO E BORRACHA,35006
873110620R,ESPUMA DO ASSENTO DO BANCO,35007
963012690R,ESPELHO RETROVISOR DE USO EM VEICULO AUT,35007
130C16776R,COL DISTRIBUICAO,35009
985P15615R,BOLSA INFLAVEL DE SEGURANCA SISTEMA DE I,35009
638407860R,MOLDURA EM PLASTICO PARA ACABAMENTO CAIX,35010
990478694R,ESTRUTURA PLASTICA DE VEDACAO DA PORTA D,35010
873614587R,ESPUMA ASSENTO BANCO VEIC AUTO,35010
8660089543,DISCO DE FREIO DE VEICULO AUTOMOVEL,35011
112380010R,COXIM DE BORRACHA VULCANIZADA NAO ENDURE,35012
344147493R,ELEMENTO DE FECHAMENTO P/CARROCARIA,35013
400151061R,ETANCHEITE GRILLE AUVENT,35014
255679223R,CONJUNTO DE INTERRUPTORES ELETRICOS,35015
963212057R,ESPELHO RETROVISOR INTERNO PARA VEICULO,35016
403159617R,CALOTA DA RODA DE VEICULO AUTOMOVEL,35016
302053243R,KIT COMPLETO DA EMBREAGEM,35016
668306984R,JUNTA DE BORRACHA VULCANIZADA NAO ENDURE,35017
921007775R,CONDENSER,35019
349010873R,COMANDO DE MUDANCA DE MARCHAS,35020
432006384R,TAMBORDOFREIOTRASEIRO(CUBODARODAT,35021
921201719R,GROUPE MOTOVENTILATEUR RFRT MOTEUR,35023
620262726R,PARACHOQUE (INCOMPLETO) DE VEICULO AUTO,35023
562101519R,AMORTECEDOR TRASEIRO,35024
6001550462,ESTRUTURA EM METAL DO ASSENTO DE VEICULO,35025
8201703980,COLLECTION APV,35026
472104244R,AMPLIFICADOR (HIDROVACUO) PARA SISTEMA,35027
260108233R,FAROL DIREITO,35028
823307800R,MOLDURA PLASTICA DO VIDRO DA PORTA DE VE,35029
265552652R,LANTERNA HALOGENA DE TENSAO INFERIOR,35029
8200137495,SUPORTE PLASTICO DO PARACHOQUE DE VEICUL,35029
809016425R,PAINEL DA PORTA PARA CARROCARIA DE VEICU,35030
963023199R,ESPELHO RETROVISOR DE VEICULO,35031
472109102R,AMPLIFICADOR DO FREIO DE VEICULO AUTOMOV,35032
403007245R,RODA DE ACO DE USO EM VEICULO AUTOMOVEL,35033
260604769R,APARELHO ELETRICO CAIXA DE LUZES COMBINA,35034
638400509R,ECRAN PASSAGE ROUE AV D,35036
767492769R,PROTETOR DA CAIXA DE RODAS TRAS ESQ,35037
403155260R,CALOTA PARA RODA DE VEICULO,35039
240111958R,JOGO DE FIOS ELETRICOS,35040
400148957R,MANGA DE EIXO DO SISTEMA DE SUSPENSAO DE,35041
8200106013,VOLANTE DA DIRECAO DE USO EM VEICULO AUT,35042
985H02789R,SAC GONFLABLE THORAX D 1ERE RNG,35043
244100944R,BATTERIE,35044
260E07031R,MOLDURA PARA ACABAMENTO DO FAROL DE NEBL,35046
545032428R,BANDEJA DA SUSPENSAO DE VEICULO AUTOMOVE,35047
545004269R,BRACO DA SUSPENSAO DE VEICULO AUTOMOVEL,35048
876207676R,COBERTURA DE ACABAMENTO DO ENCOSTO,35049
403000617R,RODA EM LIGA DE ALUMINIO, PARA VEIC AUTO,35050
963016739R,ESPELHO RETROVISOR PARA VEICULO,35052
260105345R,PROJECTEUR HALOGENE D,35053
491102845R,BOMBA ELETRO HIDRAULICA COMPOSTA POR ECU,35054
963020624R,MOLDURA EM PLASTICO (ABS), PARA MONTAGEM,35054
873203455R,CAPA DE ACABAMENTO DO ASSENTO,35055
165563276R,MANGUEIRA DE BORRACHA VULCANIZADA NAO EN,35056
265509406R,APARELHO ELETRICO (CAIXA DE LUZES COMBIN,35056
620921181R,ABSORVEDOR DE IMPACTO DO PARA CHOQUE,35057
8200606465,CONSOLE DO FREIO DE ESTACIONAMENTO PARA,35057
349015922R,COMANDO DE MUDANCA DE MARCHAS,35058
110412923R,CABECOTEDO MOTOR,35058
963012653R,RETROVISOR EXTERNO PARA CARROCERIA DE VE,35059
7751719399,CAIXA DE PASSAGEM DE RODAS DE VEICULO AU,35059
969312422R,ALAVANCA DE ENGRENAGENS DO CONSOLE PARA,35060
265595761R,APARELHO ELÉTRICO AUXILIAR PARA ILUMINAÇ,35061
638425881R,PROTETOR DE RODA PARA CARROCERIA DE VEIC,35063
8201033294,COROA DA CAIXA DE MARCHAS DE VEICULO AUT,35063
255677993R,CONTROLE ALAVANCA DE INTERRUPTOR,35063
123100675R,CONJUNTO DO VOLANTE DO MOTOR,35064
208A02717R,CONVERSOR CATALITICO PRIMARIO,35065
985259554R,BOLSA INFLAVEL DE SEGURANCA(AIR BAG),35065
769225573R,GUARNICAO DE BORRACHA VULCANIZADA,35065
926006053R,COMPRESSOR DO AR CONDICIONADO COM PRATO,35066
682606308R,MOLDURA DO PAINEL DE INSTRUMENTO DA CARR,35067
402068234R,DISQUEFREINAV,35068
7700304831,ESPELHO RETROVISOR PARA VEICULO AUTOMOVE,35069
484302708R,VOLANTE DIRECAO P/ VEICULO AUTO,35070
985360001R,COBERTURA DA BOLSA INFLAVEL DE SEGURANCA,35071
8200854119,ALTERNADOR DE VEICULO AUTOMOVEL,35071
638402753R,PROTETOR DA CAIXA DE RODA PARA CARROCARI,35072
7702267214,ELFMATIC CVT,35073
265558195R,APARELHO ELETRICO CAIXA DE LUZES COMBINA,35074
110415059R,CABECOTE PARA MOTOR DE IGNICAO,35076
400144683R,MANGA DO EIXO DIANTEIRO DA SUSPENSAO DE,35077
758906933R,CARENAGEM DO EIXO DO MOTOR PARA VEICULO,35077
850756601R,PROTECAO LATERAL DO PARACHOQUE DE VEICUL,36001
260109921R,APARELHO ELETRICO DE ILUMINACAO  FAROL,36002
849020297R,TAPETE DE CARPETE DO PORTAMALAS PARA VE,36003
8200737364,AMORTECEDOR DO SISTEMA DE  SUSPENSAO DE,36004
403156203R,CALOTA DA RODA DE VEICULO AUTOMOVEL,36005
240110526S,JOGO DE FIOS ELETRICOS (CHICOTE ELETRICO,36005
240148114S,JOGOS DE FIOS ELETRICOS COM CONETORES I,36006
402061669R,CONJ DISCO DE FREIO,36007
758902255R,PLACA DE PROTECAO INFERIOR DO MOTOR,36008
620932876R,ABSORVEDOR DE IMPACTO DO PARACHOQUE DE V,36009
403150031R,CALOTA DA RODA DE VEICULO AUTOMOVEL,36010
829A12145R,ACABAMENTO DO PAINEL DA PORTA DA CARROCA,36011
130C11551R,POLIA REGULADORA DE TENSAO ACOMPANHADA D,36012
908306080R,GAXETA EM BORRACHA NAO ENDURECIDA DO VID,36013
172026561R,BOMBA DE COMBUSTIVEL DE MOTOR DE IGNICAO,36014
260107401R,APARELHO ELETRICO (FAROL) DE ILUMINACAO,36015
623103639R,GRADE DO RADIADOR PARA CARROCARIA,36016
620932061R,ABSORVEDOR DE IMPACTO DO PARACHOQUE DE,36018
638442919R,PROTETOR DE RODA DIR DIANTEIRA PARA CARR,36019
762307103R,PAINEL INTERNO DA PARA CARROCARIA DE VEI,36019
403000807R,RODA PARA VEICULO AUTOMOVEL,36019
562105006R,AMORTECEDOR DO SISTEMA DE  SUSPENSAO DE,36020
144109159R,VENTILADOR DO TURBO COLETOR DE VEICULO,36020
809010935R,PAINEL DE REVESTIMENTO DO LADO INTERNO,36021
8201743331,PROTECAO LATERAL DO PARACHOQUE PARA CARR,36022
963730193R,COBERTURA PLASTICA DO ESPELHO RETROVISOR,36023
214763673R,DEFLETOR SUPERIOR DE AR DO RADIADOR,36024
620725955R,GUARNICAO DO PARACHOQUE DE VEICULO AUTO,36025
638139404R,ACABAMENTO DA PASSAGEM DE RODA PARA CARR,36026
8200379248,DUTODEENTRADADOFILTRODEARCOMFORM,36027
165002569R,ELEMENTO FILTRANTE PARA FILTRO DE ENTRAD,36028
620842309R,MOLDURA DE ACABAMENTO DO PARACHOQUE DE V,36029
809038098R,ACABAMENTO PLASTICO INTERNO DA PORTA DE,36030
622545128R,GRADE DE ENTRADA DE AR DO PARACHOQUE DE,36031
402066768R,DISCO DE FREIO MONTADO NO CUBO DA RODA D,36033
260606709R,APARELHO ELETRONICO DE SINALIZACAO VISUA,36034
8200780049,EIXO DA CAIXA DE MARCHAS DE VEICULO AU,36035
876019034R,ESTRUTURA DE METAL DO ENCOSTO DO BANCO,36035
7711733331,PROTETOR DE CARTER DO MOTOR DE VEICULO,36036
540505149R,COBERTURA EM BORRACHA VULCANIZADA NÃO EN,36037
638407725R,PROTETOR DA CAIXA DE RODADE VEIC AUTO,36038
623107461R,GRADE DO RADIADOR PARA CARROCARIA,36039
850709817R,MOLDURA DE ACABAMENTO DO FAROL DE NEBLIN,37001
260602078R,APARELHO ELETRICO (FAROL) DE ILUMINACAO,37001
215593158R,GUIA TRAS ESQ,37002
921001908R,CONDENSADOR,37003
921007794R,CONDENSADOR DO AR CONDICIONADO,37004
172A22038R,RESERVATORIO DE UREIA,37005
543021348R,AMORTECEDOR DO SISTEMA DE SUSPENSAO DIAN,37005
938J93712R,ACABAMENTO PARA CARROCARIA DE VEICULO AU,37006
979A27566R,CABO DO FREIO DE ESTACIONAMENTO PARA CAR,37007
112209464R,COXIM DE BORRACHA VULCANIZADA NAO ENDURE,37008
8201743772,ALARGADOR PARA CARROCERIA DE VEICULO,37009
240144770R,FIACAO ELETRICA (CHICOTE ELETRICO) PARA,37010
122014071R,VIRABREQUIM DE USO EM VEICULO,37011
963025750R,RETROVISOR ELETRICO ESQUERDO,37012
543021983R,AMORTECEDOR DIANTEIRO,37013
969202898R,APOIO DE BRACO NO CONSOLE CENTRAL DE USO,37014
240112625R,JOGO DE FIOS ELETRICOS COM CONECTORES, I,37015
144600588R,DUTO DE ALIMENTACAO DE AR PARA TURBOALIM,37016
794646586R,TAMPAO DO PORTA MALAS PARA CARROCARIA DE,37018
985257982R,BOLSA INFLAVEL DE SEGURANCA(AIR BAG),37019
8200673560,TUBULACAO DO SISTEMA DE FREIO DE VEICULO,37019
738121990R,FRISO DE PLASTICO DE VEICULO AUTOMOVEL,37020
623106263R,GRADE DE ENTRADA DE AR DO RADIADOR EM PL,37021
8200426495,COBERTURA INTERIOR DO PARALAMAS PARA CAR,37022
117206838R,CORREIATRANSMESTRIADA6PK1822,37024
850706713R,MOLDURA DE ACABAMENTO DO PARACHOQUES DE,37025
963011616R,RETROVISOR ELETRICO DIREITO,37025
909000175R,REVESTIMENTO PORTA MALAS,37026
876206624R,CAPA ENCOSTO BANCO DIANTEIRO LADO DIREIT,37026
623101991R,GRADE DO RADIADOR PARA CARROCARIA,37027
7702271441,ALARGADOR DO PARALAMA PARA CARROCARIA,37028
261A33779R,ACABAMENTO DO FAROL DE NEBLINA DO PARAC,37029
8200688880,DISCODEFREIO,37030
260602042R,APARELHO ELETRICO (FAROL) DE ILUMINACAO,37031
403004361R,RODA DE VEICULO AUTOMOVEL,37032
809013637R,GARNITURE PANNEAU PORTE G,37033
543026080R,AMORTECEDOR DE SUSPENSAO P/ VEIC AUTO,37035
543022785R,AMORTECEDOR DO SISTEMA DE  SUSPENSAO DE,37035
631003190R,PARALAMAS DIANTEIRO DE VEICULO AUTOMOVEL,37036
403151862R,CALOTAPLASTICA DA RODA DE VEICULO AUTOMO,37038
803003502R,VIDRO MOVEL DA PORTA D,37039
930454259R,ACABAMENTO DA TAMPA DA CACAMBA PARA CARR,37039
306206219R,RECEPTOR CONCENTRICO HIDRAULICO DA EMBRE,37040
8200613298,RODA EM ACO COM 15 POLEGADAS PARA VEICUL,37042
403152426R,CALOTA EM PLASTICO DA RODA PARA VEICULO,37042
7703074646,PLUG PLASTICO DE FECHAMENTO DA CARROCERI,38001
769849239R,GRAMPO PLASTICO PARA FIXACAO DE USO MULT,38001
7700103938,RETENTOR DE VALVULA DO MOTOR, CONSTITUID,38002
7701047893,JUNTA EM BORRACHA VULCANIZADA NAO ENDUER,38003
990C72336R,INSCRIPTION MASSE ET DIMENSION VEHICULE,38004
562300111R,BUCHA DE BORRACHA VULCANIZADA NAO ENDURE,38004
6001551303,APARELHO DE RADIOTELECOMANDO COM CHAVE,38005
805651313R,CHAVE TRANSPONDER,38007
850448064R,SUPORTE DA CARROCARIA PARA FIXACAO DO PA,38008
623862796RK4,MOLDURA DE ACABAMENTO DA GRADE DO RADIAD,38009
284B16233R,MODULO ELETRONICO DE CONTROLE DA CARROCE,38010
284B11233R,CALCULADOR,38010
546181925R,BARRA ESTABILIZADORA DA SUSPENSAO DE VEI,38011
995451402R,CHAVE DE PORCA (CHAVE DE RODA) DE USO MA,38012
676005156R,ELEMENT LIAISON AV DBL PIED AV D,38013
7703065106,JUNTA DE BORRACHA VULCANIZADA NAO ENDURE,38014
550454747R,ELEMENTO MONTAGEM PROPRIO PARA SISTEMA D,38015
21014ED000,JUNTA MULTIFUNCIONAL FABRICADA,38016
7701062204,ANEL EM BORRACHA VULCANIZADA NAO ENDUREC,38017
341445289R,MOLA DE ACO HELICOIDAL CILINDRICA DA ALA,38018
8200613201,TUBO RIGIDO DE COMBUSTIVEL DO INJETOR DI,38018
875F80888R,VIS FIX SIEGE AV,38019
7703061186,ARRUELA PLASTICA DE ENCOSTO,38020
164503704R,SENSOR DE PRESENCA DE AGUA,38021
8200013905,BATENTE DE BORRACHA VULCANIZADA NAO ENDU,38022
253255192R,INTERRUPTOR ELETRICO PARA TENSAO DE 12V,38023
7701041348,CONEXAO DA ENTRADA DA BOMBA DE AGUA PARA,38024
200910477R,PONTEIRA DO ESCAPAMENTO DE VEICULO AUTOM,38025
7703072337,REBITE TUBULAR FABRICADO EM ALUMINIO, PA,38026
7700720854,ANEL DE ACO DE USO MULTIFUNCIONAL EM VEI,38027
215060007R,BATENTE DE BORRACHA SINTETICA,38028
487001948R,CONTACTEUR ALLUMAGE DEMARRAGE EQP,38029
349209607R,BOTAO DA ALAVANCA DA CAIXA AUTOMATICA,38029
7700785788,BUCHA DE BORRACHA VULCANIZADA NAO ENDURE,38030
322801660R,ENGRENAGEM DA CAIXA DE MARCHAS,38031
7703002661,PARAFUSO FLANGEADO, EM ACO LIGA, TEMPERA,38031
623862796R,MOLDURA DE ACABAMENTO DA GRADE DO RADIAD,38032
8200651172,ROLAM AMORT DIANT CLIO/LOGAN/SANDERO,38033
623830229R,ACABAMENTO DA GRADE DO RADIADOR,38034
132310359R,TUCHO DA VÁLVULA,38035
802415200R,ELEMENTO DE FECHAMENTO DA PORTA DA CARRO,38035
326104966R,ANEL DA CAIXA DE MARCHAS P VEIC AUTO,38036
8200494634,VARETA DE ABERTURA DO CAPO PARA CARROCAR,38037
253C79781R,SUPORTE PLASTICO DO SENSOR DE ESTACIONAM,38038
7701471586,ANEL DE ACO NAO ROSCADO DE USO MULTIFUNC,38039
285E5JK60A,ANTENADAPORTA,ABERTURASEMCHAVE,38039
908890837R,EMBLEMA PLASTICO DA CARROCARIA DE VEICUL,38040
904501869R,BRAÇO DE AÇO E MOLA A GAS DA TAMPA DO PO,38042
8200138002,INJETOR DE OLEO LUBRIFICANTE NO PISTAO,38043
543024697R,ESTRUTURA DA SUSPENSAO DE VEICULO AUTOMO,38044
462109263R,TUBO DE FREIO HIDRAULICO AUTOMOTIVO DE B,38045
282161678R,EMBASE ANTENNE RADIO GNSS,38045
8200671278,MEDIDOR DE PRESSÃO DO OLEO PARA VEICULO,38046
7703077435,CLIPE PLASTICO PELD, PARA FIXACAO ELEME,38046
656017107R,FECHADURA DE ACO DO CAPO DE USO EM VEICU,38047
8200590563,BOCALDEENTRADADEAGUA,38047
788130008R,PARALAMAS PARA CARROCARIA DE VEICULO,38048
322807312R,EIXO DE ENGRENAGEM DA CAIXA DE MARCHAS,38049
768523360R,MOLDURA DE REFORCO DO PAINEL DA PORTA,38050
285902598R,LEITOR DE CARTAO DE CONTROLE NO PAINEL D,38051
485206730R,BOITIER ROTULE DIRECTION G,38052
8200544206,JUNTA DE VEDACAO MECANICA (SELO MECANICO,38053
768526067R,ACABAMENTO PLASTICO DA SOLEIRA DA PORTE,38054
622235200R,SUPORTE PLASTICO DIANTEIRO DO PARACHOQUE,38055
668228406R,TAMPAO OBTURADOR FABRICADO EM MATERIAL P,38056
7700103953,ANEL NAO ROSCADO DE ACO DE USO EM MOTOR,38057
805039933R,FECHADURA ELETRICA DA PORTA DE VEICULO,38057
329800694R,MASSA PENDULAR DO MODULO DE COMANDO DE P,38058
130704317R,TENSIONADOR HIDRAULICO,38059
8200916215,TUBO DE BORRACHA VULCANIZADA NAO ENDURE,38060
8201740303,SORTIDO DE JUNTAS DE COMPOSICOES,38061
8200200821,RESSONADOR DO FILTRO DO AR DO MOTOR DE V,38062
745334982R,ELEMENTO DE FECHAMENTO DA CARROCERIA DE,38063
263362454R,ACABAMENTO DO FAROL DE NEBLINA DO PARAC,38065
8200631973,CALOTA PLASTICA DA RODA DE VEICULO AUTOM,38066
6001548445,CABO DA EMBREAGEM DE VEICULO AUTOMOVEL,38067
8200854192,CONJUNTO DE DIFERENCIAL,38069
938J64478R,ACABAMENTO DA CACAMBA PARA CARROCARIA DE,38070
130205358R,ARBRECAMEADMISSIONASS,38071
781D16081R,SUPORTE DA LAMPADA DA CARROCARIA DE VEIC,38072
497100829R,TUBULACAO DO SISTEMA DIRECAO HIDRAULICA,38073
769354824R,GARNITURE PIED AR SUP G,38074
638753375R,MOLDURA DO PARALAMAS,38075
625A25790R,SUPORTE DE FIXACAO DO RADIADOR NA CARROC,38076
656205565R,CABO DE COMANDO DE ACIONAMENTO MECÂNICO,38078
963295400R,CAPA PLASTICA DA BASE PARA FIXACAO DO RE,38078
132650361R,TAMPA DO CABEÇOTE,38079
165781165R,DUTOFILTROPARTESUPERIORCAIXABORBOLE,38079
6001549861,REFORCO DO PARALAMAS DA CARROCERIA DE V,38079
8200103292,APARELHO ELETRICO (CAIXAS DE LUZES COMBI,38081
410601334R,PASTILHA DE FREIO DE VEICULO AUTOMOVEL,38082
7702271413,PARELHO ELETRICO DE SINALIZACAO ACUSTIC,38083
144608430R,DUTO AR FABRICADO EM PLASTICO E BORRACHA,38084
391016390R,SEMIEIXO EM ACO COM COMPONENTES MONTADOS,38086
121009949R,BIELA DO MOTOR DE USO EM VEICULO AUTOMOV,38087
224332935R,BOBINA DE IGNICAO PARA MOTORES,38087
497120387R,CONJUNTO TUBULACOES RIGIDAS, ASSOCIADAS,38089
638452796R,PROTETOR DE RODA DIR DIANTEIRA PARA CARR,38089
620748761R,PROTETOR DO PARACHOQUE DIANTEIRO,38090
391016613R,SEMI EIXO DE TRANSMISSAO PARA VEICULO AU,38091
850448811R,GUIA PLASTICO DE FIXACAO DO PARACHOQUE,38091
963010497R,RETROVISOR ELETRICO DA CARROCARIA PARA V,38092
638556438R,PARALAMAS PARA CARROCERIA DE VEICULO,38093
641100806R,REFORCO DA COLUNA INFERIOR DIANTEIRA DA,38093
791006896R,JUPE AR ASS,38094
391013640R,SEMIEIXO HOMOCINETICO SEM DIFERENCIAL AP,38095
401586044R,PARAFUSO FIX,38096
875F88836R,PARAFUSO ROSCADO DE ACO DE FIXACAO,38097
397880391R,PINO FABRICADO EM PLASTICO POLIAMIDA (PA,38099
7703017148,PARAFUSOACOPERFURANTE,38100
7429,ALTO FALANTE DE 6 POLEGADAS M7 TRIAXIAL 240W RMS 4,38102
7703046120,PORCA ROSCADA DE ACO LIGA. COM PROCESSO,38103
7701209836,TRAVA DE METAL COMUM DE SEGURANCA DE ABE,38104
284375765R,SENSOR ELETRONICO DE ESTACIONAMENTO DE T,38105
8200206603,MOLDURA PLASTICA DOS INTERRUPTORES DO VI,38106
7700352548,FECHO DA PORTA LATERAL CORREDICA DE VEIC,38107
7700817724,GANCHO DE METAL COMUM DO FECHO DA TAMPA,38108
252100991R,ATUADORES ELETRICOS PARA GERENCIAMENTO E,38109
7703081130,PRESILHA PLASTICA MULTIFUNCIONAL DE USO,38110
8200868839,ETIQUETA AUTO ADESIVA DE POLICLORETO DE,38111
284C24889R,SUPORTE EM ACO PARA FIXACAO DE ELEMENTOS,38111
8200789636,PORCA ROSCADA DE ACO BAIXO,38113
908782746R,MANCAL PORTA MALAS,38114
8200771472,CONTACTEUR MARCHE RÉ,38115
329179787R,ANEL DE TRAVAMENTO, NAO ROSCADO, EM ACO,38116
215062710R,SUPORTE AMORTECEDOR DE CONTROLE DE VIBRA,38117
990443204R,AUTO ADESIVO PLANO VINIL,38118
6001548013,PLAQUETA DE ZINCO AUTOADESIVA DA ARTICU,38118
7707008006,PARAFUSO NAO PERFURANTE ROSCADO DE ACO L,38119
7703002838,PARAFUSO NAO PERFURANTE ROSCADO,38119
8200375427,ETIQUETA AUTOADESIVA DE POLIPROPILENO P,38120
261341503R,SUPORTE DA LAMPADA ELETRICA DE VEICULO A,38121
6001550754,PORCA ROSCADA DE ACO LIGA TEMPERADO E RE,38121
7700431898,TAMPADOTANQUEDECOMBUSTÃ#VELSEMCHAV,38122
6001547088,HASTE DE METAL DE ACIONAMENTO DA TRAVA D,38123
8200138004,INJETOR DE OLEO LUBRIFICANTE PARA MOTO,38124
806067754R,MACANETA EXTERNA FABRICADA EM PLASTICO P,38125
8200708906,BUCHA ESPACADORA DA ENGRENAGEM DA CAIXA,38126
848904743R,EMBLEMA DE PLASTICO DE USO EM VEICULO,38127
7703034278,PARAFUSO,38127
321990731R,JUNTA DO TIPO ANEL DE BORRACHA VULCANIZA,38128
8200183752,COBERTURA EM PLASTICO DO PEDAL DE FREIO,38129
8200718048,PARAFUSO NAO PERFURANTE ROSCADO DE ACO L,38130
7703074584,TAMPÃ#OPLÃ#STICO,38131
8200298116,ROLAMENTO DE ROLETES CONICOS, EM ACO,,38132
8200789728,SENSOR DE DETONACAO PROPRIO PARA MOTOR D,38133
8200706372,SUPORTE FABRICADO EM ACO GALVANIZADO, PA,38133
7703072046,REBITE DE ALUMINIO,38134
7711392297,DISPOSITIVO PARA ARMAZENAMENTO DE DADOS,,38135
7703026050,PARAFUSOACOPERFURANTE,38135
906007555R,FECHADURA DE METAL DO PORTAMALAS, UTILI,38136
7703002726,PARAFUSO FLANGEADO EM ACO LIGA, TEMPERA,38137
7703080122,CLIPE EM ACO, ESPESSURA DE 0,5 mm, FIXAC,38138
908782984R,LIMITADOR PLASTICO PORTAMALAS PARA CARR,38138
7703034307,PORCA FLANGEADA M12 EM ACO LIGA, TEMPERA,38139
8200676529,INTERRUPTOR ELETRICO PARA TENSAO IGUAL,38140
623834398R,GRADE SUPERIOR ENTRADA DE AR,38141
253C79802R,SUPORTE SENDOR DE ESTACIONAMENTO ESQ,38142
118378366R,JUNTA METALOPLASTICA DO DECANTADOR,38143
908786740R,LIMITADOR FABRICADO EM PLASTICO POLIAMID,38143
7703602237,PARAFUSO,38143
132109661R,ANEL DA MOLA DO COMANDO DE VALVULA DE MO,38144
8200844693,PORTA OBJETOS PLASTICO PARA PAINEL DE IN,38144
7701476740,COLLECTION DEMI_FLASQUE BUTEE,38145
631491096R,SUPORTE  DE ACO PARA FIXACAO DO PARALAM,38146
788137326R,PARALAMA DE VEICULO AUTOMOVEL,38147
7700739968,TAMPA DO BOCAL DE ENCHIMENTO DE OLEO PAR,38148
294100322R,FUSIVEL DE TENSAO NAO SUPERIOR A 1000V,38149
7700108056,CINTABORRACHAFIXACAOP/VEICULO,38150
7703602282,PARAFUSO FLANGEADO, EM ACO LIGA, TEMPERA,38151
631454472R,SUPORTE DE METAL COMUM DO PARALAMA,38152
253C62497R,SUPORTE PLASTICO DO SENSOR DE ESTACIONAM,38153
7703602235,PARAFUSO FLANGEADO, EM ACO LIGA, TEMPERA,38154
8200650777,TERMISTOR DOTADO DE ENVOLUCRO E CONECT,38155
8200773453,JUNTA DE VEDACAO MECANICA UTILIZADO CO,38157
8200602763,APARELHO ELETRICO (LUZ INDICADORA DE MAN,38158
7703017104,PARAFUSO AUTOPERFURANTE ROSCADO, SEXTAVA,38159
0112106091,PARAFUSO NAO PERFURANTE DE ACO,38160
874018437R,MANOPLA DE REGULAGEM DE INCLINACAO DO EN,38161
242609666R,JUNTA DE VEDACAO EM BORRACHA,38162
7705099001,PRESILHA PLASTICA MULTIFUNCIONAL DE USO,38163
799651800R,ELEMENTO PLASTICO DE SUSTENTACAO DO TAMP,38164
8200674121,EIXOEPINHÃO,38164
132310406R,TUCHO PARA MOTOR,38165
8201151808,SENSOR PARA MEDIDA DO NIVEL DE OLEO DO,38166
924544807R,TUBO DE BORRACHA VULCANIZADA ENDURECIDA,38167
540502745R,BATENTE DO AMORTECEDOR DA SUSPENSAO DE U,38168
682008478R,PAINEL DE INSTRUMENTOS (DASH) PARA CARRO,39001
764126700R,SAIA PARA CARROCARIA,39001
768519729R,ACABAMENTO DA SOLEIRA PARA CARROCERIA DE,39002
764199511R,ACABAMENTO PLASTICO DA SOLEIRA DA PORTA,39003
768518016R,EXTENSAO DA CARROCARIA DE VEICULO AUTOMO,39004
769520359R,ELEMENTO DE FECHAMENTO LATERAL  DA CARRO,39005
768503901R,ACAB PLÁST SOLEIRA CARROC P/VEÍC,39006
638417388R,PROTETOR CAIXA DA RODA PARA CARROCARIA D,39007
638415599R,PLACA PASSAGEM DE RODA DIANT. ESQ,39008
8200735437,PROTETOR PARA CAIXA DE RODAS DE VEICULO,39008
638402862R,PROTETOR CAIXA DA RODA PARA CARROCARIA D,39009
638414175R,PROTETOR DA CAIXA DE RODAS PARA CARROCAR,39010
8200675206,HASTE DE VEICULO AUTOMOVEL,39011
620925506R,ABSORVEDOR DE IMPACTO DO PARACHOQUE DE,39012
144601765R,DUTO DE AR PARA SISTEMA DE TURBO DE VEIC,39013
165001258R,FILTRO DE ENTRADA DE AR PARA MOTOR DE VE,39014
963747916R,COBERTURA PLASTICA DO ESPELHO RETROVISOR,39014
766305758R,FORRO DO ASSOALHO PARA CARROCERIA,39015
7700304786,ACABAMENTO DA SOLEIRA DA PORTA PARA CARR,39016
764265804R,ACABAMENTO DA SOLEIRA PARA CARROCARIA DE,39017
623825665R,GRADE DO RADIADOR PARA CARROCARIA DE VEI,39018
764265105R,ACABAMENTO DA SOLEIRA DA PORTA,39019
768515613R,ACABAMENTO PLASTICO DA SOLEIRA DA CARROC,39020
738535189R,FRISO DO TETO PARA  A CARROCARIA DE VEIC,39021
850700272R,PROTETOR TRASEIRO DO PARACHOQUE DE USO E,39022
850729207R,ENJOLIVEUR CTL PEAU BOUCLIER AR,39022
638407674R,PROTETOR DA CARCAÇA DA RODA,39023
638407033R,PROTETOR DA CAIXA DE RODAS DA CARROCARIA,39024
638406859R,PROTETOR DA CAIXA DA RODA PARA CARROCERI,39025
638413553R,PROTETOR DA CARCAÇA DA RODA,39026
638412328R,PROTETOR DA CAIXA DE RODA  PARABARRO,,39026
767490020R,CAIXA DE RODA PARA CARROCARIA DE VEICULO,39027
924101574R,TUBO DE BORRACHA VULCANIZADA NAO ENDUREC,39028
924108795R,TUBO DE BORRACHA VULCANIZADA NAO ENDUREC,39028
8200676857,CONJUNTO SUPORTE E COXIM DE SUSPENSAO CA,39030
626535175R,GUIA DE AR DO PARA CHOQUE DE VEICULO AUT,39031
767480016R,PROTETOR DA CAIXA DE RODA PARA CARROCARI,39032
403155464R,CALOTA DA RODA DE VEICULO AUTOMOVEL,39033
767480689R,PROTETOR DA CAIXA DE RODA PARA CARROCARI,39033
8200905267,ALAVANCA DO CAMBIO DE MARCHAS DE VEICULO,39034
960150068R,DUTO DE ENTRADA DE AR DO FILTRO DO AR CO,39035
963743136R,COBERTURA DE PLASTICO DO ESPELHO RETROVI,39036
562106844R,AMORTECEDOR DE SUSPENSAO PARA SISTEMA DE,39037
112109225R,COXIM ANTIVIBRACAO DO MOTOR DE VEICULO A,39038
625302429R,TRAVESSA RADIADOR,39039
638405014R,CAIXA DE RODA PARA CARROCARIA DE VEICULO,39040
807218735R,MECANISMO DE ELEVACAO DO VIDRO ELETRICO,39041
215789105R,GUIA DE AR SUPERIOR DE USO EM VEICULO AU,39041
631012611R,PARA LAMA PARA CARROCARIA DE VEICULO AUT,39042
400144324R,MANGA DO EIXO DIANTEIRO DO SISTEMA,40001
304017050R,CARCACA DA EMBREAGEM PARA VEICULO AUTOMO,40001
265502720R,APARELHO ELÉTRICO DE SINALIZAÇÃO VISUAL,40002
265505271R,LUZ COMBINADA TRAS D,40003
260103738R,APARELHO ELETRICO (FAROL) DE ILUMINACAO,40004
934624343R,MACANETA EXTERNA UTILIZADA NAS PORTAS,40005
265507275R,FEU AR D AILE,40005
172020658R,MÓDULO DA BOMBA DE COMBUSTÍVEL,40006
140036202R,COLETOR DE ADMISSAO DE MOTORES,40006
9630202662,8200700119 ESPELHO RETROVISOR EXTERNO PA,40007
400145261R,MANGADO EIXO DA SUSPENSAO DA RODA DE VEI,40007
265557337R,APARELHO ELETRICO (CAIXA DE LUZES COMBIN,40008
8200277960,BIELETA DA BARRA ESTABILIZADORA,40009
224338475R,BOBINA DE IGNICAO PARA MOTOR DE VEICULO,40010
8200735448,SUPORTE PLASTICO DE FIXACAO DO PARACHOQU,40011
215017612R,MANGUEIRA DE BORRACHA VULCANIZADA NAO EN,40012
217410014R,TUBO DDE BORRACHA VULCANIZADA, NAO ENDUR,40013
237G00623R,MODULO DE CONTROLE ELETRONICO DE INJECAO,40014
7700838358,SAIDA DE AR PARA CARROCARIA DE VEICULO A,40015
546180004R,BARRA ESTABILIZADORA DA SUSPENSAO DE VEI,40016
215868286R,PLUG DE PLASTICO PARA O RADIADOR DE VEIC,40017
8200134513,TUBODEPLÁSTICO,40018
112383665R,SUPORTE DO MOTOR DE VEICULO AUTOMOVEL,40019
8200005185,RESERVATORIO PLASTICO DO FLUIDO DO SISTE,40020
261A36272R,ACABAMENTO DO FAROL DE NEBLINA DO PARAC,40021
112383100R,SUPORTE INFERIOR PARA FIXACAO DO MOTOR D,40022
117200919R,CORREIA DE TRANSMISSAO DE BORRACHA VULC,40023
908304424R,BORRACHA ALVEOLAR PARA VEDACAO DA TAMPA,40024
8201690999,MATELASSURE DOSSIER AV D ET G,40025
938J67950R,ACABAMENTO PARA CARROCARIA DE VEICULO AU,40027
400157828R,MANGA DO EIXO DIANTEIRO DO SISTEMA,40028
214867101R,GMV REFROIDISSEMENT MOTEUR,40029
123039068R,POLIA DO AMORTECEDOR DE VIBRACAO DA TORC,40030
985708615R,BOLSA INFLAVEL DE SEGURANCA(AIR BAG),40031
329507842R,EIXO COM GARFOS SELETORES,40032
265559487R,APARELHO ELETRICO (CAIXAS DE LUZES COMBI,40032
8200678117,GUARNICAO DE BORRACHA VULCANIZADA NAO EN,40033
265554934R,APARELHO ELET CAIXA DE LUZES COMBINADAS,40034
682609960R,FASCIA COMPLINST PANEL, CTR,40035
884000772R,ENCOSTO DE CABECA DE ASSENTO DO BANCO,40035
8201067796,BALANCIM DO COMANDO DE VALVULAS PARA MOT,40036
215081131R,COXIM INFERIOR DO RADIADOR, EM BORRACHA,40037
7700274026,BUJAO ROSCADO DE ACO DO MOTOR DE VEICULO,40038
908891552R,EMBLEMA PLASTICO PARA VEICULO AUTOMOVEL,40040
7700415713,BATENTE PLASTICO LIMITADOR DE CURSO,40041
110442970R,JUNTACABEÇOTE,40042
8200601367,RAMPA DE ALIMENTACAO DE COMBUSTIVEL PARA,40043
8200207049,BICOINJETORDECOMBUSTÍVEL,40044
8200591288,LIMITADOR DE VIBRACAO DO SISTEMA,40045
8200293734,ANEL TRAVA DE ACO DE FIXACAO,40046
850445199R,SUPORTE PLASTICO DO PARACHOQUE DE USO EM,40047
7701478537,COBERTURA DO FILTRO DE OLEO DO MOTOR DE,40048
804302559R,MECANISMO LIMITADOR DE MOVIMENTO DAS POR,40049
112107050R,COXIM DE BORRACHA VULCANIZADA E ELEMENTO,40050
484300031R,VOLANTE DA DIRECAO DESPROVIDO DE MODULO,40051
963029817R,ESPELHO RETROVISOR EXTERNO,40052
260601225R,CAIXA LUZ COMB, CONJ FAROL E SETA P/VEÍC,40053
172025622R,MODULO DA BOMBA DE COMBUSTIVEL,40054
147353806R,TROCADOR DE CALOR DO SISTEMA EGR COM BYP,40055
272813365R,EVAPORADOR DO AR CONDICIONADO DE VEICULO,40055
265553627R,APARELHO ELETRICO DE SINALIZACAO  LANTE,40055
265553627R,APARELHO ELETRICO DE SINALIZACAO  LANTE,400550
214813179R,ELETROVENTILADORES AXIAIS SELADOS, COM P,40056
963023282R,ESPELHO RETROVISOR PARA VEICULO,40057
282165542R,BASE DA ANTENA PARA APARELHOS DE RADIODI,40058
7702295496,ABSORVEDOR DE IMPACTO DO PARACHOQUE FAB,40058
8201714682,CONJUNTO COM DUAS POLIAS ACOMPANHADAS DE,40059
150A17037R,FILTRO DE OLEO LUBRIFICANTE PARA MOTOR D,40060
224404659R,JOGO DE FIOS ELETRICOS (CHICOTE ELETRICO,40061
7700802667,BATENTE EM BORRACHA VULCANIZADA NÃO ENDU,40061
6001546756,REFORCO DO PAINEL PARA CARROCARIA,40062
745337948R,ELEMENTO DE FECHAMENTO DA CARROCARIA DE,40063
622564869R,ELEMENTO AERODINAMICO DO PARACHOQUE DE,40064
110600968R,CAVALETE DE ÁGUA EQUIPADO COM VÁLVULA,40065
487006061R,Cilindro de Ignição,40065
924403324R,TUBO DO CONDENSADOR DO SISTEMA DE AR CON,40066
850446962R,SUPORTE DE FIXACAO DO PARACHOQUE TRASEI,40066
210478954R,DUTO DE ENTRADA DA BOMBA DAGUA DE PLAS,40067
401606563R,ROTULA DA SUSPENSAO DE VEICULO AUTOMOVEL,40068
265109646R,APARELHO ELETRICO (LUZ FIXA DA PLACA DE,40069
768F28409R,FRISO PAINEL LAT,40070
401611363R,ROTULA DA SUSPENSAO DE VEICULO AUTOMOVEL,40071
110609657R,CARCAÇA DA VÁLVULA TERMOSTÁTICA DO MOTOR,40073
112381035R,BIELLETTE INF,40073
263319044R,OBTURADOR DE FIXACAO DO PARACHOQUE DIAN,40074
112205217R,TAMPAO ELASTICO TRAS,40075
758900156R,PROTETOR DO CARTER DE OLEO DO MOTOR,40076
758900822R,PROTETOR DO BERCO DO MOTOR DE VEICULO AU,40076
260607414R,APARELHO ELETRICO (FAROL) DE ILUMINACAO,41001
924908561R,TUBULACAO DO SISTEMA DE AR CONDICIONADO,41002
963024702R,ESPELHO RETROVISOR EXTERNO,41003
266055303R,APARELHO ELETRICO DE SINALIZACAO VISUAL,41004
873705443R,REVESTIMENTO TEXTIL DO ASSENTO,41005
768F29254R,FRISO PAINEL LAT,41006
7701207182,ALAVANCA DE AJUSTE DO ENCOSTO DO ASSENTO,41007
924009084R,TUBO DE BORRACHA VULCANIZADA NAO ENDUREC,41008
631427092R,GUIA PLASTICO DE FIXACAO DO PARACHOQUE,41009
149502437R,CANISTER RESERVATORIO PARA ARMAZENAR VAP,41010
7700109893,PLACA ANTIEMULSSAO DO CARTER DE OLEO DO,41011
321079831R,DEFLETOR DE OLEO DA CAIXA DE MARCHAS DE,41012
265101HA0A,APARELHO ELÉTRICO PARA ILUMINAÇÃO  LUZ,41013
7701062312,PLACA E USO EM MOTOR DE IGNICAO POR CENT,41014
628909470R,EMBLEMA EM PLASTICO ABS PARA IDENTIFICAC,41015
7701208643,TAMPA DO FAROL DE NEBLINA DO PARACHOQUE,41016
546131253R,BUCHA EM BORRACHA VULCANIZADA NÃO ENDURE,41017
6001547140,BUCHA DE BORRACHA VULCANIZADA NAO ENDURE,41018
8200796159,TUBO DE METAL DE ALIMENTACAO DE OLEO DO,41019
631433758R,GUIA PLASTICO DE FIXACAO DO PARACHOQUE,41020
938K74897R,REFORCO DO ESPACADOR DE ACO DA CARROCERI,41021
622229216R,GUIA PLASTICO DE FIXACAO DO PARACHOQUE,41022
7700840640,BUTEE HAUTE   BAILLY COMTE 27557,41022
8200379950,MANOPLA DA ALAVANCA DA CAIXA DE MARCHAS,41023
7701062311,LINGUETA DE USO EM MOTOR DE IGNICAO POR,41024
112200014R,COXIM BORRACHA P/ VEÍC AUTO,41025
656015047R,FECHO DE METAL COMUM DO CAPO DE VEICULO,41026
7700816919,TAMPA PLÁSTICA DE FECHAMENTO D,41027
546135490R,BUCHA EM BORRACHA VULCANIZADA NAO ENDURE,41028
261600509R,APARELHO ELETRICO LUZ FIXA INDICADORA DE,41029
8200048024,TAMPA DO RESERVATORIO DE AGUA,41030
326049728R,ANEL SINCRONIZADOR DA CAIXA DE MARCHAS D,41031
210470894R,TUBO DE ENTRADA DA BOMBA D AGUA DE VEICU,41032
113609957R,COXIM INFERIOR DA CAIXA DE VELOCIDADES,,41033
260603007R,FAROL PARA VEICULOS AUTOMOVEIS,41034
265551619R,APARELHO ELETRICO DE ILUMINACAO VISUAL(L,41036
272703492R,CLIMATISADOR CA RGLE,41036
963020964R,ESPELHO RETROVISOR DE VEICULO,41037
807209299R,MECANISMO ELETRICO DE LEVANTAMENTO DOS V,41038
807208433R,MECANISMO DE ELEVACAO DO VIDRO ELETRICO,41038
7700106271,BOUCHONETANCHEIT,41039
7700352477,CABO DE LIBERACAO DA TRAVA DO CAPO PARA,41040
963029461R,ESPELHO RETROVISOR PARA VEICULO AUTOMOVE,41042
908899252R,EMBLEMA FABRICADO EM PLASTICO ACRILONITR,41043
8200953116,ETIQUETA AUTO ADESIVA DE POLICLORETO DE,41044
7702271544,CAMERA DE VIDEO TRASEIRA (CAMERA DE RE),41045
7711733154,CAMERA DE VIDEO (CAMERA DE RE) PARA VEIC,41045
850778503R,MOLDURA DE ACABAMENTO DO PARACHOQUE DE V,41046
543206968R,BATENTE FABRICADO EM ACO, PARA SISTEMA D,41047
307705043R,CABO DA EMBREAGEM,41049
135106494R,JUNTAS DE BORRACHA VULCANIZADA NAO ENDUR,41052
7700102781,MANCAL COM ROLAMENTO INCORPORADO DA EMBR,41053
130201220R,ARVORE DE CAMES, PARA ADMISSAO EM MOTOR,41054
768F38446R,FRISO PAINEL LAT,41055
130218357R,ENGRENAGEM DO TIPO PINHAO DO VIRABREQUIM,41055
121000260R,BIELA PARA MOTOR DE IGNICAO POR CENTELHA,41056
7701208339,PINO DA PINÇA DO FREIO PARA VEICULOS AUT,41057
628909311R,EMBLEMA DE PLASTICO DE USO MULTIFUNCIONA,41058
7701208174,VALVULA SOLENOIDE COM CORPO EXTERNO DE P,41060
110445659R,JUNTA METALOPLASTICA,41061
110445659R,JUNTA METALOPLASTICA,41061
261657727R,APARELHO ELETRICO LUZ FIXA INDICADORA DE,41062
497252681R,TUBO EM ALUMINIO DE ALIMENTACAO DO SISTE,41063
768F36178R,FRISO PAINEL LAT,41064
8200889758,CONDUITGAZECHPVANNERGE1,41065
112104991R,ISOLADOR DINAMICO COM SUPORTE DE MONTAGE,41066
8201727934,CARTER DA CAIXA DE MARCHAS,41067
265500504R,APARELHO ELETRICO CAIXA DE LUZES COMBINA,41068
963019743R,ESPELHO RETROVISOR EXTERNO, LADO DIREITO,41069
963011454R,ESPELHO RETROVISOR DE VEICULO,41070
265504940R,APARELHO ELETRICO (CAIXAS DE LUZES COMBI,41071
488101831R,COLONNE MECANIQUE G,41072
440606011R,PASTILHA DE FREIO DE VEICULO AUTOMOVEL,41072
963011407R,ESPELHO RETROVISOR PARA VEICULO,41073
265557849R,PARELHO ELETRICO (CAIXA DE LUZES COMBIN,41073
623121385R,TAMPA DA GRADE DE ENTRADA DE AR DO PARA,41074
117209956R,SORTIDO COMPOSTO POR POLIA REGULADORA DE,41075
410119220R,ENTRADA DE FREIO DE USO EM VEICULO,41075
391019117R,SEMI EIXO DA TRANSMISSAO DE VEICULO AUTO,41076
110100920R,Bloco H4M 734 735 736 Flex,41077
265501802R,APARELHO ELETRONICO DE SINALIZACAO VISUA,41077
403156063R,CALOTA PARA RODA DE VEICULO AUTOMOVEL,41078
985368727R,COBERTURA DO AIR BAG PARA CARROCERIA DE,41078
403008213R,RODA DE LIGA DE ALUMINIO ARO 16 PARA VE,41079
8201737033,PROTECAO DIANTEIRA DO PARACHOQUE,41079
402065054R,CONJUNTO DE DISCOS DE FREIO DIANTEIROS V,41080
963027201R,ESPELHO RETROVISOR PARA VEICULO AUTOMOVE,41081
8200702693,BOBINA DE IGNICAO,41083
214102118R,RADIADOR PARA SISTEMA DE ARREFECIMENTO D,42001
214C10001R,NUCLEO RESFRIADOR E TROCADOR DE CALOR,42002
432101680R,MOYEU ROULEMENT AR,42003
403002763R,ROUE 6 1/2XJ 17 5 50 TERGAN,42004
802639758R,MODULO DO VIDRO FIXO PARA CARROCERIA DE,42005
748761857R,INSONORISANT PASSAGE ROUE D,42006
768E10001R,MOLDURA DO PAINEL PARA CARROCARIA DE VEI,42006
803318340R,COULISSE VITRE AV G,42006
620781582R,REVESTIMENTO SUPERIOR DA PARTE DO ESCUDO,42007
8200785077,ACABAMENTO DA GRADE DO RADIADOR DA CARRO,42007
924906293R,TUBO DE ALUMINIO, COM CLAD, PARA APLICAC,42008
8200678132,JUNTA DE BORRACHA VULCANIZADA NAO ENDURE,42009
823300834R,JUNTA DE BORRACHA VULCANIZADA NÃO ENDURE,42010
8200567228,GRADE DE ENTRADA DE AR DO PARACHOQUES FR,42010
808200718R,GUIA PLASTICO DO VIDRO DA PORTA,42011
990429112R,HAUTPARLEUR PLANCHE BORD,42011
850721535R,ENJOLIVEUR CTL PEAU BOUCLIER AR,42011
7702271162,Calha de Chuva Oroch U79ph2,42012
391016631R,SEMI EIXO DE TRANSMISSAO PARA VEICULO AU,42012
823304840R,MOLDURA PLASTICA DA JANELA DA PORTA,42012
217106499R,RESERVATORIO DE ARREFECIMENTO DO MOTOR D,42013
260602639R,APARELHO ELETRICO (FAROL) DE ILUMINACAO,42014
7711733423,ENGATE 4X2 + CHICOTE ELÉTRICO BRASIL,42015
963011842R,RETROVISOR ELETRICO DIREITO,42016
214107165R,RADIATEUR REFROIDISSEMENT MOTEUR,42017
488102309R,COLUNA DE DIRECAO PARA VEICULO AUTOMOVEL,42018
963017145R,ESPELHO RETROVISOR PARA USO EM VEICULO A,42018
7711733848,ELARGISSEUR AILE AV D,42019
231002299R,ALTERNADOR PARA VEICULO AUTOMOVEL,42020
921201371R,VENTOINHA PARA RADIADOR DE VEICULO AUTOM,42021
803008419R,VIDRO TEMPERADO DE DIMENSOES E FORMATOS,42021
403005211R,RODA DE LIGA DE ALUMINIO ARO 16 PARA VE,42021
803312624R,VEDACAO PLASTICA SUPERIOR DO VIDRO DE US,42022
623820314R,MOLDURA DA GRADE DO RADIADOR,42023
803017119R,VIDRO MÓVEL C/ ACESSÓRIO FIXAÇÃO P/ AUTO,42023
622547542R,GRADE INFERIOR DE ENTRADA DE AR DO PARA,42024
391004855R,SEMI EIXO DE TRANSMISSAO PARA VEICULO AU,42025
823300176R,VEDACAO PLASTICA DE USO EM VEICULO AUTOM,42025
391015061R,SEMI EIXO DE TRANSMISSAO PARA VEICULO AU,42025
8200725503,SEMI EIXO DE TRANSMISSAO PARA VEICULO AU,42026
6001548976,PESTANA DE BORRACHA VULCANIZADA DO VIDRO,42026
8201758501,ALARME BOREAL MODULO,42027
850420026R,SUPORTE DO PARACHOQUE TRASEIRO DE VEICUL,42028
788A20002R,FRISO DE PLASTICO LATERAL DA CARROCERIA,42029
213053566R,PERMUTADOR DE AGUA E OLEO DO MOTOR DE VE,42030
231000387R,ALTERNADOR PARA VEICULO AUTOMOVEL,42031
7701208175,SERVO FREIO DE VEICULO AUTOMOVEL,42032
809018190R,CONJUNTO DE ACABAMENTO DO PAINEL INTERNO,42032
543022148R,AMORTECEDOR DO SISTEMA DE  SUSPENSAO DIA,42033
260107818R,PROJECTEUR D,43001
260609454R,APARELHO ELETRICO (FAROL DE NEBLINA) DE,43002
165008749R,EFLETOR DE CALOR PARA CARROCARIA,43003
8550510402,RADIADOR,43004
681720005R,MÓDULO CENTRAL DE COMUTAÇÃO PRODUZIDO DE,43005
149677316R,SUPORTE EM METAL COMUM DE FIXACAO DO EQU,43006
767488119R,PROTETOR DE PLASTICO DA CAIXA DE RODA DE,43007
808649704R,VEDACAO DO PAINEL DE REVESTIMENTO DA POR,43008
623820046R,MOLDURA DO CAPO PARA CARROCARIA DE VEICU,43008
144967953R,INTERCOOLER DOS SISTEMA DE REFRIGERACAO,43009
8201700287,PROTETOR SOBRE O MOTOR,43009
8200957937,CABO DE ACO  COBERTURA DE PLASTICO E ACE,43010
828206028R,MOLDURA DE PLASTICO, PESTANA DA PORTA DE,43011
288814104R,BRACO DO LIMPADOR DE PARABRISAS PARA VEI,43012
808204302R,MOLDURA PLASTICA DO VIDRO DA JANELA DE V,43012
6001546867,CABO DA EMBREAGEM DE VEICULO AUTOMOVEL,43013
904528241R,BRAÇO DE AÇO E MOLA A GAS DA TAMPA DO PO,43014
8201740196,GUIA DA VARETA DO MEDIDOR DO NIVEL,43015
904518867R,MOLA A GAS COMPOSTA,43016
7700303186,GUARNICAO EM METAL COMUM DO PORTA MALAS,43016
638A04145R,INSONORIZANTE, COM FORMATO PROPRIO, PARA,43017
803307225R,COULISSE VITRE AV D,43018
823302125R,TRILHO DO VIDRO TRAS DIR,43019
7711943749,CASTROL PRO 10W40 A3/B4 1L,43020
164004350R,FILTRO DE OLEO MINERAL DE MOTOR DE IGNIC,43020
140039568R,COLETOR DE ADMISSAO PARA MOTOR DE IGNICA,43020
432000367R,DISCODEFREIOPARAVEICULOAUTOMOVEL,43022
963039477R,RETROVISOR MANUAL DIREITO,43023
111110776R,CARTER DE ÓLEO DO MOTOR,43024
7701477014,KIT TENSORES + CORREIA DENTADA,43025
112533062R,SUPORTE CAIXA DE CAMBIO,43026
823015152R,VODRO MOVEL DA PORTA ESQ,43027
794206304R,TAMPAO DO PORTA MALAS PARA CARROCARIA,43027
883057357R,ASSENTO TRASEIRO DE VEICULO AUTOMOVEL,43027
822735828R,PESTANA DE BORRACHA VULCANIZADA NAO ENDU,43028
620729362R,SPOILER DO PARACHOQUE DE VEICULO AUTOMOV,43029
823316436R,MOLDURA BORRACHA, GUIA VIDRO VEIC,43030
544690003R,TRAVESSA DO BERCO DO MOTOR DE VEICULO AU,43031
808210179R,PESTANA DE BORRACHA VULCANIZADA NAO ENDU,43032
808208950R,MOLDURA PLASTICA DO VIDRO DA JANELA,43032
8200186167,FRISO PLASTICO DA PORTA PARA CARROCERIA,43034
803306869R,PESTANA EM PLASTICO DA PORTA,43035
8200760258,PESTANA DE BORRACHA VULCANIZADA NAO ENDU,43036
403008778R,RODA DE VEICULO AUTOMOVEL,43037
963026282R,RETROVISOR ELETRICO ESQUERDO,43038
8550510401,RADIADOR,43039
265553100R,APARELHO ELETRICO CAIXA DE LUZES COMBINA,43040
214105423R,RADIADOR PARA SISTEMA DE ARREFECIMENTO,43041
7700413867,ESPELHO RETROVISOR INTERNO, EM PLASTICO,,43042
829A13988R,REVESTIMENTO DO PAINEL DA PORTA DA CARRO,43042
391001740R,SEMIEIXO EM ACO COM COMPONENTES MONTADOS,43043
7700413867,ESPELHO RETROVISOR INTERNO, EM PLASTICO,,43043
215597164R,GUIA DE AR DO RADIADOR DE VEIC AUTO,43044
400153420R,MANGA DO EIXO PARA VEICULO AUTOMOVEL,43045
685110040R,TAMPA DO PORTA LUVAS DA CARROCARIA DE VE,43046
7701067122,APARELHO PARA MEDIDA DO NIVEL DE OLEO DE,43047
828200165R,MOLDURA DE BORRACHA PARA VEDAÇÃO DO VIDR,43048
803303108R,VEDACAO EM TERMOPLASTICO DA GUIA DO VIDR,43049
848102365R,FRISO DE ACABAMENTO DO PORTA MALAS PARA,43050
828200161R,MOLDURA DE BORRACHA VULCANIDA NAO ENDURE,43050
391002599R,SEMI EIXO DE TRANSMISSAO P/ VEIC AUTO,43051
828643155R,FOLHA DE IMPERMEABILIZACAO,43052
8200733135,TRILHO EM BORRACHA VULCANIZADA NAO ENDUR,43052
995458252R,CHAVE DE PORCA MANUAL COM ABERTURA FIXA,43053
828204943R,CANALETA FABRICADA EM PLASTICO POLIPROPI,43053
623824475R,MOLDURA DE ACABAMENTO DA GRADE DO RADIAD,43054
764M11953R,JUNTA DE BORRACHA VULCANIZADA NAO ENDURE,43055
964002294R,PARA SOL DIR,43055
638132298R,ACABAMENTO DA PASSAGEM DE RODA PARA CARR,43056
8200575641,SUPORTE DE FIXACAO DE BORRACHA VULCANIZA,43057
543021441R,AMORTECEDOR DO SISTEMA DE  SUSPENSAO DIA,43058
260102366R,APARELHO ELETRICO (FAROL) DE ILUMINACAO,43059
266008192R,APARELHO ELETRICO DE SINALIZACAO VISUAL,43060
8201740600,ALARGADOR DA RODA PARA CARROCERIA,43061
7701207588,GUARNICAO DE BORRACHA VULCANIZADA NÃO EN,43061
111112289R,CARTER DE OLEO PARA MOTORES DE IGNICAO P,43061
260105183R,APARELHO ELETRICO (FAROL) DE ILUMINACAO,43062
850704672R,ACABAMENTO DO PARACHOQUE TRASEIRO,43063
271207457R,CARCACA DO AQUECEDOR DO AR CONDICIONADO,43063
8201743899,BARRA DO REBOQUE PARA CARROCERIA DE USO,43064
873359228R,MOLA DE ACO DE USO EM ASSENTO DE VEICULO,43066
8200533908,BORNE ELETRICO PARA TENSAO NAO SUPERIOR,43066
149503940R,RESERVATORIO PARA VAPOR DE COMBUSTIVEL,43067
849P50471R,CLCN PRTC SEUIL FRMT COFFRE AXS APV,43067
8200731852,ALCA DE PLASTICO DO TETO DE VEICULO AUTO,43068
623832588R,MOLDURA DE ACABAMENTO DA GRADE DO RADIAD,43069
848100815R,ACABAMENTO DA TAMPA DO  PORTAMALAS PARA,43070
924545196R,TUBO ENTRADA COMPRESSOR DO AR CONDICIONA,43071
391017602R,SEMI EIXO DE TRANSMISSAO P/ VEIC AUTO,43072
7711733343,SOLEIRA DA PORTA DA CARROCARIA DE VEICUL,43073
391008992R,TRANSMISSAO DIANT DIR,43074
8201737940,ACABAMENTO DA SOLEIRA DA PORTA PARA CARR,43074
543A00952R,CONJUNTO BATENTE DO AMORTECEDOR,43075
260608656R,APARELHO ELETRICO (FAROL) DE ILUMINACAO,43076
7700818311,RODA P/ VEICULO AUTOMOVEL,43077
809019526R,ACABAMENTO DO PAINEL DA PORTA DA CARROCA,43078
809011752R,ACABAMENTO DO PAINEL INTERNO DA PORTA,43078
809001232R,ACABAMENTO DO PAINEL DA PORTA DA CARROCA,43079
749408303R,ASSOALHO PARA CARROCARIA DE VEICULO AUTO,43080
808647366R,FOLHA PLASTICA DE VEDACAO DA PORTA DE US,4377
260103389R,APARELHO ELETRICO DE ILUMINACAO  FAROL,44001
623825227R,MOLDURA DA GRADE DO RADIADOR DE VEICULO,44002
214814567R,VENTILADOR COM AREA DE CARCACA IGUAL A 3,44003
214103231R,RADIADOR DE VEICULO AUTOMOVEL,44004
265500056R,APARELHO ELETRICO (CAIXA DE LUZES COMBIN,44005
250600362R,BOMBA DE COMBUSTIVEL PARA DE MOTOR,44006
938J73835R,ACABAMENTO PARA CARROCARIA DE VEICULO AU,44006
808213222R,PESTANA DE BORRACHA VULCANIZADA NAO ENDU,44007
767195663R,ALARGADOR DA PASSAGEM DE RODA PARA CARRO,44007
849501524R,ACABAMENTO PARA CARROCARIA DE VEICULO AU,44008
265501240R,CAIXA DE LUZES COMBINADAS PARA SINALIZAC,44008
751748453R,ALLONGE LONGERON AV PARTIE AR,44009
8200781046,CABO DO FREIO DE ESTACIONAMENTO DE VEICU,44009
110616620R,CARCAÇA DA SAÍDA DE AGUA,44010
8200676299,INSTRUMENTO PARA MEDIDA DO NIVEL DE OLEO,44010
768603659R,JUNTA DUPLA EM BORRACHA VULCANIZADA NAO,44011
7700309806,ANTENA AM/FM,44012
130017403R,ARVORE DE CAMES PARA ADMISSAO EM MOTOR D,44013
828766135R,BAGUETE DE PORT TRAS DIR,44014
848102971R,ACABAMENTO DO PORTA MALAS PARA CARROCARI,44015
214760020R,SUPORTE DE PLASTICO DO DEFLETOR DE AR DO,44016
809018392R,PAINEL DE REVESTIMENTO INTERNO DA PORTA,44016
200106496R,TUBO DE ESCAPAMENTO COM CATALISADOR,44016
638547929R,PARALAMAS PARA CARROCERIA DE VEICULO,44016
8200150619,APARELHO ELETRICO (CAIXAS DE LUZES COMBI,44017
240113228R,JOGO DE FIOS ELETRICOS,44018
850729271R,ACABAMENTO DO PARACHOQUE DE VEICULO AUT,44018
508422332R,PROTETOR DO CARTER DO MOTOR PARA CARROCA,44019
873810044R,COBERTURA EM PLASTICO DA MANOPLA DE REGU,44019
883204081R,REVESTIMENTO DO ASSENTO DO BANCO,44019
620902821R,ABSORVEDOR DE IMPACTO DO PARACHOQUE DE V,44020
876207240R,ENCOSTO DO BANCO DIANTEIRO,44020
562108239R,AMORTECEDOR DE SUSPENSAO P/ VEIC AUTO,44021
130C10516R,SORTIDO COMPOSTO POR POLIA REGULADORA,44022
803313083R,VEDACAO EM PLASTICO (ETILENOPROPILENO),44023
403156380R,CALOTA PARA RODA DE VEICULO AUTOMOVEL,44024
921007719R,CONDENSADOR SISTEMA DE CONDICIONAMENTO D,44025
732661830R,SUPORTE PLATICO DA TRAVESSA DO TETO DE V,44026
260566650R,ATUADOR DA EMBREAGEM,44027
208A03671R,CATALISADOR DE GASES DE EXAUSTÃO,44027
808650013R,VEDAÇÃO INTERNA DO PAINEL DA PORTA DIANT,44028
402024076R,DISCO DE FREIO DE VEICULO AUTOMOVEL,44028
8200436709,COBERTURA INTERIOR DO PARALAMAS PARA CAR,44029
921007944R,CONDENSADOR X65X76,44030
265550023R,APARELHO ELETRICO DE SINALIZACAO VISUAL.,44030
403009786R,RODA DE LIGA DE ALUMNIO ARO 17 DO ESTEP,44030
260103917R,APARELHO ELÉTRICO DE ILUMINAÇÃO  FAROL,44031
7711733414,KIT ALARGADORES, ACESSORIO PLASTICO PARA,44031
243830001R,MOLDURA EM PLASTICO PPGF30 PARA PROTECA,44032
803139084R,VIDRO MOVEL DA PORTA DIANT ESQ,44033
808640011R,VEDAÇÃO INTERNA DO PAINEL DA PORTA DIANT,44033
886397906R,REVESTIMENTO PARA ASSENTO DE USO EM VEIC,44034
164461880R,TUBULACAO DO SISTEMA DE ALIMENTACAO DE C,44034
7711733847,ELARGISSEUR AILE AV G,44035
302056428R,KIT DE EMBREAGEM  PLATÔ E DISCO,44035
622545049R,GRADE INFERIOR DE ENTRADA DE AR DO PARAC,44036
620847716R,MOLDURA DE ACABAMENTO DO PARACHOQUE FAB,44037
752D45238R,TRAVESSA DE REFORCO PARA FIXACAO DO FARO,44038
873209581R,COBERTURA DE REVESTIMENTO DO ASSENTO DO,44039
8200690876,JUNTA EM BORRACHA VULCANIZADA NÃO ENDURE,44040
758902489R,CARENAGEM DO MOTOR DE VEICULO AUTOMOVEL,44041
808774430R,FRISO DE PORTA DE PLASTICO, PARA CARROCE,44042
769163857R,ELEMENTO DE FECHAMENTO DA CARROCERIA DE,44043
287105483R,MOTOR ELETRICO DE CORRENTE CONTINUA COM,44043
237141119R,SUPORTE DO MODULO DE CONTROLE ELETRONICO,44044
850160036R,PARA CHOQUE DE VEICULO AUTOMOVEL,44045
260607949R,APARELHO ELETRICO (FAROL) DE ILUMINACAO,44048
214101666R,RADIADOR PARA SISTEMA DE ARREFECIMENTO,44048
8200582025,RADIADOR SCENIC/LOGAN/SANDERO 1.6,44048
265500152R,APARELHO ELETRICO (CAIXA DE LUZES COMBIN,44049
260105828R,APARELHO ELETRONICO DE ILUMINACAO E SINA,44050
402064230R,JOGO DE DISCO DE FREIO PARA VEICULO,44051
110109858R,Bloco B4D Flex HS,44052
921007845R,CONDENSADOR DE AR EM ALUMINIO PARA SISTE,44052
403150537R,CALOTA PARA RODA DE VEICULO AUTOMOVEL,44053
265501482R,APARELHO ELETRICO CAIXA DE LUZES COMBINA,44054
803017582R,VIDRO DE SEGURANCA TEMPERADO DE DIMENSAO,44055
802624425R,VIDRO DE SEGURANCA FIXO, TEMPERADO, COLO,44055
562107256R,AMORTECEDOR DE SUSPENSAO P/ VEIC AUTO,44056
622542499R,GRADE DE ENTRADA DE AR DO PARACHOQUE DE,44057
752D54409R,TRAVEVESSA PARA CARROCERIA DE VEICULO,44058
752D58411R,TRAVESSA DE REFORCO PARA FIXACAO DO FARO,44058
8200688875,BANDEJA SUSPENSAO ACO UTILIZADA EM VEICU,44059
731D66223R,FORRO DA CRUZETA PARA CARROCARIA DE VEIC,44059
908305651R,VEDACAO EM BORRACHA VULCANIZADA NÃO ENDU,44060
62010W600R,TRAVESSA EXTREMA,44061
200105701R,TUBO DE ESCAPAMENTO PARA VEICULO,44061
808215641R,PESTANA EM PLASTICO DA PORTA,44062
391002649R,SEMI EIXO DA TRANSMISSAO DE VEICULO AUTO,44062
758902650R,TELA PROTETOR MOTOR,44062
625300079R,TRAVESSA PARA CARROCERIA DE VEICULO AUTO,44063
391007113R,SEMI EIXO DE TRANSMISSAO PARA VEICULO AU,44063
668112378R,GRELHA E OBTURADOR LATERAL PARA A CAIXA,44063
823301919R,PESTANA DE BORRACHA DA PORTA,44064
788A33613R,ALARGADOR DO PARALAMAS DA CARROCARIA DE,44065
924807059R,TUBO AR CONDICIONADO PARA USO EM VEICULO,44065
241102156R,JOGO DE FIOS ELETRICOS (CHICOTE ELETRICO,44066
144605593R,DUTODEENTRADADEARDOMOTOR,44067
117206588R,CORREIAS DE TRANSMISSAO SEM FIM,44068
631019606R,PARA LAMA PARA CARROCARIA DE VEICULO,44069
265500023R,APARELHO ELETRICO, LUZES FIXAS, DE SINAL,44070
272705756R,APARELHO DE AR CONDICIONADO PARA VEICULO,44071
260100108R,APARELHO ELETRICO DE SINALIZACAO VISUAL(,44072
260605549R,APARELHO ELETRICO DE ILUMINACAO  FAROL,44072
850746371R,PROTECAO LATERAL DO PARACHOQUE PARA VEIC,44073
266007846R,APARELHO ELETRICO DE SINALIZACAO VISUAL,44073
403002278R,RODA DE AÇO ARO 14' PARA VEICULO,44074
260603504R,APARELHO ELETRICO (FAROL) DE ILUMINACAO,44074
562105752R,AMORTECEDOR TRASEIRO DE VEIC AUTO,44075
873012211R,ESTRUTURA DE METAL DO ASSENTO DO BANCO,,44075
269209807R,SUPORTE DO FAROL MOLDADO NO PARACHOQUES,44077
122012850R,VIRABREQUIM DE PESO INFERIOR A 900 KG PA,44078
8200463414,EIXO DA CAIXA DE MARCHAS,44078
8660089537,DISCO DE FREIO DE VEICULO,44079
110604362R,BOITIER SORTIE EAU,44080
909008523R,COBERTURA DA TAMPA DO PORTA MALAS PARA C,44080
8200896012,CALOTA PARA RODA DE VEICULO AUTOMOVEL,44081
403152550R,CALOTA DA RODA DE VEIC AUTO,44083
260104507R,APARELHO ELETRICO (FAROL ) DE ILUMINACAO,44084
265551016R,APARELHO ELETRICO (CAIXA DE LUZES COMBIN,44085
260103377R,APARELHO ELETRICO (FAROL) DE ILUMINACAO,44086
762305761R,PAINEL DA COLUNA DA CARROCARIA DE VEICUL,44087
963021689R,ESPELHO RETROVISOR DE USO EM VEICULO AUT,44088
403005174R,RODA EM LIGA DE ALUMINIO, PARA VEIC AUTO,44089
266050216R,APARELHO ELETRICO DE SINALIZACAO VISUAL,44090
8200439460,VIDRO DA PORTA EQUIPADO COM MOLDURA PARA,44091
172022047R,MODULO DA BOMBA DE GASOLINA DE USO EM VE,44091
543880453R,ELEMENTO MONTAGEM PROPRIO PARA SISTEMA D,44092
403000384R,RODA EM LIGA DE ALUMINIO, PARA VEIC AUTO,44093
545035275R,BRACO INFERIOR DIANTEIRO DE USO EM,44093
260608575R,APARELHO ELETRONICO DE SINALIZACAO VISUA,44093
963023575R,ESPELHO RETROVISOR DE USO EM VEICULO,44094
403157144R,CALOTA EM PLASTICO DA RODA PARA VEICULO,44095
260108470R,APARELHO ELETRONICO DE SINALIZACAO VISUA,44096
244106439R,BATERIA,44097
302058177R,KIT DE EMBREAGEM,44098
638127407R,ELARGISSEUR PASSAGE ROUE AV D,44099
260608389R,APARELHO ELETRICO (FAROL) DE ILUMINACAO,44100
260609744R,CAIXA DE LUZES COMBINADAS,44100
260601153R,APARELHO ELETRICO FAROL DE VEIC AUTO,44101
224330437R,BOBINA DE IGNICAO DO TIPO CRAYON PARA MO,44102
302053201R,CONJUNTO EMBREAGEM P/VEÍCULO,44104
288005561R,MECANISMO DO PARA BRISA COM MOTOR ELETRI,44105
260600469R,APARELHO ELETRICO (FAROL) DE ILUMINACAO,44106
271154615R,TROCADOR DE CALOR TUBULAR, METALICO, PAR,44106
823005088R,VIDRO DA PORTA LATERAL TRAS COM MOLDURA,44106
215018961R,TUBO DE BORRACHA VULC NAO ENDURECIDA,44107
886517494R,ESTRUTURA DE METAL DO ENCOSTO DO BANCO,44108
402066858R,DISCO DO FREIO DE VEICULO AUTOMOVEL,44109
240708736R,JOGO DE FIOS ELETRICOS COM CONECTORES, I,44110
848100075R,MOLDURA DA TAMPA TRASEIRA PARA CARROCERI,44110
306106218R,TRANSMISSOR EMBALAGEM HIDRAULICA,44111
130C16917R,CONJUNTO COM DUAS POLIAS SENDO UMA REGUL,44112
788A31513R,ACABAMENTO DA PASSAGEM DE RODA,44113
8201668397,APOIO DE BRAÇO PARA CARROCERIA DE VEICUL,44114
260602305R,APARELHO ELÉTRICO DE ILUMINAÇÃO  FAROL,44115
543026348R,AMORTECEDOR DA SUSPENSAO,44116
823008394R,VIDRO MOVEL DA PORTA DIR,44117
260606079R,APARELHO ELETRICO (FAROL) DE ILUMINACAO,44117
8201290863,CILINDRO DA EMBREAGEM DE VEIC AUTO,44118
265507403R,APARELHO ELETRICO CAIXA DE LUZES COMBINA,44119
260608086R,FAROL ESQ,44120
214812546R,VENTILADOR PARA SISTEMA DE ARREFECIMENTO,44120
809007337R,ACABAMENTO DA MOLDURA DO PAINEL DA PORTA,44121
762317931R,PAINEL DA COLUNA PARA CARROCARIA DE VEIC,44121
799669141R,CAPA DE BAGAGEM PARA CARROCERIA DE USO E,44122
809015097R,GARNITURE PANNEAU PORTE AV G ASS,44123
265559212R,APARELHO ELETRICO (CAIXAS DE LUZES COMBI,44124
963039971R,RETROVISOR ELETRICO DIREITO,44124
302051060R,CONJUNTO DA EMBREAGEM COMPOSTO POR PLATO,44125
543026655R,AMORTECEDOR DO SISTEMA DE  SUSPENSAO DE,44126
631003008R,AILE AV D ASS,44127
271202163R,CAIXA COMANDO AR CONDICIONADO,44128
403155787R,CALOTA PARA RODA DE VEICULO AUTOMOVEL,44128
260108765R,APARELHO ELETRICO (FAROL) DE ILUMINACAO,44129
260104064R,FAROL DIR,44130
265553665R,APARELHO ELETRICO CAIXA DE LUZES COMBINA,44131
260105729R,APARELHO ELETRICO (FAROL) DE ILUMINACAO,44132
808630887R,FILM ETANCHEITE G,44133
7701714283,TAMPA DE FECHAMENTO DO MOTOR DE IGNICAO,44134
165780388R,TUBO DE BORRACHA VULCANIZADA NAO ENDUREC,44134
214100078R,SUPORTE COM GANCHO PARA APOIO DO RADIADO,44134
808217927R,FRISO LATERAL DA PORTA DIANT E,44135
302054753R,CONJUNTO DISCO E PLATO DA EMBREAGEM PARA,44136
111119774R,CARTER DE OLEO,44137
260101331R,APARELHO ELETRICO DE SINALIZACAO VISUAL,,44137
682526755R,TAMPA PORTA LUVAS,44137
808640012R,VEDAÇÃO INTERNA DO PAINEL DA PORTA DIANT,44138
808642640R,VEDACAO DO PAINEL DE REVESTIMENTO DA POR,44138
545024905R,BRACO INFERIOR DIANTEIRO DO SISTEMA DE S,44139
430194182R,ARTICULACAO DA SUSPENSAO DE VEICULO AUTO,44140
7700314107,DISCODEFREIOTRASEIROPARAVEÍCUL,44142
620909957R,ABSORVEDOR DE IMPACTO DO PARACHOQUE DE V,44143
112108180R,CONJUNTO SUPORTE E COXIM DE SUSPENSAO MO,44144
8550507720,CONJUNTO DISCO PLATO DA EMBREAGEM,44145
265554694R,APARELHO ELETRICO CAIXA DE LUZES COMBINA,44145A
963021976R,ESPELHO RETROVISOR PARA VEICULO AUTOMOVE,44146
130C19924R,KIT DA CORRENTE DE DISTRIBUICAO DE VEICU,44146B
8201736280,MOLDURA DE ACABAMENTO DE LANTERNA,44147
8200123061,VALVULA TIPO BORBOLETA DE ALUMINIO PARA,44148
985257447R,BOLSA INFLAVEL DE SEGURANCA COM SISTEM,44149
868850254R,CINTO DE SEGURANCA MONTADO COM DISPOSITI,44150
828216149R,828217 4R FRISO PLASTICO DA CARROCARIA,44151
8200704611,SENSOR DE NIVEL DE COMBUSTIVEL PARA MOTO,44151
265552939R,APARELHO ELETRICO (CAIXAS DE LUZES COMBI,44152
302059954R,KIT DE EMBREAGEM  PLATÔ E DISCO,44153
403005260R,RODA PARA VEICULO AUTOMOVEL,44154
625044151R,MONTAGEM DO MODULO DIANTEIRO DA CARROCAR,44154A
135021465R,CARTER DE DISTRIBUICAO DE MOTOR DE IGNIC,44155
803006108R,VITRE PORTE AV D TEINTEE,44156
623107340R,GRADE DE ENTRADA DE AR DO RADIADOR PARA,44157
808637677R,FILM ETANCHEITE G,44158
8200461772,CALOTA RODA ARO 14" LOGAN/KANGOO,44158
850175570R,EAU BOUCLIER AR G,44159
302059861R,KIT DE EMBREAGEM  PLATÔ E DISCO,44160
260103933R,APARELHO ELETRICO (FAROL) DE ILUMINACAO,44161
266006538R,APARELHO ELETRICO, LUZES FIXAS, DE SINAL,44162
924908648R,TUBULACAO COM FORMATO PROPRIO DO SISTEMA,44163
6001550379,TRILHO DE FIXACAO PARA BANCO DIANTEIRO,44164
260604469R,APARELHO ELETRICO (FAROL) DE ILUMINACAO,44164
260605370R,APARELHO ELETRICO (FAROL) DE ILUMINACAO,44165
7701477380,KIT TENSIONADOR DA CORRENTE DE COMANDO D,44166
8200613893,AMORTECEDOR DO SISTEMA DE  SUSPENSAO DE,44167
803300181R,PESTANA DE BORRACHA VULCANIZADA NAO ENDU,44168
8200735434,PROTETOR PARA CAIXA DE RODAS DA CARROCAR,44169
767498778R,PROTETOR DA RODA,44170
403003302R,RODA DE ALUMINIO PARA VEICULO AUTOMOVEL,44171
265557086R,APARELHO ELETRONICO DE SINALIZACAO VISUA,44171
7711733426,ACESSORIO PLASTICO DA PORTA DA CARROCARI,44172
963014765R,ESPELHO RETROVISOR EXTERNO DE USO EM VEI,44172
497202643R,TUBULACAO COM FORMATO PROPRIO, FLEXIVEL,44173
244104242R,BATERIA L5 12V 95 AH 850 A,44174
140037634R,COLETOR DE ADMISSÃO,44175
260108490R,APARELHO ELETRICO (FAROL) DE ILUMINACAO,44176
8200343476,RADIADOR CA,44177
963016903R,RETROVISOR EXTERNO PARA CARROCERIA DE VE,44178
260604573R,PROJECTEUR G,44179
261A30158R,MOLDURA PARA ACABAMENTO DO FAROL DE NEBL,44180
140558072R,TUBO D DE BORRACHA VULCANIZADA NAO ENDUR,44180
622561821R,GRADE DE ENTRADA DE AR DO PARACHOQUE DE,44181
8200195798,MANGUEIRA BORRAC. REF. TEXTIL COM CONEXA,44182
620240926R,ELEMENTO DE FECHAMENTO DO PARACHOQUE,44183
8200199015,TUBO DE ALIMENTAÇÃO,44184
6001998298,CALHA LATERAL DIANTEIRA DA CARROCARIA DE,44185
205409173R,PROTETOR TERMICO DO SILENCIOSO DO ESCAPA,44185
7717084884,FRISO DE PORTA DO VEÍCULO NA COR PRETO,44186
769362610R,ELEMENTO DE FECHAMENTO DA COLUNA DA CARR,44186
601989607R,TAMPA DA GRADE DE ENTRADA DE AR DO PARA,44187
768F26604R,FRISO PAINEL LAT,44188
808215042R,FRISO EM BORRACHA, DE PROTECAO DA PORTA,44189
679002045R,ISOLADOR ANTIRUIDO DO PAINEL FRONTAL DA,44190
933K67675R,SUPORTE DO ACABAMENTO TAMPA DA CACAMBA P,44190
622220012R,SUPORTE DO PARACHOQUE,44191
823310159R,MOLDURA PLASTICA DA JANELA DA PORTA,44192
402063684R,DISQUE FREIN AV,44192
7711733592,BANDEJA DO PORTA MALAS DE USO EM VEICULO,44194
214814297R,ELETROVENTILADORES AXIAIS SELADOS, COM P,44195
623854309R,ACABAMENTO EM PLASTICO DA GRADE,44195
8200655255,TUBO DE BORRACHA VULCANIZADA NAO ENDUREC,44196
809009497R,PAINEL DE REVESTIMENTO DA PORTA PARA CAR,44197
233009301R,MOTOR DE ARRANQUE DE USO EM VEICULO,44199
963316989R,RETROVISOR ELETRICO ESQUERDO,44200
210102662R,BOMBA DE AGUA PARA MOTOR DE IGNICAO POR,44201
265508059R,APARELHO ELETRICO (CAIXA DE LUZES COMBIN,44201
8200163518,REBITE TUBULAR EM ALUMINIO, UTILIZADO NA,44202
403009867R,RODA EM LIGA DE ALUMINIO, PARA VEIC AUTO,44203
641113135R,REFORCO DO PAINEL DA COLUNA PARA CARROCA,44204
623827948R,MOLDURA DO CAPO PARA CARROCARIA DE VEICU,44204
214763568R,DEFLETOR DE AR PARA RADIADOR DE USO EM V,44205
620258441R,ELEMENTO DE FECHAMENTO DO PARACHOQUE,44206
8200694128,CABO DO FREIO PARA VEICULOS AUTOMOVEIS D,44207
791025782R,PAINEL DA SAIA PARA CARROCERIA DE VEICUL,44208
7700315462,RESERVATORIO DE AGUA DO LIMPADOR DO PARA,44209
687501068R,DIFUSOR DE AR PARA PAINEL DE INSTRUMENTO,44209
265550915R,APARELHO ELETRONICO DE SINALIZACAO VISUA,44209
963741854R,COBERTURA PLASTICA DO ESPELHO RETROVISOR,44210
403150233R,CALOTA DA RODA DE VEICULO AUTOMOVEL,44210
4647,DISPLAY DE FRISOS LATERAIS RENAULT,44211
909007391R,REVESTIMENTO DO PORTA MALAS PARA CARROCA,44211
8200704626,BOMBA DE COMBUSTIVEL ACOMPANHADA DE ME,44212
266050600R,APARELHO ELETRICO DE SINALIZACAO VISUAL,44213
808204020R,FRISO PLASTICO DA PORTA PARA CARROCERIA,44214
926004423R,COMPRESSOR DE AR CONDICIONADO, COM ACION,44214
497256252R,TUBO DE ALIMENTACAO DA DIRECAO DE VEICUL,44215
215597280R,GUIA DE AR PARA USO EM VEICULO AUTOMOVEL,44216
266005356R,APARELHO ELETRICO (FAROL) DE ILUMINACAO,44217
762309876R,PAINEL DA COLUNA PARA CARROCERIA,44219
620728144R,REVESTIMENTO PARACHOQUE DIANT,44220
403154962R,CALOTA PARA RODA DE VEICULO AUTOMOVEL,44221
873306054R,COBERTURA DE ACABAMENTO DO BANCO,44222
762318308R,DOUBLURE PIED AV G ASS,44223
403151796R,CALOTA PLASTICA DA RODA DE VEICULO AUTOM,44223
260607867R,APARELHO ELETRICO FAROL DE VEIC AUTO,44224
963315500R,RETROVISOR MANUAL ESQUERDO,44225
150000205R,BOMDA DE ÓLEO,44226
491101612R,BOMBA ELETRO HIDRAULICA VOLUMETRICA ROTA,44226
175207319R,RAMPA DE INJECAO DE COMBUSTIVEL DE MOTOR,44227
110416341R,CABEÇOTE DO MOTOR DE IGNIÇÃO,44227
166091245R,BICO INJETOR DE COMBUSTIVEL COM DIAMETRO,44229
170428098R,BOMBA DE COMBUSTIVEL PARA MOTOR,44231
166090273R,BICO INJETOR DE COMBUSTIVEL DIESEL, CONF,44231
265504889R,APARELHO ELETRICO (CAIXA DE LUZES COMBIN,44231
7717301394,MODELO REDUZIDO DE VEICULO AUTOMOVEL (MI,44232
400156258R,MANGA DO EIXO DA RODA DE VEICULO AUTOMOV,44233
166093282R,BICO INJETOR DE GASOLINA PARA MOTOR DE I,44234
175206753R,BARRA DE COMBUSTÍVEL INJETOR ESS EQP,44236
491103543R,BOMBA ELETROHIDRAULICA PARA SERVOACIONA,44237
167008683R,BOMBA INJETORA DE COMBUSTIVEL PARA MOTOR,44238
562104323R,AMORTECEDOR TRASEIRO,44240
224336695R,BOBINA DE IGNIÇÃO PARA MOTOR,44241
8201024003,CONJUNTO BOMBA DE ALTA PRESSAO PARA MO,44243
265550100R,APARELHO ELET CAIXA DE LUZES COMBINADAS,45001
265555671R,APARELHO ELETRONICO DE ILUMINACAO VISUAL,45002
260605634R,APARELHO ELETRONICO DE SINALIZACAO VISUA,45003
658404015R,ISOLADOR ANTI RUIDO DO CAPO PARA CARROCA,45004
265509604R,APARELHO ELETRICO DE SINALIZACAO VISUAL,45005
850906155R,ABSORBEUR BOUCLIER AR,45006
763123302R,LONGARINA DO TETO PARA CARROCERIA,45006
921209063R,MOTOVENTILADOR PARA SISTEMA DE ARREFECIM,45007
638132363R,ALARGADOR DA PASSAGEM DE RODA PARA CARRO,45008
214819402R,UNIDADE DO MOTOVENTILADOR DE VEICULO AUT,45009
7701068840,ESPELHO RETROVISOR DE USO NA CARROCARIA,45010
302056600R,CONJUNTO DISCO E PLATO DA EMBREAGEM,45011
402068053R,DISCO DE FREIO PARA VEICULO AUTOMOVEL,45012
543027255R,AMORTECEDOR DIANT,45013
265507684R,APARELHO DE SINALIZACAO CAIXA DE LUZ,45014
349012637R,ALAVANCA DE MUDANCA DE MARCHAS PARA VEIC,45015
144615819R,TROCADOR DE CALOR TUBULAR METALICO,45016
215032577R,TUBO DE SAIDA DO RADIADOR,45017
7700313957,BARRA ESTABILIZADORA DA SUSPENSAO DE VEI,45018
546111818R,BARRA ANTIRROLIDO DELANTERA X67,45019
215584812R,GUIA DE AR TRASEIRO DE USO EM VEICULO AU,45020
850706963R,MOLDURA DE ACABAMENTO DO PARACHOQUE,45021
738202081R,BARRA DO TETO PARA CARROCARIA DE VEICULO,45022
828203270R,PROTECTION PORTE AR D,45023
658405024R,ELEMENTO DE FECHAMENTO DO PARACHOQUE DE,45024
265553478R,FEU AR G AILE,45025
265553462R,FARO TRASERO IZQ X65 NC BASE ROJA,45025
909001323R,ELEMENTO DE FECHAMENTO DO PORTA MALAS DA,45025
827211031R,MECANISMO COMPLETO PARA SISTEMA DE ACION,45026
850704027R,ACABAMENTO DO PARACHOQUE PARA USO EM VEI,45027
638320093R,PROTETOR DA CAIXA DE RODAS PARA CARROCAR,45028
8200493527,ARVORE PRIMARIA,45029
8201737024,ALARGADOR DIANTEIRO DO PARALAMAS,45030
850173064R,PELE SUPERIOR DO PARACHOQUE DE USO EM VE,45030
349016019R,ALAVANCA DA CAIXA DE MARCHAS DE VEICULO,45031
623823595R,ACABAMENTO DA GRADE DO RADIADOR,45031
488105653R,COLUNA DA DIRECAO PARA USO EM VEICULO AU,45031
472109185R,CILINDRO MESTRE DO FREIO PARA VEICULOS A,45032
963010714R,ESPELHO RETROVISOR EXTERNO, LADO DIREITO,45033
240188139S,JOGO DE FIOS ELETRICOS COM CONECTORES, I,45034
391000804R,SEMI EIXO DA TRANSMISSAO DE VEIC AUTO,45035
260603883R,APARELHO ELETRICO (FAROL) DE ILUMINACAO,45036
265506749R,APARELHO ELET CAIXA DE LUZES COMBINADAS,45037
963014187R,ESPELHO RETROVISOR DE USO EM VEICULO AUT,45038
472106141R,SERVOFREIO AUTOMOTIVO TIPO BOOSTER DE FR,45039
808211031R,PROTECTION PORTE AV G SANS ECLAIRAGE,45040
623102516R,GRADE DO RADIADOR PARA CARROCERIA DE VEI,45040
123003319R,VOLANTE DO MOTOR DE VEICULO AUTOMOVEL,45041
MR064919,PNEU ONYX 205 75R R16,50REQ
7703065290,JUNTA,50REQ
620220707R,PARACHOQUE DIANTEIRO XJD,50001
850227026R,PARACHOQUE TRAS SANDERO S/SENSOR RE,50003
620223828R,PELE DO PARACHOQUE DIANT,50004
850228726R,PARACHOQUE PARA VEICULO AUTOMOVEL,50004
620222180R,COBERTURA DO PARACHOQUEDE VEICULO AUTOMO,50005
850220171R,COBERT PÁRACHOQUE P/ VEÍC AUTO,50009
850228337R,PARA CHOQUE DE VEICULO AUTOMOVEL,50010
850228583R,PARACHOQUE TRASEIRO DE VEICULO AUTOMOVEL,50011
620228912R,COBERT PÁRACHOQUE P/ VEÍC AUTO,50012
620226978R,PARACHOQUE (INCOMPLETO) DE VEICULO AUTO,50014
850227327R,PARACHOQUE DE VEICULO AUTOMOVEL,50016
850224793R,PARACHOQUE DE VEICULO AUTOMOVEL,50017
620223272R,COBERTURA DO PARACHOQUE DIANTEIRO,50017
8200740846,PARACHOQUE TRAS SANDERO STEPWAY 2010,50018
850228195R,PARACHOQUE TRASEIRO PARA VEICULO AUTOMO,50019
850224288R,COBERTURA DO PARACHOQUE DE VEICULO AUTOM,50020
850229579R,COBERTURA DO PARACHOQUE DE USO EM VEICUL,50022
620221477R,PROTECAO DE PELE DO PARACHOQUE FABRICAD,50024
620222655R,PARACHOQUES FRONTAL DE VEICULO AUTOMOVEL,50025
850229613R,PARACHOQUE TRASEIRO PARA VEICULO AUTOMOV,50027
850227419R,PARACHOQUE TRASEIRO DE VEICULO AUTOMOVEL,50029
620226524R,PARACHOQUE (INCOMPLETO) DE VEICULO AUTO,50030
620224834R,TAMPAO OBTURADOR PARACHOQUE DIANTEIRO,50030
620221164R,PARACHOQUE (INCOMPLETO) DE VEICULO AUTO,50031
850228687R,PELE DO PARACHOQUE TRASEIRO,50032
620223703R,COBERTURA DO PARACHOQUE DE VEICULO AUTOM,50033
7701209539,PARACHOQUES DE VEICULO AUTO MOVEL,50034
768503371R,EXTENSAO DA CARROCARIA DE VEICULO AUTOMO,50036
850236717R,PELE DO PARACHOQUE TRASEIRO,50037
620229089R,PARACHOQUE DIANTEIRO DUSTER,50038
850229191R,COBERTURA DO PARACHOQUE DE VEICULO AUTOM,50039
6001550082,PARACHOQUE TRAS SANDERO 2007/2013,50040
7701477299,PARACHOQUE PARA VEICULO AUTOMOVEL,50041
850233798R,PELE DE PROTECAO DO PARACHOQUE DE USO EM,50041
658409912R,ABSORVEDOR ACUSTICO DO CAPO,50042
620221901R,PELE DO PARACHOQUE DIANTEIRO DE USO EM,50042
622541174R,GRADE DE ENTRADA DE AR DE USO EM VEICULO,50045
850229116R,PELE PARACHOQUE,50046
620229756R,PELE DO PARACHOQUE DIANTEIRO DE USO EM,50046
620226322R,PELE DO PARACHOQUE DIANTEIRO DE USO EM,50047
620224828R,PARAGOLPE DELANTERO X67,50048
6001550784,PARACHOQUE DIANT SANDERO 2008/2011,50050
620225148R,COBERTURA DO PARACHOQUE DIANTEIRO DE VEI,50052
620222332R,PELE DO PARACHOQUE DIANTEIRO,50052
555116871R,CONJUNTO DO EIXO DE TRANSMISSAO TRASEIR,50053
555016666R,EIXO NAO MOTOR DE VEICULO AUTOMOVEL,50053
8201742732,CAPA MARITIMA DE PROTECAO PARA CARROCERI,50053
555110529R,EIXO TRASEIRO NAO MOTOR PARA VEICULO AUT,50055
850180105R,PARACHOQUE (INCOMPLETO) DE VEICULO AUTO,50057
620222083R,PARACHOQUE (INCOMPLETO) DE VEICULO AUTO,50059
620223436R,PARACHOQUE DIANTEIRO PARA VEICULO AUTOMO,50059
850224504R,PARACHOQUE TRASEIRO DUSTER II 2.0 16V,50060
850103432V,PARACHOQUE TRASEIRO DE USO EM VEICULO,50061
622544268R,GRADE DE ENTRADA DE AR DO PARACHOQUE DE,50063
620220191R,COBERTURA DO PARACHOQUE DE VEICULO AUTOM,50064
850229539R,PARACHOQUE FABRICADO EM PLASTICO DE VEI,50065
850227892R,PARACHOQUE TRAS DUSTER 2010 C/SENSOR,50066
850226620R,PARACHOQUE TRAS SANDERO C/SENSOR RE,50068
850237011R,PARACHOQUE TRASEIRO LOGAN II/SIMBOL II,50068
850221016R,PARACHOQUE TRAS DUSTER 2016/2019,50069
620227353R,PARACHOQUE DIANT,50072
490016975R,ASSISTENCIA DE DIRECAO HIDRAULICA DE USO,50073
490014281R,CAIXA DO SISTEMA DA DIRECAO DE VEICULO A,50073
490011721R,CAIXA DE DIRECAO HIDRAULICA, PARA SISTEM,50074
739100432R,PAINEL DE REVESTIMENTO DO TETO PARA CARR,50075
758904159R,PROTETOR DE CARTER PARA VEICULO AUTOMOVE,50075
901009783R,TAMPA DO PORTA MALAS PARA CARROCARIA,50076
901000107R,TAPA BAUL L38,50076
901004977R,TAMPA DO PORTAMALAS DA CARROCERIA,50077
689219834R,MOLDURA DO PAINEL DE INSTRUMENTOS PARA C,50077
768507704R,ACABAMENTO DA SOLEIRA LD DA CARROCARIA D,50078
490019236R,DIRECAO HIDRAULICA,50078
490014807R,CAIXA DIR HID COMPL P/ VEÍC AUTO,50079
768510363R,ACABAMENTO DA SOLEIRA LE DA CARROCARIA D,50079
490018112R,CAIXA DE DIRECAO COMPLETA PARA VEICULO A,50079
490013367R,DIRECTION ASSISTANCE HYDRAULIQUE G,50080
727122897R,VIDRO DE PARABRISA,50081
727124285R,VIDRO DE PARABRISA,50082
801014583R,PORTA PARA CARROCARIA DE VEICULO,50083
727127771R,VITRE PAREBRISE,50085
727122914R,VIDRO TEMPERADO DE SEGURANCA POR FOLHA C,50086
903122120R,VITRE PORTE COFFRE D,50087
727126745R,VIDRO DE SEGURANCA CURVO,50088
833402923R,VIDRO FIXO PAINEL LAT TRAS L1 L3,50089
727126315R,VIDRO DE PARABRISA,50089
727127629R,VIDRO DE PARABRISA,50089
801014652R,PORTA PARA CARROCARIA DE VEIC AUTOM DE,50090
903004215R,VIDRO DE SEGURANCA COM AQUECIMENTO,50091
7711734117,235/45R18 94W FR CONTISPORTCONTACT 5 CON,50091
797000404R,VIDRO TEMPEADO FIXO DE SEGURANCA DO PORT,50092
833074742R,VIDRO DE SEGURANCA CURVO TEMPERADO,50093
849507488R,REVESTIMENTO LATERAL INTERNO DO PORTA-MA,50094
903004263R,VIDRO TRASEIRO PARA CARROCARIA DE VEICUL,50096
727124253R,VIDRO DE SEGURANCA CURVO FORMADO POR FOL,50097
727126469R,VIDRO DE SEGURANCA LAMINADO POR FOLHAS C,50098
727129669R,VIDRO DE PARABRISA,50099
727125873R,VIDRO DO PARABRISA,50099
727125340R,VIDRO DE SEGURANCA, CURVO, LAMINADO COM,50100
727127804R,VIDRO DE PARABRISA,50100
260101473R,APARELHO ELETRICO (FAROL) DE ILUMINACAO,50101
172033916R,TANQUE DE COMBUSTIVEL DE VEICULO AUTOMOV,50102
620265237R,GRADE DO PARACHOQUE DE VEICULO,50103
172033013R,TUBO DE COMBUSTIVEL DE USO EM VEICULO AU,50103
620265237R,GRADE DO PARACHOQUE DE VEICULO,501030
801016854R,PORTA PARA CARROCARIA DE VEICULO,50104
801016177R,PORTA DIANTEIRA DE VEICULO AUTOMOVEL,50105
801005595R,PORTA PARA CARROCARIA DE VEICULO,50107
821014945R,PORTA PARA CARROCARIA DE VEICULO,50107
821018282R,PORTATRASEIRAESQUERDA4X4,50108
651008393R,CONJUNTO DO CAPO PARA CARROCERIA,50108
620265237R,GRADE DO PARACHOQUE DE VEICULO,50109
631019761R,PARA LAMA PARA CARROCARIA DE VEICULO,50110
6001551087,TAMPA DO PORTA MALAS DA CARROCARIA DE VE,50111
801001400R,PORTA PARA CARROCARIA DE VEIC AUTOM DD,50112
801010094R,PORTE AV G CATAPHORESE ASS,50115
631017411R,PARA LAMA PARA CARROCARIA DE VEICULO AUT,50116
801009698R,PORTA PARA CARROCARIA DE VEICULO,50116
132652878R,TAMPA DO CABEÇOTE,50117
555119263R,EIXO NAO MOTOR DE VEICULO AUTOMOVEL,5054
7717096470,PNEU 225/75R16C 118/116R EUROVAN 2 10PR,51PNE
7702267140,PNEU 185/70R14 88T CONTIPOWERCONTACT,51PNE
7702267145,91V POWERCONTACT 2,51PNE
765017384R,PIED MILIEU G ASS,51001
776305911R,ESTRUTURA DA COLUNA PARA CARROCERIA DE V,51002
756108257R,MOLDURA DE ACABAMENTO DA CARROCARIA DE V,51003
774A83499R,RAIDISSEUR INF PANNEAU LAT AR,51003
764511760R,TRAVESSA  DE USO MULTIFUNCIONAL DA CARRO,51004
765319050R,COLUNA CENTRAL DA CARROCARIA DE VEICULO,51005
768518113R,ACABAMENTO PLASTICO DA SOLEIRA PARA CARR,51006
200101003R,TUBO DE ESCAPAMENTO PARA VEICULO AUTOMOV,51007
745108504R,SOLEIRA PARA CARROCARIA DE VEICULO,51008
8200885256,TUBO DE ESCAPAMENTO DE USO EM VEICULO AU,51009
738202634R,BARRA LONGITUDINAL DO TETO  DA CARROCAR,51010
769395464R,REVESTIMENTO INTERNO DA CARROCARIA DE VE,51011
674196552R,REFORCO DO PAINEL DE INSTRUMENTOS DA CAR,51011
766F77593R,ELEMENTO DE LIGACAO,51011
200108486R,SILENCIOSO DO ESCAPAMENTO DE VEICULO AUT,51012
762308439R,COLUNA PARA CARROCARIA DE VEICULO AUTOMO,51013
200107176R,TUBO DE ESCAPAMENTO DE USO EM VEICULO AU,51014
766310270R,ELEMENTO DE FECHAMENTO DA COLUNA DA CARR,51015
764191718R,ELARGISSEUR BAVOLET G,51016
7752295292,PAINEL FRONTAL PARA CARROCARIA DE VEICUL,51017
668110010R,GRADE DO PAINEL DO CAPO PARA DRENAGEM DA,51018
769165897R,ACABAMENTO DA COLUNA PARA CARROCARIA DE,51019
200105451R,TUBO DE ESCAPAMENTO DE USO EM VEICULO,51020
201000494R,TUBO DE ESCAPE DE VEICULO AUTOMOVEL,51020
200104430R,LINHA DE ESCAPAMENTO,51022
620720397R,MOLDURA CENTRAL DA PELE DO PARACHOQUE D,51022
200103832R,TUBO DE ESCAPE PARA VEICULO AUTOMOVEL,51023
850188999R,PARACHOQUE DE USO EM VEICULO AUTOMOVEL,51024
215590466R,GUIA DE AR DO RADIADOR DE VEICULO AUTOMO,51025
749021679R,CARPETE DO ASSOALHO DA CARROCARIA DE VEI,51025
828219233R,FRISO PAINEL LAT,51026
215597989R,GUIA DE AR DO RADIADOR DE VEICULO AUTOMO,51027
745900004R,TRILHO FABRICADO EM ACO HX340, GUIA PORT,51028
200105895R,TUBO DE ESCAPAMENTO DE USO EM VEICULO AU,51029
620933598R,ABSORVEDOR DE IMPACTO DO PARACHOQUE,51029
852482220R,ELEMENTO DE FECHAMENTO DA CARROCARIA DE,51030
873703067R,COBERTURA DO ASSENTO DO BANCO TRASEIRO,51031
8201691147,ESPUMA DO ASSENTO DO BANCO,51032
625005786R,ELEMENTO DE FECHAMENTO DA CARROCARIA DE,51033
849507071R,ELEMENTO DE FECHAMENTO DIREITO DO BAGAG,51034
873115338R,ESPUMA DO ASSENTO DO BANCO,51038
8200729416,REVESTIMENTO INTERNO DE ACABAMENTO DA PO,51039
7702266990,195/60R16 89H CCLX,52PNE
ACRPNEU16,MICHELIN PNEU MICH (R16) 225/75R16C118/116RA GILIS,52PNE
7711733222,215/65 R16 98T TL LTX FORCE MI,52PNE
7711733761,225/65R16C 112/110R VanContact AP 8PR,52PNE
6001551126,STRUTURA EM METAL DA TAMPA DO PORTA MAL,52PS
631006147R,PARALAMA PARA CARROCERIA,52PS
8201675903,PORTA PARA CARROCARIA,52PS
801006609R,PORTA PARA CARROCARIA DE VEICULO,52PS
764607972R,ELEMENT INF COTE CAISSE D ASS,52001
850900007R,ACABAMENTO DO PARACHOQUE FABRICADO EM P,52002
764613150R,ELEMENTO INFERIOR DA MOLDURA LATERAL DA,52004
764602807R,TRAVESSA PARA CARROCERIA DE VEICULO AUTO,52005
764613168R,TRAVESSA PARA CARROCARIA DE VEICULO AUTO,52006
764612928R,ELEMENT LAT CARROCERIA,52007
8201739941,RODA DE VEICULO AUTOMOVEL,52008
7711733321,PNEU 185/60R15 84H XLPOWERC2,52009
638456253R,PROTETOR DA RODA ESQUERDA DIANTEIRA,52009
777603844R,TRILHO FABRICADO EM ACO INOX, GUIA PORTA,52010
755114873R,LONGARINA PARA CARROCERIA,52011
7702267203,185/65 R15 88H CONTIPOWERCONTACT,52012
823016015R,VODRO MOVEL DA PORTA ESQ,52013
641012107R,REFORCO DA CAIXA DE RODAS DA CARROCARIA,52014
641016180R,LONGARINA PARA CARROCERIA DE VEICULO AUT,52015
7717096468,PNEU 205/75R16C 110/108R EUROVAN 2 8PR,52017
544010095R,BERCO PARA FIXACAO DO MOTOR NA CARROCARI,52018
641000896R,LONGARINA PARA CARROCARIA DE VEICULO,52019
641001716R,BLOCO DA LONGARINA E TORRE DO AMORTECEDO,52020
7702267135,PNEU 175/65R14 82T CONTIPOWERCONTACT,52020
641006894R,SUPORTE DO EIXO DA CARROCARIA DE VEICULO,52021
679001853R,PAINEL DE REVESTIMENTO INTERNO DA CARROC,52022
140038473R,COLETOR DE ADMISSAO PARA MOTOR,52023
7702267137,175/70 R14 84T CONTIPOWERCONTACT,52025
631013941R,PARALAMAS DIANTEIRO DE USO EM VEICULO,52026
901006844R,TAMPA DO PORTAMALAS DA CARROCERIA,52026
821012313R,PORTA PARA CARROCARIA DE VEICULO,52027
901005239R,TAMPA DO PORTAMALAS DA CARROCERIA,52027
631122166R,PARALAMAS DIANTEIRO DIREITO DE VEICULO,52027
801004639R,CONJ PORTA DIANT DIR,52027
631004738R,PARA LAMA PARA CARROCARIA DE VEICULO,52028
7711734322,PNEU 165 70 R14 85T XL ECOCONTACT 6,52029
758906679R,PLACA DE PROTECAO INFERIOR DO MOTOR DA C,52030
631016328R,PARA LAMA PARA CARROCARIA DE VEICULO,52031
801010229R,PORTA PARA CARROCERIA DE VEICULO AUTOMOV,52032
678700857R,SUPORTE DE FIXACAO DO PAINEL DE INSTRUME,52033
821015399R,PORTA PARA CARROCARIA DE VEICULO,52034
873303565R,ACABAMENTO DA ESTRUTURA DO BANCO,52035
821006024R,PORTA PARA CARROCARIA DE VEICULO AUTOMOV,52036
801003175R,PORTA DIANTEIRA DIREITA P VEICULO,52037
6001550780,PORTA PARA CARROCARIA DE VEICULO,52038
821002434R,PORTA PARA CARROCARIA DE VEICULO,52040
8200729417,REVESTIMENTO INTERNO DE ACABAMENTO DA PO,52040
821008540R,PORTA TRASEIRA DIREITA P VEICULO,52040
801006073R,PORTA DIANTEIRA DE VEICULO AUTOMOVEL,52041
7751473603,PORTA LATERAL CORREDIÃ#A PARA VEÃ#CUL,52042
7751471747,PORTA PARA CARROCARIA DE VEICULO AUTOMOV,52043
651000729R,CONJUNTO CAPOTA SUPERIOR DIANTEIRA DE VE,52044
821017625R,PORTA PARA CARROCARIA DE VEICULO,52045
901005892R,TAMPA DO PORTAMALAS PARA CARROCERIA DE,52047
801019588R,PORTA PARA CARROCARIA DE VEICULO AUTOMOV,52048
543024587R,AMORTECEDOR DIANTEIRO,52049
8200526429,APARELHO DE ILUMINAÇAO VISUAL LUZ FIXA D,52050
265550368R,APARELHO ELETRICO (CAIXAS DE LUZES COMBI,52052
210105707R,BOMBA DE AGUA, COM MOTOR ELETRICO MONOFA,52053
808331793R,JUNTA PORTA TRASEIRA LADO ESQUERDO,52055
360109038R,ALAVANCA DE FREIO DE ESTACIONAMENTO MONT,52056
7701423269,PLACA CONSTITUIDA DE MATERIAL ASFALTICO,,52057
403008837R,RODA COM DIAMETRO DE 15 POLEGADAS DE VEI,52058
302057590R,DISCO E PLATO DA EMBREAGEM DE VEICULO AU,52059
545008682R,BANDEJA DA SUSPENSAO DE VEICULO AUTOMOVE,52061
543020497R,AMORTECEDOR DIANTEIRO DA SUSPENSAO DE VE,52062
638410003R,PROTETOR DA CAIXA DE RODA  PARABARRO,,52063
8200805594,CARTER DE OLEO PARA MOTOR DE IGNICAO P,52064
8200978549,VALVULA TERMOSTATICA COMPLETA PARA MOTOR,52065
8550507719,CONJUNTO DISCO PLATO DA EMBREAGEM,52066
543024029R,AMORTECEDOR DO SISTEMA DA SUSPENSAO DE V,52067
260101393R,APARELHO ELETRICO (FAROL) DE ILUMINACAO,52068
8200805671,POLIA DO EIXO DO VIRABREQUIM, APLICADA N,52069
8200741642,BOMBA DE OLEO,52070
543029771R,BATENTE FABRICADO EM ACO, PARA SISTEMA D,52071
963025583R,ESPELHO RETROVISOR DE VEICULO,52072
210105416R,BOMBA DE AGUA PARA MOTOR DE VEICULO AUTO,52073
8660006232,JOGO DE DISCO PLATO E ROLAMENTO DA EMBRE,52074
150002040R,BOMBA DE OLEO DE USO EM MOTOR DE VEICULO,52075
123008972R,VOLANTE DO MOTOR DE VEICULO AUTOMOVEL,52118
801009976R,PORTA DIANTEIRA DIREITA DE VEIC AUTO,53PS
901009042R,TAMPA DO PORTA MALAS DA CARROCARIA DE VE,53PS
764600448R,ELEMENTO INFERIOR DA MOLDURA LATERAL DA,53PS
801C11533R,ESTRUTURA DA PORTA PARA CARROCARIA DE VE,53PS
651005058R,CAPO DA CARROCARIA DE VEICULO AUTOMOVEL,53PS
739101844R,PAINEL DE REVESTIMENTO DO TETO PARA CARR,53PS
901002052R,PORTA TRASEIRA PARA CARROCERIA DE VEICUL,53PS
651005338R,CAPO DA CARROCARIA DE USO EM VEICULO AUT,53PS
6001550847,PAINEL LATERAL TRASEIRO PARA CARROCARIA,53PS
7752295176,TAMPA DO PORTAMALAS DE VEICULO AUTOMOVE,53PS
774339973R,PAINEL LATERAL PARA CARROCERIA DE VEICUL,53PS
901010195R,PORTA DO PORTAMALAS DA CARROCARIA DE VE,53PS
760336187R,PAINEL LATERAL DA PORTA PARA CARROCARIA,53PS
901005942R,PORTA PARA CARROCARIA DE VEICULO,53PS
651005338R,CAPO DA CARROCARIA DE USO EM VEICULO AUT,53PS
766332325R,PAINEL DA CARROCARIA DE VEICULO,53PS
7782653392,PAINEL DA PORTA,53PS
8200529763,COBERTURA EM CARPETE DA DOBRADICA DA TAM,53PS
781188663R,EXTENSÃO DO PAINEL LATERAL DA CARROCERIA,53PS
821002334R,PORTA PARA CARROCARIA DE VEICULO,53PS
739106830R,GUARNICAO DE ACABAMENTO DO TETO DA CARRO,53PS
749020119R,CARPETE DO ASSOALHO DA CARROCARIA DE VEI,53PS
774324887R,PAINEL DA ESTRUTURA LATERAL PARA CARROCA,53PS
7751468922,PAINEL PARA CARROCARIA DE VEICULO AUTOMO,53PS
767102353R,CAIXA DE RODA PARA CARROCARIA DE VEICULO,53PS
901001956R,TAMPA DO PORTAMALAS DA CARROCERIA,53PS
821014588R,PORTA TRAS. ESQ,53PS
775796477R,REFORCO EM METAL DE FECHAMENTO DA CARROC,53PS
755087025R,MOLDURA DE ACABAMENTO DA CARROCARIA DE V,53PS
801C10668R,ESTRUTURA DA PORTA PARA CARROCARIA DE VE,53PS
751002527R,LONGARINA PARA CARROCERIA DE VEICULO,53PS
7751474717,CAPO PARA CARROCARIA DE VEICULO AUTOMOVE,53PS
901001956R,TAMPA DO PORTAMALAS DA CARROCERIA,53PS0
743002632R,PLANCHER CTL,53001
821006617R,PORTA PARA CARROCARIA DE VEICULO,53001
7750350604,PAINEL PARA CARROCARIA DE VEICULO AUTOMO,53001
760317311R,PAINEL LATERAL DA CARROCARIA DE VEICULO,53001
7750350670,TETO DA CARROCERIA DE VEÍCULO AUTOM,53001
7751469081,PORTA LATERAL ESQUERDA DE VEICULO AUTOMO,53001
731122180R,PAVILLON,53001
6001550846,PAINEL DE REVESTIMENTO INTERNO DA CARROC,53001
6001550871,ASSOALHO TRASEIRO DA CARROCARIA,53002
6001550782,PORTA PARA CARROCARIA DE VEICULO,53003
6001550747,PORTA TRASEIRA PARA VEICULO AUTOMOVEL,53003
901001424R,TAMPA DO PORTAMALAS DA CARROCERIA,53005
760337095R,PAINEL LATERAL DA CARROCARIA DE VEICULO,53006
760122451R,ESTRUTURA DA COLUNA, COM DIMENSOES E FOR,53007
760362316R,PAINEL PARA CARROCERIA DE VEICULO AUTOMO,53007
631006363R,PARA LAMA PARA CARROCARIA DE VEICULO AUT,53008
760309201R,PAINEL LATERAL DA CARROCERIA,53008
760306035R,PAINEL LATERAL DA CARROCARIA DE VEICULO,53008
901008633R,TAMPA DO PORTA MALAS PARA CARROCARIA,53009
821004191R,PORTA TRASEIRA DE VEICULO AUTOMOVEL,53009
901005242R,PORTA DO PORTA MALAS DA CARROCARIA DE VE,53010
739107365R,REVESTIMENTO DO TETO PARA CARROCARIA DE,53011
799223012R,TAMPAO DO PORTAMALAS DA CARROCARIA DE VE,53011
739019185R,REVESTIMENTO DO TETO DA CARROCARIA DE VE,53012
760125659R,PAINEL LATERAL DIANTEIRO DA CARROCARIA D,53012
631017396R,PARA LAMA PARA CARROCARIA DE VEICULO,53012
760327984R,PAINEL LATERAL DA CARROCARIA DE VEICULO,53013
731123956R,PAVILHAO CENTRAL PARA CARROCERIA DE VEIC,53014
739103541R,REVEST TRAS CABINE,53014
7751471746,PORTA DIANTERIRA PARA VEÃ#CULO AUTOM,53015
801001916R,PUERTA DELANTERA DER X65 LAC 3P,53015
801019950R,PORTA DIANTEIRA ESQUERDA P VEICULO,53016
801006732R,PORTA PARA CARROCARIA DE VEICULO,53017
801002520R,PORTA DIANTEIRA PARA VEICULO AUTOMOVEL,53018
821011173R,PORTA PARA CARROCARIA DE VEICULO AUTOMOV,53018
821013507R,PORTA TRASEIRA DE VEICULO AUTOMOVEL,53018
8201560878,CONJUNTO DE ESTRUTURA DO ASSENTO DO ASSE,53019
934009006R,GRADE DO COMPARTIMENTO DE CARGA PARA CAR,53019
901002626R,PORTA TRASEIRA DA CARROCERIA DE VEICULO,53019
760136033R,ESTRUTURA DA COLUNA, COM DIMENSOES E FOR,53020
749024966R,TAPETE DE CARPETE PARA VEICULO AUTOMOVEL,53020
760231046R,PAINEL DE REVESTIMENTO INTERNO DA CARROC,53020
749023569R,CARPETE DO ASSOALHO DA CARROCARIA DE VEI,53020
731123932R,TETO PARA CARROCARIA DE VEICULO,53021
6001551576,ESTRUTURA EM METAL DA CARROCARIA DE VEIC,53021
731125304R,TETO PARA CARROCARIA DE VEICULO,53022
774214657R,PAINEL LATERAL TRASEIRO PARA CARROCARIA,53022
766307789R,PAINEL DA JANELA PARA CARROCARIA DE VEIC,53023
767130167R,CAIXA DE RODA PARA CARROCARIA DE VEICULO,53024
775787822R,REFORCO SUPERIOR PARA CARROCARIA DE VEIC,53025
901001909R,TAMPA DO PORTAMALAS DA CARROCERIA,53025
762139347R,PIED AV G ASS,53026
776455095R,RENFORT SUP AR COTE CAISSE G ASS,53026
901006482R,PORTE COFFRE PASS,53027
760301756R,COTE CAISSE PARTIE AR D ASS APV,53028
765003002R,PIED MILIEU D ASS,53029
739105020R,PAINEL DE REVESTIMENTO INTERNO DO TETO D,53030
749025768R,ARPETE DO ASSOALHO PARA CARROCARIA DE V,53030
774210410R,PARALAMAS TRASEIRO ESQ,53031
749026418R,ISOLADOR ANTI RUIDO DO ASSOALHO PARA CAR,53031
651007771R,CAPO DIANTEIRO DA CARROCERIA DO VEICULO,53032
774214628R,PARTE LATERAL DA CARROCARIA DE VEICULO A,53033
760331162R,PAINEL LATERAL DA CARROCARIA DE VEICULO,53034
8200607381,ISOLADOR ANTI RUIDO DO ASSOALHO PARA CAR,53034
774E47143R,PARTE LATERAL DA CARROCERIA DE VEICULO A,53035
760320147R,PAINEL DE REVESTIMENTO INTERNO DA CARROC,53035
760307960R,COTE DE CAISSE D PARTIE AV ASS,53036
901017665R,TAMPA DO PORTA MALAS PARA CARROCARIA DE,53036
739104536R,PAINEL DE REVESTIMENTO DO TETO PARA CARR,53036
7751472432,PORTA PARA CARROCARIA DE VEICULO AUTOMOV,53037
6001551597,PAINEL LATERAL DA CARROCERIA P/ AUTO,53037
760331821R,PAINEL LATERAL DA CARROCARIA DE VEICULO,53038
745100288R,TOLE PLANCHER AR ASS,53039
762122419R,PIED AV D ASS,53040
901504702R,TAMPA DO PORTA MALAS PARA CARROCARIA DE,53041
651001856R,CAPOT AV ASS,53041
8200465242,VIDRO DE SEGURANCA FORMADO DE,53041
821007062R,PORTA PARA CARROCARIA,53042
760404234R,REFORCO DO PAINEL LATERAL DIREITO,53043
6001550850,REFORCO EM METAL DA SOLEIRA DA PORTA DA,53043
6001551086,CAPO DA CARROCARIA,53044
651004318R,CAPO DIANTEIRO DA CARROCARIA DE VEICULO,53045
7751472465,PORTA PARA CARROCARIA DE VEICULO AUTOMOV,53046
7751474992,PORTA PARA CARROCARIA DE VEICULO AUTOMOV,53046
651003119R,CAPO DA CARROCARIA DE VEICULO AUTOMOVEL,53046
631005416R,PARA LAMA PARA CARROCARIA DE VEICULO AUT,53048
7751473024,CAPO PARA CARROCARIA DE VEICULO AUTOMOVE,53049
749445589R,TO PROPRIO PARA USO EM VEICULO AUTOMOVEL,53050
873518825R,ESTRUTURA EM METAL DO ASSENTO,5499
320104065R,BVM ASS JH3,55DI
7702233575,PARACHOQUE TRASEIRO DE VEICULO,55RTE
850228934R,COBERTURA DO PARACHOQUE,55RTE
631004794R,PARA LAMA PARA CARROCARIA DE VEICULO,60001
266058942R,FAROL DE NEBLINA,60002
850168983R,EAU BOUCLIER AR D,60003
620927800R,ABSORVEDOR DE IMPACTO DO PARA CHOQUE,60004
260600738R,APARELHO ELETRICO (FAROL) DE ILUMINACAO,60005
208A07139R,CATALISADOR DE GASES DE EXAUSTÃO,60006
543024025R,AMORTECEDOR DO SISTEMA DE SUSPENSAO DIAN,60007
302059977R,CONJUNTO DISCO E PLATO DA EMBREAGEM,60008
432008208R,MOYEUTAMBOUR AR EQP,60009
172029382R,BOMBA DE COMBUSTIVEL DE MOTOR DE IGNICAO,60010
7711805200,ACABAMENTO DECORATICO DA GRADE DIANTEIRA,60011
985H16795R,AIR BAG,60011
341047118R,UNIDADE DE CONTROLE DE TROCA DE MARCHA D,60012
403003294R,RODA DE AÇO ARO 14 PARA VEICULO,60012
118728873R,TUBO VENTILACAO CARTER MOTOR,60013
963022265R,RETROVISOR EXT ESQUERDO,60014
963025898R,ESPELHO RETROVISOR EXTERNO,60015
550683531R,PROTECAO DE BORRACHA DA MOLA DO AMORTECE,60016
261A31485R,MOLDURA DE ACABAMENTO DO FAROL DE NEBLIN,60017
403003124R,RODA DE ACO DE USO EM VEICULO AUTOMOVEL,60017
484721980R,COBERTURA DE ACAB DA COLUNA DE DIRECAO,60018
963732452R,COQUILLE RETROVISEUR EXT D,60019
963013925R,RETROVISEUR EXT D,60020
265500322R,CAIXA DE LUZES COMBINADAS  LANTERNA TRA,60020
112105431R,ISOLADOR DINAMICO COM SUPORTE DE MONTAGE,60021
110600260R,CAIXA DE SAIDA DE AGUA EQUIPADA COM VALV,60023
6001549443,BOMBA CENTRIFUGA DO LIMPADOR DE PARABRI,60024
864091793R,GANCHO FEITO DE PLASTICO PARA SEGURAR OB,60025
922708052R,VALVULA DE EXPANSAO TERMOSTATICA,60026
172403117R,BOCAL DO TUBO DE ABASTECIMENTO DO TANQUE,60026
963650583R,ESPELHO RETROVISOR DE VEICULO,60027
960155900R,SCOOPO DE ENTRADA DE AR,60027
8200475125,COIFA DA ALAVANCA DE CONTROLE DA CAIXA D,60028
638496590R,PARAFUSO NÃO PERFURANTE ROSCADO DE ACO L,60029
289212324R,JUNTA BOMBA PADRAO, UTILIZADA EM VEICULO,60029
8201721343,ARMACAO DO ASSENTO DO BANCO,60030
8200801824,MANCAL ARVORE,60030
7701068986,RESISTENCIA DE ARCONDICIONADO PARA,60031
122931846R,PARAFUSO ROSCADO DE ACO LIGA COM PROCESS,60032
130244474R,RODA DENTADA DO PINHAO DO VIRABREQIM DO,60032
8200367145,PARAFUSO DE ACO LIGA, TEMPERADO, REVENID,60033
7701206568,ABRACADEIRA DE ACO DE USO MULTIFUNCIONAL,60034
253251679R,INTERRUPTOR ELETRICO COM TENSAO DE 12 V,60035
132707578R,JOINT COUVERCLE CULASSE,60036
151921411R,TUBULACAO DO SISTEMA DE ALIMEN,60036
243124712R,MOLDURA DE PROTECAO PARA CAIXA DE DISTRI,60036
487008876R,KIT IND FT53 SPARELOCK ANTIFURTO DO ESTEPE,60037
7701048401,ESPELHO RETROVISOR PARA VEICULO AUTOMOVE,60038
623831826R,FRISO DA GRADE DO RADIADOR, FABRICADO EM,60038
208253737R,ABRACADEIRA DE ACO,60039
474012474R,TUBULACAO RIGIDA EM PLASTICO PARA SISTEM,60039
401597230R,PORCA DE ACO ROSCADA DE FIXACAO,60040
237101784S,MODULO DE CONT DA INJ COMBUSTIVEL,60041
7703002684,PARAFUSO NAO PERFURANTE ROSCADO DE ACO L,60041
113327539R,SUPORTE FABRICADO EM LIGA DE ALUMINIO (A,60042
850440017R,SUPORTE PLASTICO DO PARACHOQUE DE VEICUL,60042
548501192R,HASTE DE CONTROLE DA VIBRACAO DO MOTOR D,60043
8200157364,ABRACADEIRA DE ACO PARA USO EM VEICULO A,60044
111458391R,SONDE NIVEAU HUILE,60044
6001550688,SUPORTE DO RESERVATORIO DO OLEO DA DIREC,60045
226309418R,TERMISTOR DOTADO DE ENVOLUCRO E CONECTOR,60045
543020280R,SUPORTE DE APOIO DO CONJUNTO MOLA,60046
8200419924,APARELHO ELETRICO (LUZ DE NEBLINA, FIXA),60047
479452659R,SENSOR DE ANGULO DA DIRECAO DO TIPO MAGN,60047
822833596R,ENJOLIVEUR EXT MONTANT AV PORTE AR G,60048
243822061R,COUVERCLE BOITIER INTERCONNEXION MOTEUR,60049
623823431R,FRISO DA GRADE DO RADIADOR, FABRICADO EM,60049
809542869R,COBERTURA DO PUXADOR DA PORTA DE PLASTIC,60049
146500428R,BOMBA DE VACUO DA FREINAGEM,60049
7703034303,PORCA DE ACO LIGA COM PROCESSO,60050
550207661R,MOLA DE ACO HELICOIDAL CILINDRICA,60051
263367046R,OBTURATEUR ANTIBROUILLARD G,60051
8200452397,DEFLETOR DE OLEO DA CAIXA DE MARCHAS DE,60052
319359125R,GERADORDESINAL(SENSORDEVELOCIDADE),60053
7703077439,CLIP PLASTICO PARA FIXACAO DO CAPO DE VE,60054
788723067R,MLDGRH BODY SIDE,60055
101997354R,ETIQUETA PLASTICA AUTOADESIVA EM POLI,60056
801D09049R,ABSORVEDOR DE IMPACTO PARA CARROCERIA DE,60057
253C66975R,SUPORTE PLASTICO, POLIPROPILENO, DO SENS,60058
7700417649,RESERVATORIO DE FLUIDO DO FREIO DE VEICU,60059
208173985R,SUPORTE DE METAL COMUM DO CATALISADOR PA,60059
208S91507R,TAMPA PLASTICA DO TANQUE  DE VEICULO AUT,60060
805940937R,APARELHO ELETRONICO DE RADIOTELECOMANDO,60061
7703075231,TAMPAO DE ACO PARA USO EM MOTOR DE VEICU,60062
277610681R,MODULE VARIATION GMV HABITACLE APV,60063
8201262785,GARFO DA CAIXA DE MARCHAS,60064
7717102595,TILT DOWN,60066
8200386207,ARRUELA NAO ROSCADA DE ACO,60066
687605439R,DEFLETOR DE SAIDA AR DA CARROCERIA DE VE,60067
8200539622,BUJAO SEXTAVADO DE ACO ROSCADO, DIAMETRO,60068
788361785R,MOLA EM ACO DA PORTINHOLA DO BOCAL,60068
130701HC0A,TENSIONADOR DA CORRENTE DE COMANDO,60069
7703002906,PARAFUSO EM ACO LIGA TRATAMENTO TERMICO,60069
806624067R,HASTE DE ACIONAMENTO DA TRAVA DA PORTA,60070
654504085R,VEDACAO DA DOBRADICA DO CAPO PARA CARROC,60071
822830813R,COBERTURA PARA ACABAMENTO DA COLUNA DA P,60072
403150239R,CALOTA CENTRAL DA RODA DE VEICULO AUTOMO,60073
805035802R,CONJUNTO EM METAL DA FECHADURA DA PORTA,60074
214E65463R,SUPORTE FABRICADO EM ACO GALVANIZADO, PA,60075
8200615314,SUPORTE PLASTICO DO RESERVATORIO DA DIRE,60076
123091465R,PARAFUSO ROSCADO DE ACO LIGA TEMPERADO,60078
905039428R,FECHADURA ELETRICA RESPONSAVEL PELO TRAV,60078
620805751R,FRISO DA GRADE DO RADIADOR, FABRICADO EM,60079
802848357R,ETIQUETA  AUTOADESIVA EM POLI(CLORETO DE,60079
808702752R,MOLDURA DA JANELA FIXA DA PORTA DE VEICU,60080
828387527R,MOLDURA DE BORRACHA VULCANIDA NAO ENDURE,60081
623826450R,FRISO DA GRADE DO RADIADOR, FABRICADO EM,60082
808928808R,EMBLEMA PLASTICO DA CARROCARIA DE VEICUL,60083
658330722R,MOLDURA DE ACABAMENTO DA DOBRADIÇA DO CA,60084
7701478100,JUNTA DE VEDACAO MECANICA, DO TIPO JUNTA,60084
120A10494R,COLECAO DE PISTAO PARA MOTOR DE IGNICAO,60085
8200352861,COXIM DE BORRACHA VULCANIZADA NAO ENDURE,60086
214690992R,DEFLETOR DE AR EM PLASTICO PP PARA MONTA,60087
384438973R,.ROLAMENTO DE ROLETES CONICOS DE CARGA R,60088
908898175R,EMBLEMA PLASTICO TRASEIRO PARA USO EM VE,60088
120A14729R,PISTAO COM ANEIS DE SEGMENTO PARA MOTOR,60089
7703101567,PARAFUSO NAO PERFURANTE ROSCADO DE ACO,60090
7701478743,BIELA PARA MOTOR DE IGNICAO POR CENTELHA,60091
172517275R,TAMPA DO RESERVATORIO DE COMBUSTIVEL,60091
130257408R,ENGRENAGEM DA CAIXA DE MARCHAS DE VEICUL,60092
766318692R,PAINEL DA JANELA PARA CARROCERIA DE VEIC,61PS
641011424R,SEMI BLOCO DIANTEIRO ESQUERDO,61001
641011517R,LONGARINA ACOMPANHADA DE PAINEL INTERNO,61001
850907329R,ABSORVEDOR DE IMPACTO DO PARA CHOQUE DE,61002
631010917R,PARA LAMA PARA CARROCARIA DE VEICULO AUT,61003
808652193R,VEDACAO DO PAINEL DE REVESTIMENTO DA POR,61004
679007848R,ISOLADOR ACUSTICO DO PAINEL FRONTAL DE V,61005
543028774R,AMORTECEDOR DE SUSPENSAO P/ VEIC AUTO,61008
631012063R,PARALAMA DIANTEIRO DE USO EM VEICULO,61009
8200430600,PROTETOR DA CAIXA DE RODAS DE VEICULO AU,61010
620905093R,ABSORVEDOR SUP PARACHADO DIANT,61010
762900413R,OBTURATEUR AILE D,61011
963020218R,ESPELHO RETROVISOR EXTERNO, LADO ESQUERD,61011
745146485R,ASSOALHO DO PORTAMALAS DE VEICULO AUTOM,61013
544013841R,BERCO DIANTEIRO DE VEICULO AUTOMOVEL,61013
620900726R,ABSORVEDOR DE IMPACTO DO PARACHOQUE DE V,61013
631136129R,PARALAMAS DIAANTEIRO ESQUERDO DE VEICULO,61014
681004733R,PAINEL DE INSTRUMENTOS USO EM VEICULO AU,61014
8550506762,KIT CORREIA DE DISTRIBUIÇÃO,61016
850424737R,GUIA PLASTICO DE FIXACAO DO PARACHOQUE,62001
658401572R,ISOLADOR ANTI RUIDO DO PAINEL PARA CARRO,62002
403004007R,RODA DE AÇO ARO 15 PARA VEICULO,62002
828642865R,ACABAMENTO PLASTICO INTERNO DA PORTA DE,62003
391008747R,SEMIEIXO EM ACO COM COMPONENTES MONTADOS,62005
214108535R,RADIADOR DE VEICULO AUTOMOVEL,62007
403002053R,RODA DE ACO PARA VEIC AUTO,62008
623103295R,GRADE DO RADIADOR,62008
631012248R,PARA LAMA PARA CARROCARIA DE VEICULO AUT,62009
850428011R,SUPORTE DA LANTERNA PARA CARROCOCERIA DE,62011
631008317R,PARA LAMA PARA CARROCARIA DE VEICULO AUT,62011
7701478199,CONJUNTO DE MOLDURAS, PARA MONTAGEM DO P,62012
200103850R,LINHA DO ESCAPAMENTO DE VEICULO AUTOMOVE,62013
631016111R,PARA LAMA ESQUERDO DE USO EM VEICULO AUT,62014
631012161R,PARA LAMA PARA CARROCARIA DE VEICULO,62015
543020572R,AMORTECEDOR FABRICADO PREDOMINANTEMENTE,62017
738217099R,BARRA DO TETO, PARA CARROCARIA, UTILIZAD,62017
752128589R,TRAVESSA PARA CARROCERIA DE VEICULO,62018
749413810R,ISOLADOR ANTIRUIDO DO ASSOALHO DIANTEIR,62018
876616902R,ESPUMA DO ENCOSTO DO BANCO PARA VEICULO,62019
749414406R,PISO FALSO DIANTEIRO ESQ.,62019
272705588R,EQUIPAMENTO PROPRIO PARA RESFRIAR E AQUE,62020
631014852R,PARA LAMA PARA CARROCARIA DE VEICULO,62021
631015743R,PARA LAMAS DIANTEIRO,62022
631016912R,PARA LAMA PARA CARROCARIA DE VEICULO,62023
7701047301,ESPUMA DO ASSENTO DE VEICULO AUTOMOVEL,62024
214754524R,BOCAL DE ENTRADA DE AR NO RADIADOR DE VE,62024
8200809315,DUTO FILTRO AR LOGAN/DUSTER 1.6 16V,62025
205400008R,PROTETOR TERMICO DO ESCAPAMENTO DE VEICU,62025
403003173R,RODA PARA VEICULO AUTOMOVEL,62025
260105138R,APARELHO ELETRICO (FAROL) DE ILUMINACAO,62027
544018918R,BERCO DE FIXACAO DO MOTOR DE USO, UTILIZ,62028
544018255R,BERCO DIANTEIRO DE FIXACAO DO MOTOR NA C,62029
544017976R,BERCO DIANTEIRO DE FIXACAO DO MOTOR NA C,62030
544016006R,BERCO DE FIXACAO DO MOTOR DE VEICULO AUT,62030
544010031R,TRAVESSA DE VEICULO AUTOMOVEL,62031
544014810R,BERCO DIANTEIRO DE FIXACAO DO MOTOR NA C,62031
544018732R,BERCO DE FIXACAO DO MOTOR DE USO EM VEIC,62031
849754430R,COMPARTIMENTO PARA ARMAZENAMENTO DA RODA,62032
7751718631,PARALAMAS DIANTEIRO DE VEICULO AUT,62033
201005003R,TUBO DE ESCAPE COM SILENCIOSO PARA VEICU,62034
776300795R,ESTRUTURA DA COLUNA PARA CARROCERIA DE V,62034
668560212R,CALHA EM METAL DE ESCOAMENTO,62035
901006068R,COBERTURA DA TAMPA DO PORTA MALAS PARA C,62036
809006860R,PAINEL DE REVESTIMENTO DA PORTA,62037
901009424R,TAMPA DO PORTA MALAS PARA CARROCARIA,62038
801008681R,PORTA PARA CARROCARIA DE VEICULO,62040
821008000R,PORTA PARA CARROCARIA DE VEICULO,62041
801015395R,PORTA PARA CARROCARIA DE VEICULO,62042
901008080R,TAMPA DO PORTA MALAS PARA CARROCARIA,62043
745142371R,ASSOALHO TRASEIRO PARA CARROCERIA DE VEI,6230
651001399R,CAPO DA CARROCERIA DE VEICULO AUTOMOVEL,63001
651006016R,CAPO PARA CARROCARIA DE VEICULO AUTOMOVE,63002
651002659R,CAPO PARA CARROCARIA DE VEICULO AUTOMOV,63004
651000607R,CAPO PARA CARROCARIA DE VEICULO AUTOMOVE,63005
801012479R,PORTA PARA CARROCARIA DE VEICULO,63006
901009145R,TAMPA DO PORTA MALAS PARA CARROCARIA,63007
266058942RK4,APARELHO ELETRICO  DE SINALIZACAO VISUAL,63009
7711734298,PNEU 185/65 R 15 FRD16 FARROAD 88H LRI,63009
7702267215,PNEU 215/65R16 98H,63009
7702267211,215/65 R16 98T CONTICROSSCONTACT AT,63009
631000451R,PARA LAMA PARA CARROCARIA DE VEICULO,63009
562103964R,AMORTECEDOR TRASEIRO DA SUSPENSAO D,63010
631012009R,PARA LAMA PARA CARROCARIA DE VEICULO,63012
631015814R,AILE AV G ASS,63012
6001550869,REFORCO EM METAL DE FECHAMENTO DA CARROC,63013
641018120R,LONGARINA PARA CARROCARIA DE VEICULO AUT,63013
641001384R,SEMI BLOCO DIANTEIRO DIREITO PARA CARROC,63014
641017456R,LONGARINA PARA CARROCERIA DE VEICULO,63014
641001369R,LONGARINA DE USO MULTIFUNCIONAL DA CARRO,63015
8200761565,BERCO DIANTEIRO DE FIXACAO DO MOTOR DE V,63015
769001849R,COBERTURA DE ACABAMENTO DO PAINEL,63017
631013548R,PARALAMA DIANTEIRO ESQUERDO, CONFECCION,63017
631001320R,PARA LAMAS DIANTEIRO,63018
769101300R,MOLDURA DO PAINEL DA CARROCARIA DE VEICU,63018
641007385R,LONGARINA DE USO MULTIFUNCIONAL DA CARRO,63020
631006204R,PARA LAMA PARA CARROCARIA DE VEICULO,63022
631005908R,PARA LAMA PARA CARROCARIA DE VEICULO,63024
631005695R,PARA LAMA PARA CARROCARIA DE VEICULO,63025
631011609R,PÁRALAMAS P/ VEÍC AUTO,63026
641015441R,LONGARINA ACOMPANHADA DE PAINEL INTERNO,63027
631006075R,PARA LAMA PARA CARROCARIA DE VEICULO AUT,63028
631000689R,PRA LAMA PARA CARROCARIA DE VEICULO,63029
631007133R,PARALAMAS,63030
263319858R,JOGO DE TAMPAS DO FAROL DE NEBLINA PARA,70001
963735835R,COBERTURA PLASTICA DO ESPELHO RETROVISOR,70002
263317695R,ACABAMENTO DO FAROL DE NEBLINA DO PARAC,70003
476608933R,MODULO DE CONTROLE DE ESTABILIDADE E ANT,70004
8201233965,PORTILLON VIDEPOCHES CTL,70005
926006524R,COMPRESSOR DO AR CONDICIONADO COM CAPACI,70006
265803356R,APARELHO ELETRICO DE ILUMINACAO,70006
601981151R,OBTURATEUR GRL INF D ENT AIR BOUCLIER AV,70007
265551483R,APARELHO ELETRICO CAIXA DE LUZES COMBINA,70008
231001910R,ALTERNADOR DO MOTOR PARA TRANSFORMAR ENE,70008
990413178R,ADESIVO PLASTICO AUTOADESIVO,70009
852220001R,MOLDURA FABRICADA EM PLASTICO PARA ACABA,70010
8200067074,PROTETOR DA CAIXA DE RODA PARA CARROCARI,70011
8200739488,BANDEJA DA SUSPENSAO DE VEICULO AUTOMO,70012
963017552R,ESPELHO RETROVISOR DE USO EM VEICULO,70013
272811917R,EVAPORADOR DO AR CONDICIONADO DE VEICULO,70014
963731698R,COBERTURA PLASTICA DO ESPELHO RETROVISOR,70016
8200607913,MOLDURA DE ACABAMENTO DA CARROCARIA DE V,70017
165555731R,DUTO DE ENTRADA DE AR DO MOTOR DE VEICUL,70018
208A07933R,DEPURADOR POR CONVERSAO CATALITICA,70019
8200497774,FECHADURA DA PORTA DE USO EM VEICULO AUT,70019
985706588R,BOLSA INFLAVEL DE SEGURANCA COM DISPOSIT,70020
769233432R,VEDACAO EM BORRACHA VULCANIZADA NÃO ENDU,70020
767482148R,PROTETOR PLASTICO DA CAIXA DE RODAS DA C,70020
130C13538R,CONJUNTO COM DUAS POLIAS SENDO UMA REGUL,70021
7701478200,CSUPORTE DO PARACHOQUE TRASEIRO, CONFEC,70021
233001903R,MOTOR DE ARRANQUE DE VEICULO AUTOMOVEL,70022
8200177160,VOLANTE PARA MOTOR DE VEICULO AUTOMOVEL,70022
963744011R,COQUELHA RETROVISOR EXT ESQ,70023
638746529R,PROTETOR PLASTICO DA CAIXA DE RODAS DA C,70024
175201434R,RAMPA DE INJECAO DE COMBUSTIVEL DE MOTO,70024
8200245171,MOLDURA PLASTICO DE ESPELHO RETROVISOR,70025
117203866R,CORREIA P/ ALTERNADOR DE VEIC AUTO,70026
963020484R,ESPELHO RETROVISOR PARA VEICULO AUTOMOVE,70027
119269993R,SORTIDO COMPOSTO DE POLIA TENSIONADORA,70028
210108506R,BOMBA DE ÁGUA,70028
963024532R,RETROVISEUR EXT G,70029
781149044R,CALHA DE AGUA PARA CARROCARIA DE VEICULO,70030
289100937R,BOMBA DO RESERVATORIO DE AGUA DO LIMPA,70032
215035789R,TUBO DE BORRACHA VULCANIZADA NAO ENDUREC,70032
768519908R,ACABAMENTO PLASTICO DA SOLEIRA LE DA CAR,70032
8200437032,PROTETOR TERMICO DO COLETOR DE ESCAPE PA,70032
217100015R,RESERVATORIO DE EXPANSAO DE AGUA DO SIST,70033
805020008R,FECHADURA DE METAL COMUM DA PORTA DE VEI,70034
8200699695,PROTETOR DA CAIXA DE RODAS,70035
231004671R,ALTERNADOR,70036
7711733416,APOIO DE BRAÇO,70037
7700433129,PROTETOR INT P/LAMA,70038
172028179R,MODULO DA BOMBA DE COMBUSTIVEL,70038
8200971790,CAIXA RESSONADORA DO FILTRO DE AR DO MOT,70040
963019447R,RETROVISOR EXT DIREITO,70041
963742600R,COQUILHE RETROV EXT DIR,70043
8200302853,ALAVANCA DE ACIONAMENTO DO FREIO DE,70044
924000028R,TUBO DE BORRACHA VULCANIZADA NAO ENDUREC,70044
101013580R,JOGO DE JUNTAS E RETENTORES DO CABECOTE,70045
963019902R,RETROVISEUR EXT D ELCT SONDE,70046
767483509R,PROTETOR CAIXA RODA,70047
144605225R,DUTO AR FABRICADO EM PLASTICO E BORRACHA,70048
7701068836,ESPELHO RETROVISOR DE USO NA CARROCARIA,70048
8200684227,SUPORTE DE METAL COMUM DE USO EM VEICULO,70049
8201262791,GARFO DA CAIXA DE MARCHAS DE VEICULO AUT,70050
8200589142,TUBULACAO DE RETORNO DE COMBUSTIVEL PARA,70051
263368519R,ACABAMENTO DO FAROL DE NEBLINA, EM PLAST,70052
8200120524,TUBO DE BORRACHA VULCANIZADA NAO ENDUREC,70052
210479148R,TUBO EM BORRACHA VULCANIZADA NAO ENDUREC,70053
6001547113,CACHE CAPTEUR ABS,70054
628621500R,GUIA DE ENTRADA DE AR EXTERNO PARA VEICU,70055
8200739487,BANDEJA DA SUSPENSAO DE VEICULO AUTOMO,70056
641325124R,ELEMENTO DE FECHAMENTO DA CARROCARIA DE,70057
460911146R,RESERVATORIO DE FLUIDO DO FREIO PARA VEI,70057
8200586567,BRACO DA SUSPENSAO, FABRICADO PREDOMINAN,70058
738833018R,ELEMENTO DA BARRA DE TETO PARA VEICULO A,70058
751305744R,ELEMENTO DE FECHAMENTO DA LONGARINA PARA,70059
807205118R,MECANISMO MANUAL EM METAL COMUM DE LEVAN,70059
215014674R,MANGUEIRA EM BORRACHA VULCANIZADA,70060
850762644R,MOLDURA DO PARACHOQUE DE VEICULO AUTOMOV,70061
8200735436,PROTETOR PARA CAIXA DE RODAS DE VEICULO,70064
8200904226,MANCAL SEM ROLAMENTO DO EIXO DE TRANSMIS,70065
255676689R,MÓDULO CENTRAL DE COMUTAÇÃO PRODUZIDO DE,70066
265545106R,APARELHO ELETRICO AUXILIAR PARA ILUMINAC,70068
8200150223,MANGA DE EIXO DIANTEIRO PARA VEICULO AUT,70068
112105867R,COXIM ANTIVIBRACAO E DE FIXACAO DO MOTO,70069
601980341R,OBTURADOR DO PARACHOQUE DE VEICULO AUTO,70069
8200120216,TUBO DE BORRACHA VULCANIZADA NAO ENDUREC,70070
924C70596R,TUBULACAO DO SISTEMA DE AR CCONDICIONADO,70071
8200150222,PORTE FUSEE AV G,70072
8200577918,MOLDURA LATERAL DO PARACHOQUE DE VEICULO,70073
738871932R,ACABAMENTO DO SUPORTE DE FIXACAO DA BARR,70073
243220173R,TAMPA DO PORTA FUSIVEIS DO PAINEL,70074
747618270R,PROTETOR TERMICO DO TANQUE DE COMBUSTÍVE,70075
8200400830,MANGUEIRA DE BORRACHA VULCANIZADA N,70076
302054100R,KIT DA EMBREAGEM DE VEICULO AUTOMOVEL,70078
625127235R,SUP FIX PÁRALAMA CARROCERIA P/VEÍC,70079
310320562R,BOITIER ELCQ PROGRAMME CTR TRSM AUTO,70080
288001271R,MOTOR ELETRICO DE CORRENTE CONTINUA PARA,70082
217415825R,TUBO DE SAIDA,70083
288812161R,BRACO DO LIMPADOR DE PARA BRISA DE VEIC,70084
963021647R,ESPELHO RETROVISOR DE VEICULO,70085
738874554R,PROTECAO BARRA DE TETO PARA CARROCERIA,70086
364028595R,ALAVANCA DO FREIO DE ESTACIONAMENTO PARA,70087
924100434R,TUBO DE SAIDA RADIADOR,70088
147350782R,TROCADOR DE CALOR, TUBULAR METALICO DA A,70089
261527515R,ACABAMENTO DO FAROL DE NEBLINA DO PARAC,70090
924417075R,TUYAU ENTREE CONDENSEUR CA,70090
8200755590,ARTICULACAO DO SISTEMA DA SUSPENSAO DE V,70091
130C17529R,COLEÇÃO ACESSÓRIOS (DISTRIBUIÇÃO),70091
8200526345,HASTE DE ACIONAMENTO DA TRAVA DA PORTA D,70092
909930383R,CONJUNTO DE MOLDURAS DE ACABAMENTO INTER,70093
214998005R,DEFLETOR DE AR DO RADIADOR DE VEICULO AU,70094
803310427R,GUARNICAO DE BORRACHA VULCANIZADA NAO EN,70094
6001551859,SUPORTE CENTRAL DA TRAVESSA DIANTEIRA SU,70095
625A16924R,SUPORTE DA TRAVESSA DO RADIADOR,70096
850756504R,PROTECTION LAT G BOUCLIER AR,70096
272773608R,FILTRO DO ESCAPAMENTO DE VEICULO AUTOMOV,70097
8200397653,TAMPA DE PROTEÇÃO DA RAMPA DE COMBUSTÍVE,70098
130413333R,TAMPA DO COMANDO VARIÁVEL DE VÁLVULA,70099
826703236R,SORTIDO PARA FECHADURA DA PORTA DESLIZAN,70100
540105129R,MOLA DE ACO HELICOIDAL CILINDRICA,70101
654006819R,DOBRADIÇA FABRICADA EM AÇO PARA MONTAGEM,70102
768F29935R,FRISO PAINEL LAT,70103
328007084R,EIXO FORQUILHAGARFO DA CAIXA DE MARCHAS,70104
261A39269R,MOLDURA PARA ACABAMENTO DO FAROL DE NEBL,70105
682100931R,ENJOLIVEUR D PLANCHE BORD,70106
7711733855,MOLDURA DA PORTA DIANTEIRA DA CARROCARIA,70107
788A34619R,ELARGISSEUR PASSAGE ROUE AR G,70108
963731440R,COQUELHA RETROVISOR EXT DIR,70108
924905164R,TUBULACAO DO SISTEMA DE AR CONDICIONADO,70109
808779127R,FRISO DE PORTA, FABRICADO EM MATERIAL PL,70109
248105327R,QUADRO DE INSTRUMENTOS ACOMPANHADO DE VE,70110
214989318R,DEFLETOR DE AR DO RADIADOR DE VEICULO AU,70111
8200526643,MOLDURA PLASTICA DO ARCO DA RODA DE CONE,70111
265502662R,APARELHO SINALIZACAO VISUAL, LUZES FIXAS,70112
8200285624,CABO DE ACIONAMENTO DA CAIXA DE MARCHAS,70112
802852405R,COBERTURA DE ACABAMENTO DA COLUNA PARA C,70113
828209435R,MOLDURA PLASTICA DO VIDRO DA PORTA DE VE,70114
8200246248,POLIA DA BOMBA DA DIRECAO HIDRAULICA D,70115
214761205R,DEFLETOR DE AR DO RADIADOR DE VEICULO AU,70116
924007677R,TUBO DE BORRACHA VULCANIZADA REFORCADO,70116
622515426R,FRISO CENTRAL DO PARACHOQUE FABRICADO E,70117
781D12791R,PAINEL TRASEIRO DA CARROCERIA DE VEICULO,70118
751277663R,SUPORTE DO BERCO DO MOTOR PARA CARROCERI,70119
7711733851,ELARGISSEUR AILE AR G,70120
849508125R,REVESTIMENTO DO COMPARTIMENTO TRASEIRO P,70121
240706533R,JOGO DE FIOS ELETRICOS (CHICOTE ELETRICO,70121
261A23831R,ACABAMENTO DO FAROL DE NEBLINA DO PARAC,70122
261525787R,MOLDURA DE FIX DO FAROL DE NEBLINA,70123
963731319R,COBERTURA PLASTICA DO ESPELHO RETROVISOR,70124
850420027R,SUPORTE PLASTICO DA LATERAL DO PARACHOQU,70124
7700115285,CLIPE EM ACO DE USO MULTIFUNCIONAL EM VE,70125
8200694035,CABO DA EMBREAGEM DE VEICULO AUTOMOVEL,70126
823318260R,CALHA DO VIDRO TRASEIRO LADO ESQUERDO,70127
8200207303,MANGA DE EIXO DIANTEIRO DO SISTEMA DE SU,70128
8200735139,FRISO PLASTICO DA PORTA DA CARROCARIA DE,70129
562107387R,AMORTECEDOR DA SUSPENSAO DE VEICULO AUTO,70130
963653260R,ESPELHO RETORVISOR EXT DIR,70131
140530012R,TUBO DE BORRACHA VULCANIZADA NAO ENDURE,70132
732107977R,TRAVESSA DO TETO, FABRICADA EM AÇO, COM,70133
765308847R,REFORCO DA COLUNA,70134
808206479R,PESTANA EM PLASTICO DA PORTA,70135
828775936R,FRISO PLASTICO DA PORTA PARA CARROCERIA,70136
859335436R,COBERTURA DA PASSAGEM DE RODA DO PARA CH,70137
823300099R,JUNTA DE VEDACAO EM BORRACHA VULCANIZADA,70138
908529179R,DIADEMA PUERTA DEL MALETERO D,70139
628119487R,GUIA TRAS SUP DO PARACHOQUE,70139
764587053R,CANTONEIRA DE PLASTICO PARA USO EM VEICU,70140
963025005R,RETROVISOR EXT ESQUERDO,70141
7711733856,MOLDURA DA PORTA DA CARROCARIA DE VEICUL,70141
217100005R,RESERVATORIO DE EXPANSAO DE AGUA DO SIST,70142
440113887R,CALIPER DO FREIO DE VEICULO AUTOMOVEL,70142
472109133R,ASSISTANCE M/CYL   222,70143
768F37395R,FRISO PAINEL LAT,70144
472109537R,.HIDROVACUO PARA SISTEMA DE FREIO,70144
767498804R,PROTETOR DE PLASTICO DA CAIXA DE RODA DE,70145
767495919R,PROTETOR CAIXA RODA PARA CARROCERIA DE V,70146
263314668R,TAMPA FECHAMENTO ORIFICIO FAROL NEBLINA,70147
117202245R,COLLECTION ACCESSOIRE SANS POULIE, UTILI,70147
149120886R,TUBULACAO DE RESPIRACAO DE VAPOR DE COMB,70148
165008632R,FILTRO DE ENTRADA DE AR DO MOTOR,70148
8200752789,ACABAMENTO PARA CARROCARIA DE VEICULOS A,70148
638A00585R,COBERTURA PLASTICA FECHAMENTO PARALAMAS,70149
762916813R,OBTURATEUR AILE G,70150
848107242R,ACABAMENTO DA TAMPA DO PORTA MALAS PARA,70151
266052153R,DISPOSITIVO PARA ILUMINACAO FRONTAL,70152
476608029R,UNIDADE HIDRAULICA DO FREIO ABS DE VEICU,70152
850922902R,ABSORVEDOR DE IMPACTO DO PARA CHOQUE DE,70153
562107309R,AMORTECEDOR DO SISTEMA DA SUSPENSAO DE V,70154
657719756R,HASTE PARA ABERTURA DO CAPO PARA CARROCE,70154
908513120R,FAIXA PLASTICA DA PORTA DO TRONCO DE USO,70154
266439054R,ACABAMENTO DO FAROL DE NEBLINA DO PARAC,70154
289103050R,RESERVATORIO DE AGUA DO LIMPADOR DO PARA,70154
802847028R,ACABAMENTO PLASTICO AUTOADESIVO DA COLU,70155
822312401R,GUIA DO VIDRO DA PORTA,70156
689207728R,REVESTIMENTO DIANTEIRO DO CONSOLE DA CAR,70156
165550972R,DUTO DE ENTRADA DE AR,70156
990455814R,ETIQUETA AUTOADESIVA DE POLICLERETO,70156
628206930R,GUIA DE ENTRADA DE AR DO PARACHOQUE DE,70157
8200445992,GRADE DE ENTRADA DE AR DO PARACHOQUE DE,70158
682603635R,FACADE CTL PDB,70159
172030346R,RESERV PARTIDA FRIO LOGAN/SANDERO,70159
689212660R,MOLDURA DE ACABAMENTO DO CONSOLE CENTRAL,70160
827211248R,MECANISMO EM METAL COMUM PARA ELEVACAO M,70161
392412227R,COIFA DE BORRACHA,70162
286025625R,COBERTURA DE PROTECAO EM PLASTICO DA LAM,70163
484717353R,COBERTURA DE ACABAMENTO DA COLUNA DE DIR,70163
8200081312,TAMPA DA RODA DE VEICULO AUTOMOVEL,70164
130202088R,ARVORE DE CAMES PARA COMANDO DE VALVULA,70165
8200833420,TAMPA DA RODA DE VEICULO AUTOMOVEL,70165
165789955R,TUBO DE ENTRADA DE AR DO MOTOR DE VEICUL,70166
641633193R,SUPPORT SUR CAISSE BAC BTRI PRT INF ASS,70167
243226013R,TAMPA DO PORTA FUSIVEIS DA CARROCERIA DE,70167
165788487R,DUTO PARA ENTRADA DE AR CONDICIONADO,70169
484722442R,COBERTURA DE ACABAMENTO DA COLUNA,70169
7782164226,CANTONEIRA DE FIXACAO DO FAROL PARA CARR,70170
990450497R,ETIQUETA AUTO-ADESIVA POLI CL ETIQUETA,70170
284B73110R,EX 123   CALCULADOR DE GESTAO DE ENERGIA,70170
990449940R,ETIQUETA AUTOADESIVA DE POLICLORETO,70171
8200502735,SUPORTE DO SEMI EIXO DE VEICULO AUTOMOVE,70171
768F38881R,FRISO PAINEL LAT,70172
806064162R,MACANETA EXTERNA UTILIZADA NAS PORTAS,70173
638541532R,BAVETTE PAREBOUE AV D,70174
963733501R,CAPA PLASTICA CROMADA DO RETROVISOR DE U,70175
658101892R,ELEMENTO DE VEDACAO EM BORRACHA VULCANIZ,70175
272767139R,TAMPA DO FILTRO DE AR DO HABITACULO DE V,70175
286427369R,ESGUICHO DO LIMPADOR DO FAROL DE VEICULO,70176
255671546R,SUPORTE PLASTICO DE COMANDO SOBRE VOLANT,70176
7701474854,PISTAO COM ANEIS DE SEGMENTO P,70177
963651494R,LENTE ESPELHO RETROVISOR DIREITO,70178
8200756596,PARADA ADITIVA PORTA MALS,70179
284526021R,SUPORTE PLASTICO DO SENSOR DE ESTACIONAM,70179
403155090R,MOLDURA CENTRAL EM PLASTICO POLIAMIDA (P,70179
844009783R,DOBRADICA DE METAL COMUM DA PORTA PARA V,70180
7701475009,ANEL RETENTOR,70181
822165024R,CADRE MOBILE PORTE AR D ASS,70182
687606476R,DEFLETOR DE SAIDA AR DA CARROCERIA DE VE,70183
7701045207,BRACO DO LIMPADOR DE PARABRISAS,70184
963737611R,COBERTURA PLASTICA DO ESPELHO RETROVISOR,70184
410147163R,CALIPER DO FREIO DE VEICULO AUTOMOVEL,70185
511818292R,TAMPA DO ANEL DE REBOQUE DO PARACHOQUE G,70186
828382777R,JUNTA DE BORRACHA VULCANIZADA NAO ENDURE,70187
7700836756,PORTINHOLA DE ENCHIMENTO DO TANQUE DE CO,70188
147105543R,VALVULA EGR (RECIRCULACAO DE GASES DE ES,70189
622223551R,SUPORTE PLASTICO DIANTEIRO DO PARACHOQUE,70190
283C95247R,CAIXA DE ADAPTACAO DO PAINEL DE INSTRUME,70191
628160099R,GUIA DE ENTRADA DE AR DO PARACHOQUE DE,70192
8200799672,INJECTOR DE COMUSTIVEL, VALVULA SOLENO,70193
410013037R,CALIPER DO FREIO DE VEICULO AUTOMOVEL,70194
283E88811R,COMANDO ELETRICO MULTIFUNÇÃO,70195
166301353R,BOMBA DE ALTA PRESSAO DE COMBUSTIVEL,70196
308512092R,TUBULACAO PARA SISTEMA DE EMBREAGEM HIDR,70197
850440944R,GUIA PLASTICO DE FIXACAO DO PARACHOQUE,70198
215582972R,GUIA TRAS D,70199
963733463R,COBERTURA PLASTICA DE ACABAMENTO DO ESPE,70200
8200844169,MOLA DE ACO HELICOIDAL CILINDRICA PARA U,70201
805025952R,FECHADURA DA PORTA MONTADA COM TRAVA E M,70202
905039605R,TRAVA EM METAL,70203
995451619R,CHAVE DE RODA DE USO MANUAL,70203
768J65654R,FLAP DE METAL DO ALIMENTADOR DE COMBUSTI,70204
308514165R,TUBO DE ALTA PRESSAO DA EMBREAGEM HIDRAU,70205
263895625R,SUPORTE DE PLASTICO DO SENSOR DE ESTACIO,70206
476608774R,UNIDADE DE CONTROLE HIDRAULICO DE ANTIBL,70206
8201694138,COMUTADOR ELETRICO COM CORRENTE NOMINAL,70207
8200389218,GARFODAENGRENAGEMDACAIXADEMARCHAS,70208
263361007R,TAMPA DO FAROL DE NEBLINA DO PARACHOQUE,70209
8200080750,SUP FIX TRILH PORT LAT CORRE P/VEIC,70210
172514029R,TAMPA DO TUBO DE ABASTECIMENTO DE COMBUS,70211
622359227R,CANTONEIRA DE FIXACAO DO PARA LAMAS,70212
781210085R,BOITIER PIPE CARBURANT ASS,70213
402023026R,CUBO EM ACO DA RODA DIANTEIRA, UTILIZADO,70214
625126012R,REFORCO DA MOLDURA DA CARROCARIA DE VEIC,70215
8200561420,COBERTURADACAIXADESAIDADEAGUA,70216
656030007R,CONJUNTO TRAVA ABERTURA/FECHAMENTO CAPO,70217
654004053R,DOBRADICA DE METAL COMUM DO CAPO PARA VE,70219
7701044516,ESPELHO RETROVISOR EXTERNO MUNIDO DE SUP,70220
668110012R,MOLDURA DE ACABAMENTO DO PARABRISA, DE,70221
969351563R,COIFA DE NAPA P/ ALAV DE MUDA,70222
751879378R,CANTONEIRA DA CAIXA DE RODA PARA CARROCE,70223
8200613202,TUBO INJETOR DE COMBUSTIVEL PARA MOTOR D,70224
260425752R,SUPORTE DE FIXACAO DO FAROL NA CARROCERI,70225
326104453R,SINCRONIZADOR DA CAIXA DE MARCHAS,70228
625139514R,REFORCO DA MOLDURA DA CARROCARIA DE VEIC,70230
7703041034,PARAFUSO FABRICADO EM PLASTICO POLIAMIDA,70231
8201064584,TUBO DE COMBUSTIVEL DE VEICULO AUTOMOVEL,70232
485202867R,PONTEIRA DE LIGACAO DA CAIXA DE DIRECAO,70234
631462198R,SUPORTE EM METAL COMUM DE FIXACAO,70235
828720006R,GUARNICAO DA PORTA,70236
8200531584,SUPORTE EM PLASTICO DE FIXACAO DO PARACH,70237
7711946169,PASTILHA DO SISTEMA DE FREIO DE USO EM V,70238
8201079330,VALVULA TERMOSTATICA DE EXPANSAO, ACOMPA,70239
8200191437,SUPORTE DO INJETOR DE COMBUSTIVEL EM MOT,70241
868845311R,CINTO DE SEGURANCA PARA VEICULO AUTOMOVE,70243
990442893R,ETIQUETA  AUTOADESIVA EM POLI(CLORETO DE,70245
165560884R,DUTO DO FILTRO DE ENTRADA DE AR PARA MOT,70247
826715870R,ABERTURA DE ACO DO COMANDO PLATINO DE US,70248
210455577R,TUBO DE BORRACHA VULCANIZADA,70249
511808712R,TAMPA DO ANEL DE REBOQUE DO PARACHOQUE,70250
8200522593,EMBLEMA EM PLASTICO ABS PARA IDENTIFICAC,70251
252405053R,SENSOR DE PRESSAO DE OLEO,70252
6001551888,TAMPAO PLASTICO PARA O PAINEL DA PORTA D,70252
253C73360R,SUPORTE PLASTICO DO SENSOR DE ESTACIONAM,70253
253C67851R,SUPORTE DO SENSOR DE ESTACIONAMENTO,70255
8200248821,ELECTROVANNE PURGE CANISTER,70256
8200671272,SENSOR DE PRESSAO DE OLEO,70257
985100383R,MODULO DE GERENCIAMENTO ELETRONICO PARA,70258
985101003R,MODULO DE GERENCIAMENTO ELETRONICO PARA,70258
7703027556,PINO ROSCADO DE ACO INOX,70260
8200824774,BATENTE ROTATIVO DO AMORTECEDOR DA SUSPE,70260
7700433414,APARELHO ELETRICO (LANTERNA DA PLACA DE,70261
8200735450,SUPORTE PLASTICO DE FIXACAO DO PARACHOQU,70262
440604584R,GUARNICAO DO SISTEMA DE FREIO DE USO EM,70263
253A49418R,SENSOR ELETRONICO DE ESTACIONAMENTO DE V,70264
625131225R,SUPORTE E TRAVESSA SUP FACE DIANTEIRA DA,70265
240159302R,JOGO DE FIOS ELETRICOS COM CONECTORES, I,70266
641950920R,ELEMENTO DE LIGACAO PARA CARROCARIA DE V,70267
240157772R,FIACAO ELETRICA  DO TIPO CHICOTE ELETRIC,70268
430429377R,JUNTA PARA PLATO DO EIXO TRASEIRO DE USO,70270
7701062300,VALVULA DO TIPO BORBOLETA DE USO EM VEIC,70271
828300802R,JUNTA DE BORRACHA VULCANIZADA NAO ENDURE,70272
282168130R,BASE DA ANTENA DO APARELHO DE RADIODIFUS,70273
328928486R,TRAMBULADOR PARA CAIXA DE MARCHAS,70274
117202122R,CORREIA DE TRANSMISSAO SEM FIM DE SECAO,70275
878169243R,FECHO DE METAL COM COBERTURA PLASTICA PA,70276
8200361237,MOYEU ROUE AV,70277
905120073R,CABO DE ABERTURA DO PORTAMALAS, COM PRÓ,70278
625449266R,MOLDURA DE BORRACHA DA CARROCARIA DE V,70279
924004413R,TUBO  DE BORRACHA VULCANIZADA NAO ENDURE,70281
656013455R,FECHO DE METAL COMUM DO CAPO DE VEICU,70282
430424922R,PONTA DO EIXO DA RODA DE VEICULO AUTOMOV,70283
8200419906,APARELHO ELETRICO (LUZ DE NEBLINA, FIXA),70284
825033943R,FECHADURAMETALCOMUMPORTA,70285
7711733857,BAGUETTE DE PORTE AR D,70288
306202313R,CILINDRO DA EMBREAGEM CONCENTRICA DE VEI,70289
963017421R,ESPELHO RETROVISOR EXTERNO,70290
767488965R,PROTETOR CAIXA DE RODA TRASEIRA  PARAB,70291
8200735455,SUPORTE DO PARACHOQUE TRASEIRO DE VEICUL,70292
118305765R,DECANTADOR DE OLEO PARA MOTOR DE IGNICAO,70293
963011646R,ESPELHO RETROVISOR EXTERNO,70293
963743817R,COBERTURA PLASTICA DO ESPELHO RETROVISOR,70294
306104118R,CILINDRO HIDRAULICO DE MOVIMENTO RETILIN,70295
963014968R,ESPELHO RETROVISOR EXTERNO,70297
825020011R,FECHADURA DA PORTA,70298
850108215R,PARA CHOQUE DE VEICULO AUTOMOVEL,71001
620104124X,PARACHOQUE FABRICADO EM PLASTICO PARA V,71002
620226669R,COBERTURA DO PARACHOQUE DE VEICULO AUTOM,71003
769036568R,REVESTIMENTO INTERNO DA CARROCARIA DE VE,71004
681002053R,PAINEL DE INSTRUMENTOS,71004
620220144R,PARACHOQUE DIANT DUSTER/OROCH 2015/2017,71005
620226592R,PARACHOQUE SANDERO 2020,71006
620220007R,PARACHOQUE FABRICADO EM PLASTICO PARA V,71007
625000232R,PAINEL FRONTAL, EM ACO, PARA CARROCERIA,,71008
850107945V,PARACHOQUE TRASEIRO DE USO EM VEICULO,71009
8200740820,PARACHOQUE DIANTEIRO PARA VEICULO AUTOMO,71009
850226602R,COBERT PÁRACHOQUE P/ VEÍC AUTO,71010
7711733696,ESTRIBO PLATAFORMA EXPRESS,71010
8200128611,PARACHOQUE TRASEIRO DE VEICULO AUTOMOVEL,71010
850103589S,PARACHOQUE TRASEIRO DE VEICULO AUTOMOVEL,71011
850224115R,BOUCLIER AR PASS INTM 1,71012
620222272R,PARACHOQUE (INCOMPLETO) DE VEICULO,71012
8200394563,PARACHOQUE DIANT MASTER 2010/2013,71012
850229823R,PARACHOQUE DE VEICULO AUTOMOVEL,71013
62010E061R,PARACHOQUE DIANTEIRO DE VEICULO,71014
776315781R,COLUNA PARA CARROCARIA DE VEICULO AUTOMO,71014
769270739R,PAINEL DE ACABAMENTO PARA CARROCARIA DE,71015
850229136R,PARACHOQUE TRASEIRO PARA CARROCERIA,71015
850224632R,PELE DO PARACHOQUE TRASEIRO,71016
625006894R,FACE DIANTEIRA EM METAL DE VEICULO AUTOM,71016
850220258R,PARACHOQUE (INCOMPLETO) DE VEICULO AUTO,71017
850B05364R,PELE INFERIOR DO PARACHOQ TRAS,71018
620229255R,PARACHOQUE (INCOMPLETO) DE VEICULO AUTOM,71019
620226870R,PARACHOQUE DIANTEIRO DE VEICULO,71020
620228089R,PELE DO PARACHOQUE DIANT,71021
620104894S,PARA CHOQUE P/ VEIC AUTO,71021
620109606S,PARACHOQUES DE VEICULO AUTO MOVEL,71021
620229393R,PELE DO PARACHOQUE DE VEICULO AUTOMOVEL,71022
745148973R,ASSOALHO DA CARROCARIA DE VEICULO AUTOMO,71023
264300167R,APARELHO ELÉTRICO AUXILIAR PARA ILUMINAÇ,80001
554951463R,TIRA ACUSTICA DE VEICULO AUTOMOVEL,80002
654007102R,DOBRADICA DE ACO DO CAPO DE VEICULO AUTO,80003
430423671R,PONTADOEIXOTRASEIROPARAVEICULOAUTO,80004
8200578089,COUVERCLEBOITIERSO,80004
682103939R,ACABAMENTO DO PAINEL DE INSTRUMENTOS PAR,80005
284472218R,PROTECAO DE PORTA TRASEIRA ESQUERDA,80005
631422217R,SUPORTE D0 PARA LAMAS PARA CARROCARIA DE,80006
963666685R,ESPELHO RETORVISOR EXT ESQ,80007
7703044197,PORCA ROSCADA DE ACO LIGA. COM PROCESSO,80008
226300007R,TERMISTOR CONHECIDO COMO SENSOR DE TEMPE,80008
8200531583,GUIA PLASTICO DE FIXACAO DO PARACHOQUE,80009
985106185R,DISPOSITIVO ELETRONICO PARA CONTROLE DO,80009
256202612R,APARELHO DE SINALIZAÇÃO ACÚSTICA  BUZIN,80010
7703017135,PARAFUSO PERFURANTE ROSCADO DE ACO  LIGA,80011
625643026R,SUPORTE DE METAL COMUM DO FAROL,80011
214998904R,SUPORTE DO RADIADOR PARA CARROCARIA DE V,80012
460175224R,JUNTA DE BORRACHA VULCANIZADA NAO ENDURE,80013
175204033R,FLAUTA DE ALIMENTACAO DE COMBUSTIVEL DES,80013
8200760489,SENSOR DE OXIGENIO  SONDA LAMBDA  ANAL,80014
988320120R,SENSOR REMOTO DE LEITURA DE ACELERACAO P,80015
240184825R,FIACAO ELETRICA (CHICOTE ELETRICO),80015
788300019R,TAMPA DE COBERTURA DA PORTINHOLA PARA AB,80016
7701065236,JOINTTUYAUEAU,80017
833977871R,BUCHA DE ACO  DE VEICULO AUTOMOVEL,80017
284428097R,CAMERA DE VIDEO DE AUXILIO DE ESTACIONAM,80018
7701042681,RESISTENCIA DE AQUECIMENTO DO RADIADOR D,80019
622345488R,CANTONEIRA EM METAL COMUM DE FIXACAO DO,80020
8200567414,CAPTEURARBRECAMEE,80021
166006863R,INJETOR DE COMBUSTIVEL PARA MOTOR DE IGN,80022
261603141R,APARELHO ELETRICO DE SINALIZACAO VISUAL,,80023
8200612908,RESISTENCIA DO MOTOVENTILADOR DO RADIADO,80024
206910004R,JUNTA DE ACO DO ESCAPAMENTO DE VEICULO A,80025
7703008162,PARAFUSO,80026
217412227R,TUBO EM BORRACHA VULCANIZADA NAO ENDUREC,80027
755568219R,FITA AUTO ADESIVA PLASTICA DE POLI(CLORE,80028
6001550547,BATENTE EM TERMOPLASTICO DO EIXO DA TRAN,80029
264009618R,LÂMPADA LED DE PROJEÇÃO NA PORTA,80029
8200142677,ROLAMENTO DE ESFERAS, DE ROLETES CILINDR,80030
8200245034,RESERVATORIO LIQUIDO,80031
8200599554,ARTICULATION INF PORTE LAT,80033
8201743167,ENGRENAGEM DA CAIXA DE MARCHAS,80034
806B04979R,PUXADOR DA PORTA PARA CARROCARIA DE VEIC,80034
284522845R,SUPORTE FIXADOR DE PLASTICO PARA SER UTI,80035
440A00992R,PINO DO CALIPER DO FREIO PARA VEICULOS A,80036
208157209R,SENSOR DE PRESSAO DE GAS DO ESCAPE DE VE,80037
7703602309,PARAFUSO NAO PERFURANTE ROSCADO DE ACO L,80038
440115917R,ESTRIBO DO FREIO DE VEICULO AUTOMOVEL,80039
226A49071R,SENSOR DE OXIGENIO  SONDA LAMBDA  ANAL,80040
802854222R,ETIQUETA PLASTICA AUTOADESIVA,80041
7701478188,MACANETA PLASTICA DA PORTA PARA VEICULO,80041
824300321R,DOBRADICA DA PORTA DE VEICULO AUTOMOVEL,80042
241240422R,JOGO DE FIOS ELETRICOS COM CONECTORES, I,80043
265859064R,REFLETOR DE PLASTICO DE SEGURANCA TRASEI,80044
485202710R,HASTE DE LIGACAO DO SISTEMA DE DIRECAO D,80045
687603160R,SAIDA INTERNA VENTILACAO AR CONDICIONADO,80045
6001548160,COXIM DE BORRACHA VULCANIZADA NAO ENDURE,80046
806078119R,SUPORTE PLASTICO DO RETROSIVOR INTERNO D,80046
265604000R,REFLETOR PLASTICO NAO ELETRICO PARA SINA,80047
744639569R,SOLEIRA PARA CARROCARIA DE VEICULO,80048
908897200R,EMBLEMA PLASTICO PARA VEICULO AUTOMOVEL,80049
265805539R,REFLETOR DE PLASTICO DE SEGURANCA TRASEI,80050
963652705R,ESPELHO RETROVISOR PARA VEICULO AUTOMOVE,80050
254219443R,INTERRUPTORES ELETRICOS PARA COMANDO DOS,80051
240151854R,FIACAO ELETRICA (CHICOTE ELETRICO),80051
8200805558,JUNTA DE VEDACAO EM ACO  DA MONTAGEM TUR,80052
888225444R,FIVELA DO CINTO DE SEGURANCA,80053
237310300R,SENSOR DE PONTO MORTO DO MOTOR DE VEICUL,80054
208993839R,VALVULA SOLENOIDE DO SISTEMA DE INJECAO,80055
656225059R,GANCHO EM PLASTICO DE ABERTURA DO CAPO D,80055
777640623R,GUIA DO TRILHO DA PORTA CORREDICA, EM,80056
572218082R,SUPORTE EM ACO GALVANIZADO, PARA FIXACAO,80057
6001551365,INTERRUPTOR ELETRICO PARA COMANDO DOS FA,80058
960333581R,DEFLETOR DO AEROFOLIO PARA CARROCERIA DE,80058
8200291355,VALVULA REGULADORA DO RESPIRO DO OLEO DE,80059
263890881R,COLLECTION BAGUE CAPTEUR AIDE PARKING,80060
265105055R,LUZ DA PLACA TRASEIRA DE VEICULO AUTOMOV,80061
960323726R,DEFLETOR DO AEROFOLIO PARA CARROCERIA DE,80062
7700836314,RES DESIDRAT GAS AR COND P/VEIC,80063
829606755R,MOLDURA DE ACABAMENTO DO PUXADOR DA PORT,80063
809607137R,COBERTURA PLASTICA DO PUXADOR DA PORTA,80064
8200269150,ENGRENAGEM TIPO PINHAO DA CAIXA DE MARCH,80066
6001549717,ESPELHO DO RETROVISOR PARA USO EM VEICUL,80067
684937116R,SUPORTE DO INTERRUPTOR PARA CARROCARIA D,80068
8200696148,ANEL DE SEGMENTO DA JUNTA DE VEDACAO,80068
572118927R,TRALHA DE SUPORTE DO ESTEPE PARA CARROCA,80069
7701479043,BOMBA DAGUA PROPRIA PARA ARREFECIMEN,80070
460117430R,CILINDRO MESTRE DO FREIO DE VEICULO AUTO,80071
8201088953,POLIA DA BOMBA DA DIRECAO HIDRAULICA D,80072
7701478977,ANEL SINCRONIZADOR,80073
8201744363,APARELHO ELETRONICO DE SINALIZACAO ACUST,80074
110564511R,PARAFUSO FLANGEADO EM ACO LIGA, TRATAMEN,80075
286412997R,ESGUICHO DO LIMPADOR DO FAROL DE VEICULO,80077
963740135R,COBERTURA DE PLASTICO DO ESPELHO RETROVI,80077
8200052586,EMBLEMA PLASTICO DA CARROCARIA DE VEICUL,80077
641314334R,ELEMENTO PARA CARROCARIA DE VEICULO AUTO,80078
963666526R,MIROIR RETROVISEUR EXT G,80078
112201332R,COXIM DE BORRACHA VULC NAO ENDUR,80079
6001547889,SUPORTE DE FIXACAO DO FEIXE DA SUSPENSAO,80080
164460369R,TUBO DE COMBUSTIVEL,80080
226306024R,TERMISTOR DOTADO DE ENVOLUCRO E CONECTOR,80081
8200762162,ELETROVALVULA(SOLENOIDE),80082
969354385R,COIFA DA ALAVANCA DE VELOCIDADE,80082
432106434R,ROLAMENTO DE ROLETES CONICOS DE CARGA RA,80083
755576916R,FITA AUTO ADESIVA PLASTICA DE POLI(CLORE,80084
739412328R,ALCA DE PLASTICO DO TETO DE VEICULO AUTO,80085
6040220962,ROLAMENTO DE USO EM VEICULO AUTOMOVEL,80085
8200557644,PARAFUSO NAO PERFURANTE ROSCADO DE ACO L,80085
739414597R,ALCA DE PLASTICO DO TETO DE VEICULO AUTO,80086
628908921R,EMBLEMA FABRICADO EM PLASTICO ABS PARA,80087
402107935R,ROLAMENTO DE ESFERAS DE CARGA RADIAL,80088
874B14945R,MANOPLA LATERAL EM PLASTICO DE MOVIMENTA,80088
442089777R,ALAVANCA DO FREIO PARA VEICULO AUTOMOVEL,80089
284B18768R,MODULO DE CONTROLE DE BORDO PARA VEICULO,80090
687519681R,AERADOR ESQ,80090
628170767R,MOLDURA DE ACABAMENTO FABRICADA EM PLAST,80091
261A36499R,ACABAMENTO DO FAROL DE NEBLINA DO PARAC,80092
8200564596,ANEL PLASTICO DA FECHADURA DA PORTA DE V,80093
755575745R,ELEMENTO DE FECHAMENTO DA CARROCARIA DE,80094
8201263901,SENSOR DE ESTACIONAMENTO DE VEICULO,80095
908894649R,EMBLEMA PLASTICO PARA VEICULO AUTOMOVEL,80096
110605992R,TUBO DE BORRACHA VULCANIZADA NAO ENDUREC,80097
822343455R,GUARNICAO DA PORTA TRAS DIR,80098
130C16661R,KIT DA CORRENTE DE DISTRIBUICAO DE VEICU,80099
654013159R,DOBRADIÇA FABRICADA EM AÇO PARA MONTAGEM,80100
908906892R,EMBLEMA TRASEIRO, CONFECCIONADO EM MATER,80101
7711733865,CAMERA DE RE UNIVERSAL,80102
150106249R,BOMBA DE OLEO LUBRIFICANTE PARA MOTOR,80102
264104893R,APARELHO ELETRONICO DE ILUMINACAO (LUZ D,80103
988338524R,SENSOR DE COLISAO PARA APLICACAO EM SIST,80104
8200431144,CUBO SINCRONIZADOR DA CAIXA DE MARCHAS,80105
460111938R,CILINDRO MESTRE DO FREIO DE VEICULO AUTO,80106
822836608R,ETIQUETA PLASTICA AUTOADESIVA,80106
7701209829,GANCHO DE METAL COMUM DO FECHO DA TAMPA,80107
628107790R,GUIA DE ENTRADA DE AR DO PARACHOQUE DE V,80108
241635576R,JOGO DE FIOS ELETRICOS (CHICOTE ELETRICO,80109
990437867R,ETIQUETA AUTOADESIVA DE POLICLERETO,80110
7717000005,JOGOS DE FIOS ELETRICOS COM CONETORES I,80110
4114720256,CABO ADAPTADOR OBD,80111
173428889R,ANEL BORRACHA DE VEDACAO DO TANQUE,80112
7701478088,ANEL DE SINCRONISMO,80112
120335489R,ANEIS DE VEDACAO PARA REPARACAO DE USO E,80113
479106473R,SENSOR (GERADOR DE SINAIS) PARA FREIO AB,80113
668925377R,ESPUMA DE VEDACAO PARA CARROCARIA DE VEI,80114
226800472R,SENSOR DE FLUXO DE AR DE USO EM VEICULO,80114
625129561R,SUPORTE DA TRAVESSA DA FACE DIANTEIRA DA,80115
822178033R,CADRE MOBILE PORTE AR G ASS,80115
8200820554,PESCADOR DE OLEO PARA MOTOR DE IGNICAO P,80116
122791HC0A,JUNTAS DE BORRACHA,80116
807606968R,MANIVELA DE PLASTICO, PARA ABERTURA E FE,80117
7700302762,TAMPA DA CALOTA DA RODA DE VEICULO AUTOM,80117
397410151R,PROTETOR DA SAPATA DO SEMI EIXO DE TRANS,80118
8201712791,CORREIA DE TRANSMISSAO DE BORRACHA VULCA,80119
8200876298,BATENTE DE BORRACHA,80119
472125798R,JUNTA DE PAPEL, DE VEDACAO DO ADAPTADOR,80120
788127344R,PARALAMA EM TERMOPLASTICO VULCANIZADO (,80121
873334348R,UNIDADE DE DETECCAO DE OCUPANTE (NPP) CO,80122
7700108034,GUIA DO PINHAO DO TACOMETRO DA CAIXA DE,80123
8200497521,MODULO PLASTICO DE COMANDO EXTERNO,80123
623822593R,FRISO DA GRADE DO RADIADOR,80124
149566215R,F3ELECTROVALVULAK9,80126
122797403R,JUNTA DE BORRACHA VULCANIZADA NAO ENDURE,80127
755564844R,ELEMENTO DE FECHAMENTO DA CARROCARIA DE,80127
233002654R,MOTOR DE ARRANQUE PARA MATOR DE IGNICAO,80128
625540005R,CANTONEIRA DE FIXACAO DA PARTE DIANTEIRA,80129
8201088951,POLIA DA BOMBA DA DIRECAO HIDRAULICA D,80129
410271822R,SUPORTE DE METAL COMUM DE PASTILHA,80130
985107132R,DISPOSITIVO ELETRONICO PARA CONTROLE DO,80131
822731391R,PESTANA DE BORRACHA VULCANIZADA NAO ENDU,80131
995454816R,CHAVE DE PORCA MANUAL COM ABERTURA FIXAC,80133
963659549R,MIROIR RETROVISEUR EXT D,80133
226938207R,SENSOR DE OXIGENIO AUTOMOTIVO,80134
8201163278,MOD ELET CONTROL AIRBAG P/VEÍC,80135
8200945035,ENGRENAGEM DO VIRABREQUIM DE VEIC AUTO,80135
7701475351,GRADE DE ENTRADA DE AR DO PARACHOQUE DE,80136
210510501R,POLIA DA BOMBA,80137
668226391R,COBERTURA DA GRADE DA CARROCARIA DE VEIC,80137
265908613R,APARELHO ELETRICO DE SINALIZACAO VISUAL,80138
8200533915,CONECTOR ELETRICO PARA TENSAO NAO SUPERI,80139
123030586R,POLIA DO AMORTECEDOR VIBRABREQUIM,80140
8200660882,VALVULA DE EXPANSAO TERMOSTATICA PARA,80140
905706540R,BATENTE DE METAL COMUM DA TAMPA DO PORTA,80141
484713121R,COBERTURA DE ACABAMENTO DA COLUNA DE DIR,80141
8200772985,VANNETHERMOSTATI,80142
7700424535,ALTO FALANTE NAO MONTADO EM SEU RECEPTAC,80143
824304687R,LIMITADOR EM METAL COMUM, DA PORTA PAR,80143
806066431R,MACANETA DE PLASTICO DA PORTA,80144
165765213R,DUTO AR FABRICADO EM PLASTICO E BORRACHA,80144
227905433R,SENSOR DE OXIGENIO PARA MEDICAO DE GASES,80145
256102918R,APARELHO DE SINALIZACAO ACUSTICA (BUZINA,80145
165553737R,DEFLETOR DE AR DO RADIADOR DE VEICULOS A,80146
806061345R,MACANETA DE PLASTICO PARA VEICULO AUTOMO,80146
243454838R,PROTETOR PLASTICO PARA USO EM VEICULO AU,80147
7750309028,SUPORTE DO PARALAMA PARA CARROCARIA DE V,80148
8200800515,COBERTURA DE PLASTICO DO SUPORTE DA BARR,80149
122075334R,BRONZE DO VIRABREQUIM DO MOTOR COM DIAME,80149
151988927R,TUBULACAO DE RETORNO DO OLEO PARA USO EM,80150
241632162R,JOGO DE FIOS ELETRICOS (CHICOTE ELETRICO,80151
265659019R,REFLETOR (CATADIOPTRICO) DA CARROCARIA D,80152
8201022396,JUNTA DE BORRACHA VULCANIZADA NAO ENDURE,80153
261605JH0A,LAMPADA INDICADORA DE MANOBRA (SETA) PAR,80154
256105241R,APARELHO ELETRICO DE SINALIZACAO ACUSTIC,80155
305702737RK4,CILINDRO DE ACIONAMENTO HIDRAULICO,80155
226405244R,TERMISTORDOTADODEINVOLUCROECONECTOR,80156
117206170R,SORTIDO COMPOSTO POR POLIA DE ROLAMENTO,80157
990452600R,ETIQUETA PLASTICA AUTOADESIVA DE POLI(C,80158
8201744365,APARELHO ELETRONICO DE SINALIZACAO ACUST,80159
924800018R,TUBO DE ALUMINIO COM CLAD, PARA APLICACA,80159
562108732R,AMORTECEDOR DO SISTEMA DE  SUSPENSAO DE,80159
985100419R,AIR BAG CONDUTOR,80160
110606001R,TUBO DE BORRACHA VULCANIZADA,80161
682649416R,TAMPA DO ACENDEDOR DE CIGARROS DA CARROC,80161
217103773R,RESERVATORIO PARA LIQUIDO DE ARREFECIMEN,80162
150A06727R,KIT DA BOMBA DE OLEO LUBRIFICANTE  COM T,80163
8200735135,FRISO PLASTICO DA PORTA DA CARROCARIA DE,80164
465031874R,PEDALDAEMBRAGEM,80165
868842310R,CINTO DE SEGURANCA DE VEIC AUTO,80166
208853765R,VALVULA SOLENOIDE COM CORPO EXTERNO DE P,80167
8200019087,ENGRENAGEM PINHAO DA CAIXA DE MARCHAS DE,80168
939A45976R,ACABAMENTO DA TAMPA DA CACAMBA DE VEICUL,80169
6001548866,MANGA DO EIXO DA RODA DE VEICULO AUTOMOV,80169
767489771R,PROTETOR CAIXA RODA PARA CARROCERIA DE V,80170
641119563R,REFORCO DA COLUNA INFERIOR DIANTEIRA DA,80171
288902386R,PALHETA DO LIMPADOR DE PARABRISA DE USO,80172
497173700R,TUBULACAO DE ALIMENTACAO DA COLUNA,80173
149507892R,CANISTER RESERVATORIO PARA ARMAZENAR VAP,80174
628903073R,EMBLEMA PLASTICO DA CARROCERIA,80175
8200916748,SENSOR DE TEMPERATURA DE VEICULO AUTOMOV,80176
289132889R,ANELRETENTORBORRACHACOMARMADURAMETA,80177
6001547048,TUBO DE BORRACHA E SEM ACESSORIOS,80178
8200295074,ANEL NAO ROSCADO DE ACO,80179
8201129837,JUNTA EM ACO DE USO EM VEICULO AUTOMOVEL,80180
622223474R,SUPORTE DIREITO PARACHOQUE DIANTEIRO,80181
8200026371,ROLAMENTO DE AGULHAS DA CAIXA DE MARCHAS,80182
806708506R,PUXADOR DE PORTA INTERNO INJETADO EM PP,80183
8200068744,JUNTA DE VEDACAO MECANICA, UTILIZADA EM,80183
8201108332,HAST LIG SIST DIREÇÃO P/VEÍC,80184
289307214R,BICO ASPERSOR PARA LIMPADOR DE PARABRIS,80184
8200957874,APARELHO ELETRICO (LANTERNA DA PLACA DE,80185
226902746R,SENSOR DE NOX P/ MEDICAO DE GASES,80185
908891360R,EMBLEMA PLASTICO PARA VEICULO AUTOMOVEL,80185
479009767R,SENSOR DE VELOCIDADE (GERADOR DE SINAIS),80186
8200939873,GRAMPO MANUTENCAO,80187
924801852R,TUBULACAO P/ SIST AR CONDIC P/VEIC,80187
8200480127,APARELHO ELETRICO (LUZ FIXA) DE ILUMINAC,80188
130851723R,GUIA DA CORRENTE DE DISTRIBUICAO,80189
8200484897,EMBLEMA EM PLASTICO ABS PARA IDENTIFICAC,80190
939A53235R,ACABAMENTO PLASTICO DA TAMPA DA CACAMBA,80191
620936395R,ABSORVEDOR DE IMPACTO DO PARA CHOQUE,80191
543A00300R,BATENTE DO AMORTECEDOR DA SUSPENSAO DE V,80192
280211028R,APARELHO DE RADIODIFUSAO COMBINADO COMUM,80193
963732066R,COBERTURA PLASTICA DO ESPELHO RETROVISOR,80194
963732329R,COQUILHE RETROV EXT ESQ,80195
460117726R,CILINDRO MAESTRO FRENO,80196
623857618R,MOLDURA DE ACABAMENTO DA GRADE DO RADIAD,80197
7711733858,BAGUETTE DE PORTE AR G,80198
215015685R,MANGUEIRA DE BORRACHA VULCANIZADA NAO EN,80199
149504085R,ABSORVEDOR DE VAPOR DO TANQUE,80200
215014669R,TUBO DE BORRACHA VULCANIZADA NAO ENDUREC,80201
215017281R,TUBO DE BORRACHA VULCANIZADA NAO ENDUREC,80202
7717097946,DIG AUTOMATIZADOR RENAULT,80203
240152960R,FIACAO ELETRICA (CHICOTE ELETRICO),80204
6001550843,SUPORTE EM METAL DA LAMPADA DA CARROCARI,80205
215015155R,TUBO DE BORRACHA EPDM VULCANIZADA NAO EN,80205
960160002R,SUPORTE PLASTICO DO PARACHOQUE DIANTEIRO,80206
543A05333R,COLLECTION BUTEE SUSPENSION AV,80207
8201571368,COIFA DE BORRACHA VULCANIZADA NÃO ENDU,80208
8200376373,PARAFUSO EM ACO LIGA TRATAMENTO TERMICO,80209
908954321R,EMBLEMA PLASTICO PARA CARROCARIA DE VEIC,80210
7703074513,OBTURADOR,80212
8200397125,CORRENTE DE TRANSMISSAO DE ACO,80212
788732812R,MLDGLH BODY SIDE,80213
978184210R,ETIQUETA PLASTICA AUTO ADESIVA PVC,80214
8200257684,COBERTURA DO APARELHO DE SINALIZACAO VIS,80215
8200349523,CLIP PLASTICO PARA FIXAÇAO DO CAPO DE VE,80216
7700103946,JUNTA DE BORRACHA VULCANIZADA NAO ENDURE,80217
7703002694,PARAFUSO FLANGEADO M12 EM ACO LIGA (C: 0,80218
285910001R,TRANSPONDER DE COMUNICACAO POR RADIOFREQ,80219
115609451R,GICLE / BICO DE RESFRIAMENTO DO PISTAO,,80219
110675590R,CAIXA DE CONTROLE DE PREPOSAQUECIMENTO,80220
806013168R,FECHADURA PORTA DIANT ESQ,80220
8200350037,ANEL SINCRONIZADOR,80221
7703102178,PARAFUSO FLANGEADO EM ACO LIGA, TEMPERA,80221
8200633254,CANTONEIRA PLASTICA DA PORTA DE VEICULO,80222
908929756R,EMBLEMA EM PLASTICO (ABS) PARA IDENTIFIC,80223
401586619R,PARAFUSO DE ACO ROSCADO DE USO EM VEICUL,80224
7701049488,ANEL DE VEDACAO DE BORRACHA VULCANIZADA,80225
253312543R,ACENDEDOR ELETRICO PARA VEICULO AUTOMOVE,80226
745874075R,RENFORT FIX ROUE SECOURS ASS,80227
166848796R,TUBULACAO DO SISTEMA DE COMBUSTIVEL,80228
7702266007,LÂMPADA TORPEDO 5W6,80229
240805415R,CONDUTOR ELETRICO MUNIDO DE PECAS,80229
7700817027,EMBLEMA PLASTICO DA CARROCARIA DE VEICUL,80230
8200177921,FUSIVEL PARA TENSAO INFERIOR A 1.000V DE,80231
804010018R,DOBRADICA EM ACO DA PORTA TRASEIRA ESQUE,80231
990457624R,ADESIVO PLASTICO POLI(CLORETO DE VINILA),80233
768522323R,GUARNICAO PLASTICA DA SOLEIRA DA PORTA D,80234
7703088109,BATENTE DE BORRACHA,80234
206511336R,ALMOFADA DE SUSPENSAO DE ESCAPE DE USO E,80235
7703102043,PARAFUSO FLANGEADO, EM ACO LIGA, TEMPERA,80236
260306529R,SOQUETE DA LAMPADA DE VEICULO AUTOMOVEL,80236
7782056282,SUPORTE DE FIXACAO DO PARALAMA DA CARROC,80237
7701473571,PARAFUSO EM ACO LIGA TRATAMENTO TERMICO,80238
8200276359,CONTACTOR DE EMBREAGEM,80240
7700414988,INTERRUPTOR ELETRICO PARA TENSAO DE 12V,80240
7703006354,PARAFUSO NAO PERFURANTE ROSCADO DE ACO L,80241
217464725R,GRAMPODEACOPARAFIXACAO,80242
7700103945,ANEL EM BORRACHA VULCANIZADA DE VEDACAO,80242
622217286R,SUPORTE DO PARACHOQUE,80243
115600494R,ESQUICHO REFRIGERAMENTO PISTAO,80244
8200135215,ROLAMENTO DE AGULHAS EM ACO DE USO EM VE,80245
7700103945,ANEL EM BORRACHA VULCANIZADA DE VEDACAO,80246
978182517R,ETIQUETA PLASTICA DE RECOMENRAÇÃO AUTO A,80248
7703079631,GRAMPO SUPORTE,80249
8200901071,BAINHA NAO ROSCADA DE ACO DE FIXACAO DO,80251
8200668500,CAPTEURREGIMEMOTEUR,80252
122970030R,SUPORTE DE FIXACAO DO RETENTOR DE VEDACA,80253
828313088R,JUNTA PLASTICA DO VIDRO DA PORTA DE VEIC,80254
908926485R,EMBLEMA PLASTICO DA CARROCARIA DE VEICUL,80255
8200609542,TAMPAO PLASTICO DO RESERVATORIO DE AGUA,80255
7700846208,ADAPTADOR DE PLASTICO MULTIUSO PARA VEIC,80256
906019699R,ANEL PLASTICO DA TRANCA PO PORTA MALAS D,80257
323728845R,ENGRENAGEM INTERNA DA CAIXA DE MARCHA DE,80258
908922537R,EMBLEMA EM PLASTICO ABS PARA IDENTIFICAC,80259
8200747038,PRESILHA DE ACO PARA FIXACAO DE USO EM,80260
8200639129,PARAFUSO PRISIONEIRO M14, EM ACO LIGA, T,80261
112320166R,SUPORTE EM ALUMINIO DE MONTAGEM DO MOTOR,80263
7703033210,PORCA FLANGEADA M12 EM ACO LIGA, TEMPERA,80264
561469760R,PORCA ROSCADA HEXAGONAL DE ACO LIGA COM,80264
990B24958R,ETIQUETA PLASTICA AUTOADESIVA,80265
252616269R,INTERRUPTOR ELETRICO PARA ACIONAMENTO DA,80266
322045372R,ANEL DE TRAVAMENTO, NAO ROSCADO, EM ACO,80267
7703101627,PARAFUSO NAO PERFURANTE ROSCADO DE ACO L,80267
322045241R,ANEL DE TRAVAMENTO, NAO ROSCADO, EM ACO,80268
852748218R,VEDADOR DE BORRACHA PARA PARACHOQUE,80269
825959753R,PINO TRAVA DE PORTA,  FABRICADO EM MATER,80270
909301818R,CACHE GACHE HAYON,80271
135653299R,COBERTURA DO CANISTER DE OLEO DO MOTOR D,80272
284H44132R,SUPORTE PLASTICO DO SENSOR DE ESTACIONAM,80273
7703015203,PARAFUSO DO TIPO PRISIONEIRO M8 EM ACO L,80274
8200673745,MANIVELA DE PLASTICO MECANISMO DE LEVANT,80274
806067380R,MACANETA EXTERNA UTILIZADA NAS PORTAS,80275
226A03BR0A,CAPTEUR OXYGENE,80276
621366968R,SUPORTE EM ACO PARA FIXACAO DE USO EM VE,80277
762587301R,SUPORTE BATENTE,80278
7700108973,ACOPLAMENTO DO EIXO DA BOMBA DE VEICULO,80278
906062102R,REVESTIMENTO PLASTICO DE COMANDO DE ABER,80279
322045773R,ANEL DE TRAVAMENTO, NAO ROSCADO, EM ACO,80280
846107688R,ALAVANCA ABERTURA TAMPA TANQUE COMBUSTIV,80281
208177359R,SUPORTE EM ACO PARA MONTAGEM DO CONVERSO,80282
7703002747,PARAFUSO NAO PERFURANTE ROSCADO,80283
253256730R,INTERRUPTOR ELETRICO COM TENSAO DE 12 V,80283
260422144R,PONTET EQUERRE INDEXAGE PROJECTEUR D,80284
7700438092,EMBLEMA PLASTICO DA CARROCARIA DE VEICUL,80284
654009401R,DOBRADIÇA FABRICADA EM AÇO PARA MONTAGEM,80285
110565986R,PARAFUSOSDEACO,80286
964005726R,GANCHODEPLASTICODASOMBREIRA,80287
7703602318,PARAFUSO DE ACO M1050 1  SA3GS,80288
8200276850,JUNTA DE BORRACHA VULCANIZADA NAO ENDURE,80289
828300834R,JUNTA PLASTICA DO VIDRO DA PORTA DE VEIC,80300
8200926485,CONJUNTO MONTADO DO BICO INJETOR DO REFR,80301
668221905R,OBTURADOR PLASTICO DA GRADE DO CAPO,80301
8200696701,BASE DA ANTENA DE APARELHO RECEPTOR DE R,80302
990802311R,INSCRIPTION PRECONISATION UTILISATEUR,80303
130200296R,ARVORE DE CAMES PARA COMANDO,80304
924403876R,TUBULACAO RIGIDA FABRICADA EM ALUMINIO A,80305
8200303298,AMORTISSANT MAGNETIQUE PAVILLON,80305
284458963R,SENSOR DO MEDIDOR DE COMBUSTIVEL DE USO,80306
938K48786R,SUPORTE EM PLASTICO DO ACABAMENTO DA TAM,80306
964010013R,PARA SOL ESQ,80307
806712607R,COMANDO ABERTURA INT PORTA ESQ,80308
8200022613,ENGRENAGEM DA CAIXA DE MARCHAS DE VEIC,80308
765C51085R,INSONORISANT PIED MILIEU,80309
255509263R,RELE ELETROMECANICO 12V DE VEI,80310
8200730608,COBERTURA EM PLASTICO DA MACANETA DA POR,80311
8200392683,POLIA ESTRIADA,80312
809543514R,TAMPA PLASTICA EM ABS (ACRILONITRILA BUT,80313
161A00161R,VALVULA DO TIPO BORBOLETA DE ADMISSAO,80313
805036339R,FECHADURA EM METAL COMUM DA PORTA DE VEI,80314
265656387R,REFLETOR (CATADIÓPTRICO) DO PARACHOQUE,80315
440A08534R,EIXO GUIA  DO FREIO P/ VEIC AUTO,80316
402101554R,ROLAMENTO DE ESFERAS DE CARGA AXIAL PARA,80317
806067028R,MACANETA EXTERNA UTILIZADA NAS PORTAS,80318
285901934R,MODULO PARA TRANSMISSAO DADOS BLUETOOH,80318
217414411R,TUBO DE SAIDA,80320
7717070074,APARELHO ELETRICO DE LUZ AMBIENTE PARA I,80324
237101470V,MODULO ELETRONICO DE CONTROLE AUTOMATICO,80325
288902036R,PALHETA DO LIMPADOR DE PARABRISA DE USO,80326
175122628R,TUBO DE RETORNO DE COMBUSTIVEL DE VEICUL,80327
8200270281,ENGRENAGEM PINHAO DA CAIXA DE MARCHAS,80329
8201744364,APARELHO ELETRONICO DE SINALIZACAO ACUST,80330
460113705R,MATRIZ CILINDRO DE FRENAGEM,80331
7702295871,ELEMENTO FILTRANTE DE AR DO SISTEMA AR C,80332
285906306R,APARELHO TRANSMISSOR E RECEPTOR DE DADO,80333
123112103R,VOLANTE MOTOR,80334
243121471R,COBERTURA DA CAIXA DE RELES E FUSIVEIS E,80334
6040221349,SUPORTE EM ACO PARA FIXACAO DE ELEMENTOS,80335
8200803945,JUNTA METALICA DE MONTAGEM DO,80335
628909814R,EMBLEMA FABRICADO EM PLASTICO ACRILONITR,80336
328085446R,GARFO DA CAIXA DE MARCHAS DE VEICULO AUT,80337
676005367R,ELEMENTO DE LIGACAO DA COLUNA DA CARROCE,80338
963747626R,COBERTURA PLASTICA DO RETROVISO EXTERNO,80338
687600237R,DIFUSOR DE AR DO PAINEL DE INSTRUMENTOS,80339
908909899R,EMBLEMA FABRICADO EM MATERIAL PLÁSTICO,,80340
807209838R,MECANISMO PARA REGULAGEM DE POSIÇÃO DO V,80341
8200310867,JUNTA DE ACO ESTAMPADA DO COLETOR DE E,80342
8200120523,TUBO DE BORRACHA VULCANIZADA NAO ENDUREC,80342
562105734R,AMORTECEDOR DA SUSPENSAO DE USO EM VEICU,80343
828775458R,BAGUETE DE PORT TRAS ESQ,80344
6001551331,TRAVESSA  DE USO MULTIFUNCIONAL DA CARRO,80345
8200331491,TAMPA DO CABECOTE DO MOTOR DE IGNICAO PO,80346
545006623R,BRACO DA SUSPENSAO DE VEICULO AUTOMOVEL,80347
7701478235,JG GUARNIÇÃO PLÁSTICA PBRISA AUTO,80348
149110422R,TUBULACAO RIGIDA COM FORMATO PROPRIO PAR,80349
801D17784R,ABSORVEDOR DE IMPACTO PARA CARROCERIA DE,80349
7701478482,PISTAO COM ANEIS PARA MOTOR IGNICAO CE,80350
850934565R,ABSORVEDOR DE IMPACTO DO PARA CHOQUE DE,80351
806215383R,COMANDO DE ABERTURA E,80351
7701478550,ANEL RETENTOR DE BORRACHA VULCANIZADA NA,80352
908898600R,EMBLEMA DE PLASTICO DE USO MULTIFUNCIONA,80352
622211624R,SUPORTE LATERAL PARA FIXACAO DO PARACHOQ,80353
908954235R,EMBLEMA PLASTICO DA CARROCARIA DE VEICUL,80354
7700719666,JUNTA EM BORRACHA VULCANIZADA NAO ENDUER,80355
873313315R,ACABAMENTO DA ESTRUTURA DO BANCO,80355
995451266R,CHAVE DE PORCA P/ USO VEIC AUTO,80355
130208342R,ARBRECAMEECHAPPEMENTASS,80356
7711734356,MODULO ELETRONICO PARA AUXILIO ESTACIONA,80357
654012161R,DOBRADICA DE ACO DO CAPO DE VEICULO AUTO,80358
287902394R,BALAI ESSUIE VITRE AR,80359
140361015R,JUNTA METALOPLASTICA DO ESPACAPE DE VEIC,80360
668119349R,ACABAMENTO DA GRADE PARA CARROCERIA,80361
217411947R,TUBO DE ENTRADA DO RESERVATORIO,80362
288815722R,BRACO LIMPADOR DO PARABRISA DE USO EM VE,80363
400149448R,MANGA DO EIXO PARA VEICULO AUTOMOVEL,80365
214943706R,DEFLETOR DE AR DO RADIADOR DE VEICULO AU,80365
214770005R,DEFLETOR DE AR DO RADIADOR DE VEICULO AU,80366
208158341R,TUBULACAO COM FORMATO PROPRIO PARA O SEN,80367
828651528R,COBERTURA PLASTICA DA PORTA DE VEICULO A,80368
8200164412,TUBULACAO COM FORMATO PROPRIO EM PLASTIC,80368
924400639R,TUBO DO AR CONDICIONADO DE VEICULO AUTOM,80369
214777461R,DEFLETOR INFERIOR DE AR DO RADIADOR DE V,80370
828654253R,COBERTURA PLASTICA DE ACABAMENTO INTERNO,80371
808655313R,COBERTURA PLASTICA DE ACABAMENTO INTERNO,80372
6001546796,APARELHO ELETRICO (LUZES FIXAS ) DE SINA,80373
755233786R,ALLONGE LONGERON AR G,80373
130209313R,ARVORE DE CAMES PARA COMANDO DE VALVULAS,80373
802178443R,CADRE MOBILE PORTE AV G ASS,80374
8200889753,CONDUITGAZECHPECHANG.VANNERGE2,80375
738334640R,COBERTURA DO SUPORTE DA BARRA DE TETO,80375
638309813R,PROTETOR DA CAIXA DA RODA PARA CARROCARI,80376
682605480R,FACADE CTL PDB,80376
768192827R,FRISO LATERAL EM PLASTICO DA CARROCARIA,80378
8200452016,CORPO DE BORBOLETA,80379
628119319R,GUIA DE AR DO PARA CHOQUE DE VEICULO AUT,80380
391005611R,SEMI EIXO DA TRANSMISSAO DE VEICULO AUTO,80380
265855239R,APARELHO ELETRICO DE SINALIZACAO VISUAL,80381
788536678R,SUPORTE DE FIXAÇÃO DA GRADE DE ENTRADA D,80381
641304588R,CAIXA DE RODA PARA CARROCARIA DE VEICULO,80383
924548982R,TUBULACAO RIGIDA P/ SISTEMA DE AR COND,80383
8200168345,DUTO DE ENTRADA DO FILTRO DE AR DE VEICU,80384
491108049R,BOMBA ROTATIVA DE PALHETAS. COM VAZAO MA,80385
7700435860,BATENTE EM BORRACHA VULCANIZADA NÃO ENDU,80386
969308576R,FACHADA TRASEIRA CONSOLE,80387
265801655R,APARELHO ELETRICO (LANTERNA DE NEBLINA),80388
631232706R,PARA LAMA PARA CARROCARIA DE VEICULO AUT,80389
806075451R,COMANDO ABERT EXT,80390
288B55277R,ESCOTILHA DO LIMPADOR DE PARABRISA DE US,80390
620757792R,PROTETOR DO PARACHOQUE DE VEICULO AUTOM,80391
8200795337,TUBO DDE BORRACHA VULCANIZADA, NAO ENDUR,80391
122077626R,BRONZE DO VIRABREQUIM DO MOTOR COM DIAME,80392
964017045R,PARASSOL PARA CARROCARIA DE VEICULO AUTO,80392
261550862R,FOG LIGHT (LE UNIT),80393
215200030R,TUBO DE BORRACHA VULCANIZADA NAO ENDUREC,80394
788229569R,CABO DE COMANDO DE ABERTURA DA TAMPA DO,80394
641965954R,REFORCO PARA CARROCARIA DE VEICULO AUTOM,80395
995500717R,.MACACO COM EXTEN MECÂNICO DE ACIONA,80396
7711734358,JOGOS DE FIOS ELETRICOS COM CONETORES I,80397
7711948705,POLO 100% ALGODAO DE TAMANHO ADULTO E DE,80398
806067176R,MACANETA EXTERNA UTILIZADA NAS PORTAS,80399
964002028R,PARASSOL PARA CARROCARIA DE VEICULO AUTO,80399
768561041R,FRISO DE PLASTICO DE VEICULO AUTOMOVEL,80400
745323383R,ELEMENTO DE FECHAMENTO DA CARROCERIA DE,80400
808308673R,VEDACAO DE BORRACHA VULCANIZADA NAO ENDU,80400
850455105R,GUIA PLASTICO DE FIXACAO DO PARACHOQUE D,80401
550203922R,MOLA DE ACO HELICOIDAL CILINDRICA DE VEI,80402
828659180R,VEDACAO DE ESPUMA PLASTICA PARA O PAINEL,80403
8200199020,TUBO DE BORRACHA NAO ENDURECIDA. REFOR,80404
261A28939R,ACABAMENTO DO FAROL DE NEBLINA DO PARAC,80405
8200018919,ENGRENAGEM DA CAIXA DE MARCHAS DE VEIC,80406
995503179R,MACACO COM EXTENSÃO, MECÂNICO, DE ACIONA,80407
995506680R,MACACO MANUAL PARA VEICULO AUTOMOVEL,80407
631592688R,SUPORTE EM PLASTICO DE USO MULTIFUNCIONA,80408
963744932R,COBERTURA PLASTICA DO ESPELHO RETROVISOR,80409
261A32772R,ACABAMENTO DO FAROL DE NEBLINA DO PARAC,80410
261521020R,COLEÇÃO DE MOLDURA FAROL NEBLINA,80410
484711505R,COQUILHA ABAIXO DO VOLANTE, SUPERIOR,80411
508430099R,PROTETOR DO CARTER DO MOTOR DA CARROCARI,80411
964012462R,PARASSOL PARA CARROCARIA DE VEICULO AUTO,80412
622571127R,ELEMENTO AERODINAMICO DO PARACHOQUE DE,80413
212834559R,TUBO DE BORRACHA VULCANIZADA NAO ENDUREC,80414
657710129R,VARETA DE ABERTURA DO CAPO DA CARROCARIA,80415
7701472975,COIFA DE PLASTICO PROVIDA DE BRACADEIRAS,80415
243809239R,BASE CAIXA INTERCONEX MOT,80416
465015681R,PEDAL DO FREIO DE VEICULO AUTOMOVEL,80416
130011368R,EIXO DO COMANDO DE VALVULAS (CAMES),80417
7701046131,BRACO DO LIMPADOR DE PARABRISAS DE VEICU,80417
460110032R,CILINDRO MESTRE DO FREIO DE VEICULO AUTO,80418
8200315602,SUPORTE DE VEDAÇÃO DA DISTRIBUIÇÃO,80419
165763705R,TUBULACAO DO FILTRO DE AR UTILIZADO EM V,80419
7700354638,ESPELHO RETROVISOR DA CARROCARIA DE VEIC,80420
827202403R,LEVANTA VIDRO ELETRICO PARA CARROCERIA D,80421
213055917R,TROCADOR DE CALOR DO OLEO PARA,80423
305702737R,CILINDRO DE ACIONAMENTO HIDRAULICO,80424
8200634550,COBERTURA DE PLASTICO DO ESPELHO RETROVI,80425
117200777R,KIT DO TENSIONADOR E POLIA DE VEICULO,80426
8200805844,PROTETOR DE MOTOR DE VEICULO AUTOMOVEL,80426
140355101R,JUNTA METALOPLASTICA DO DISTRIBUIDOR DE,80427
255502585R,CAIXA DE RELES DO CONJUNTO DO ELETROVENT,80428
152410088R,VALVULA SELENOIDE DO MOTOR DE USO EM VEI,80429
261A35508R,MOLDURA PARA ACABAMENTO DO FAROL DE NEBL,80430
485217802R,ROTULA AXIAL ACOMPANHADA DE COIFA,80431
921361722R,SENSOR DE PRESSAO DE AR PARA VEICULO,80432
7717080518,MODULO ELETRONICO DE MECANISMO DE REGULA,80433
402108022R,KIT ROLAMENTO DE ESFERAS, ANGULAR PARA U,80434
117202848R,TENSIONADOR EM METAL DA CORREIA,80435
827310185R,MOTOR DE CORRENTE CONTINUA,80436
622900905R,SUPORTE DE METAL COMUM PARA PARACHOQUE,80437
924105935R,TUBO DE BORRACHA VULCANIZADA REFORCADO,80438
7701209258,COIFA DE BORRACHA VULCANIZADA NAO ENDURE,80439
540348386R,BATENTE DE BORRACHA VULCANIZADA NAO ENDU,80440
850443090R,GUIA PLASTICO DE FIXACAO DO PARACHOQUE,80441
963738853R,COBERTURA PLASTICA DO ESPELHO RETROVISOR,80442
807211707R,MECANISMO EM METAL COMUM DE ABERTURA E F,80443
904522228R,MOLA A GAS DA TAMPA DO PORTA MALAS PARA,80443
963748973R,COQUILHA PLASTICA DO RETROVISOR DE USO,80445
905032293R,.FECHADURA MECANICA,80446
265900021R,APARELHO ELETRICO DE SINALIZACAO VISUAL,80447
150501538R,PESCADOR DE OLEO,80448
254017315R,COBERTURA DE FECHAMENTO DO PAINEL DA POR,80449
806709436R,COBERTURA DO PUXADOR DA PORTA DE PLASTIC,80450
8200827912,ARVORE DE CAMES PARA COMANDO DE VALVUL,80451
410606820R,PASTILHA DE FREIO DE VEICULO AUTOMOVEL,80452
120A11957R,PISTOES P/ MOTOR DE IGNICAO POR COMPRESS,80453
963028590R,RETROVISOR ELETRICO DA CARROCERIA PARA V,80454
628901813R,EMBLEMA DA GRADE DIANTEIRA, DE PLASTICO,,80454
8200684323,COLETOR DE ADMISSAO PARA MOTOR DE PISTAO,80455
873306510R,CARTER EXT ASSISE SIEGE D 1ERE RNG,80456
8200612912,DEFLETOR DE AR DO RADIADOR,80457
7700115284,CLIPE EM ACO DE USO MULTIFUNCIONAL EM VE,80457
809023748R,BANDEAU GARNITURE PANNEAU PORTE AV D,80458
622A64981R,OBTURADOR DO PARACHOQUE PARA VEICULO,80460
402102977R,KIT ROLAMENTO DE ESFERAS, DE CARGA AXIAL,80461
8200240038,PARA SOL PARA CARROCARIA DO VEICULO AUTO,80462
622576545R,ELEMENTO AERODINAMICO DO PARACHOQUE DE,80462
8200676994,QUADRO EM BORRACHA VULCANIZADA NAO ENDUR,80462
601989787R,TAMPA DA GRADE DE ENTRADA DE AR DO PARA,80463
822639810R,VIDROTEMPERADOFIXOLATERAL,80464
964012352R,PARASOL EM PLASTICO PARA VEIC AUTO,80465
479700004R,ANEL DE ACO DE USO MULTIFUNCIONAL EM VEI,80465
638208863R,SUPORTE DE FIXAÇÃO DO PARALAMAS DE VEICU,80466
144D17758R,JUNTA METALOPLASTICA,80466
8201728697,ARTICULACAO ESFERICA DA COLUNA DE DIRECA,80467
261A22418R,MOLDURA PARA ACABAMENTO DO FAROL DE NEBL,80467
543253552R,ROLAMENTO DE  MONTAGEM DO AMORTECEDOR DA,80468
7701469776,CONJUNTO COM DUAS POLIAS, SENDO UMA DE R,80469
391017007R,SEMIEIXO COM COMPONENTES MONTADOS,80470
391002983R,SEMI EIXO DE TRANSMISSAO PARA VEICULO AU,80471
180026342R,PEDAL DO ACELERADOR ELETRÔNICO CONSTRUÍD,80472
164009963R,FILTRODECOMBUSTIVEL,80473
263316044R,MOLDURA DE ACABAMENTO DO FAROL DE NEBLIN,80474
620724436R,JOGO DE MOLDURAS DE ACABAMENTO DA GRADE,80475
924465324R,TUYAU CONDENSEUR RESERVOIR DESHYDRATEUR,80476
668101824R,MOLDURA DE PLASTICO  PARA ACABAMENTO DA,80476
8200805813,BIELA,80477
638532206R,ACABAMENTO P/BARRO LE SANDERO,80478
485218431R,KIT DA DIRECAO PARA VEICULO,80478
788305388R,TAMPA DA ENTRADA DO CARREGADOR PARA CARR,80479
8200081864,ALCA DE PLASTICO DO TETO DE VEICULO AUTO,80480
8200071124,DEFLETOR DE AR DO RADIADOR PARA CARROCAR,80480
265987418R,COBERTURA DA LUZ DE FREIO PARA CARROCARI,80481
684341925R,GANCHO FEITO DE PLASTICO PARA SEGURAR OB,80481
165569445R,DUTO DE ENTRADA DE AR DO FILTRO DE AR DE,80482
112387053R,COXIM DE BORRACHA COM ELEMENTOS METALICO,80482
8200805625,RODA FONICA VIRABREQUIM MASTER 2.3,80483
7701209927,COIFA DE BORRACHA VULCANIZADA NAO ENDURE,80483
266059193R,APARELHO ELETRICO (FAROL DE NEBLINA) DE,80484
122072184R,BRONZE DO VIRABREQUIM DO MOTOR COM DIAME,80485
8200805796,COXIM BORRACHA ELEM METAL P/VEÃ#C,80486
130246645R,RODA DENTADA DO PINHAO DO VIRABREQIM DO,80486
237104134R,MODULO DE CONTROLE ELETRONICO AUTOMATICO,80487
622232784R,GUIA PLASTICO DE FIXACAO DO PARACHOQUE,80488
788301742R,PORTINHOLA DE ENCHIMENTO DO TANQUE DE CO,80489
806B12293R,MAÇANETA DE PLASTICO PARA PORTA DE VEICU,80490
8200612650,GRADE SUPERIOR DA CARROCARIA DE VEICULO,80490
485216124R,JOGO DA JUNTA DA ESFERA AXIAL DA DIRECAO,80491
283143468R,GANCHO FEITO DE PLASTICO PARA SEGURAR OB,80492
265540003R,LANTERNA DE NEBLINA TRAS DIR,80493
601986475R,OBTURADOR DO ORIFICIO DA CAMERA DE RE PA,80494
130202713R,ARVORE DE CAMES, PARA ADMISSAO EM MOTOR,80495
764585494R,CANTONEIRA EM PLASTICO, DE FIXACAO DA SA,80496
641118964R,REFORCO DO PAINEL DA COLUNA PARA CARROCA,80497
990459806R,ETIQUETA PLASTICA AUTOADESIVA DE POLI(CL,80498
485205671R,TERMINAL DA COLUNA DE DIRECAO,80499
8201219252,PESCADOR DE OLEO DO CARTER DE MOTOR DE I,80499
146507228R,BOMBA DE VACUO DE ASSITENCIA DO FREIO DE,80499
151924968R,TUBULACAO DE ALIMENTACAO DO SISTEMA D,80500
8200930751,SENSOR DE OXIGENIO (SONDA LAMBDA) PARA,80501
210100638R,BOMBA DA AGUA PARA MOTOR,80502
119239050R,POLIAREGULADORADETENSAO,80503
7711733849,ELARGISSEUR AILE BOUCLIER AR G,80504
166001153R,BICO INJETOR PARA MOTOR DE IGNICAO POR C,80505
485201026R,HASTE DE LIGACAO DO SISTEMA DE DIRECAO,80506
858430290R,MOLDURA DO CATADIOPTRICO (DISPOSITIVO RE,80506
166323572R,SENSOR PARA MEDICAO DA TAXA DE ETANOL,80506
8201008780,POLIA REGULADORA DE TENSAO,80507
8200599553,ARTICULATION SUP PORTE LAT,80508
465314320R,REVESTIMENTO DE BORRACHA VULCANIZADA,80509
638749089R,COBERTURA DO PARALAMA PARA CARROCERIA,80510
8200285950,BOMBA DAGUA DO MOTOR,80510
260407958R,UPORTE DE METAL DE INDICACAO DO FAROL D,80511
112202847R,COXIM EM BORRACHA DO EIXO DA SUSPENSAO P,80511
7701478679,BRONZINA PARA USO EM MOTOR DE VEIC AUTO,80511
8200298117,ROLAMENTO DE ROLETES CONICOS, EM ACO,,80512
8201762511,KIT ALARME BOREAL,80512
905032305R,PECA ESTAMPADA DE ACO COM ESPESSURA VARI,80512
908890528R,EMBLEMA PLASTICO DA CARROCARIA DE VEICUL,80513
275105451R,PAINEL ELETRICO DE CONTROLE DO AQUECEDOR,80514
323737067R,PINHAO DA CAIXA DA MARCHA DOS VEICULOS A,80515
7701206347,PINO DA PINÇA DO FREIO DE VEICULO AUTOMO,80516
802853458R,ETIQUETA AUTO ADESIVA DE POLICLORETO,80517
322928006R,PINO DE ACO PARA USO MULTIFUNCIONAL,80518
8200261605,ANEL DE REBOQUE PARA VEICULO AUTOMOVEL,80518
960155834R,ECOPE ENTREE AIR,80518
601968273R,ACABAMENTO DA TRAVA DO PORTAMALAS PARA,80519
8200493154,CAIXA DA SAIDA DE AGUA PARA MOTOR DE I,80520
8200733242,BOCAL DO TANQUE DE COMBUSTIVEL PARA CARR,80520
7701208249,REGULADOR DE TENSAO DO ALTERNADOR PARA V,80521
768045727R,DEFLETOR DE AR PARA CARROCARIA DE VEICUL,80522
6244,MOLDURA MASTER 14/25 10 POLEGADAS PRETO,80522
130C15830R,SORTIDO COMPOSTO DE CORRENTE DE TRANSMIS,80523
990469004R,ACABAMENTO AUTOADESIVO COLUNA DA PORTA,80523
7711733846,ELARGISSEUR AILE BOUCLIER AV D,80524
440A06413R,COLLECTION FREIN AR APV,80525
990444805R,ETIQUETA AUTOADESIVA DE POLICLERETO,80526
226400888R,TERMISTOR SENSOR DE TEMPERATURA PROPRIO,80527
8201743512,MAINTIEN ET ETANCHEITE DE JAUGE ET POMPE,80528
261659456R,APARELHO ELETRONICO DE ILUMINACA,80529
7701719084,CUBO DESLIZANTE DA CAIXA DE MARCHA DE US,80529
120A15394R,PISTAO FABRICADO EM LIGA DE ALUMINIO, PR,80530
135021883R,TAMPA DE FECHAMENTO DO MOTOR DE IGNICAO,80531
802840357R,ETIQUETA PLASTICA AUTOADESIVA,80532
995994535R,TRIANGULO PLASTICO DE SEGURANCA PARA USO,80533
908327570R,GUARNICAO DE BORRACHA VULCANIZADA NAO EN,80533
265501249R,APARELHO ELETRICO CAIXA DE LUZES COMBINA,81001
990426777R,COLLECTION D' ELEMENT DECORATIF APV,81003
825030253R,FECHADURA DE PORTAS LATERAIS,81004
908894785R,EMBLEMA DE PLASTICO PARA VEICULO AUTOMOV,81005
240181551S,JOGO DE FIOS ELETRICOS (CHICOTE ELETRICO,81006
622231025R,SUPORTE ESQUERDO PARACHOQUE DIANTEIRO,81007
806069981R,MACANETA EXTERNA UTILIZADA NAS PORTAS,81008
149523561R,SUPORTE FABRICADO EM ACO GALVANIZADO, PA,81009
656012576R,FECHADURA DE METAL COMUM DO CAPOT,81010
656019826R,CONJUNTO TRAVA DE ABERTURA E FECHAMENTO,81011
654006928R,DOBRADICA FABRICADA EM ACO PARA MONTAGEM,81012
254112588R,INTERRUPTOR DUPLO,81013
118107255R,VALVULA REGULADORA DE PRESSAO DE USO EM,81014
226A42790R,SENSOR DE OXIGENIO PARA MEDICAO DE GASES,81014
111149107R,PLACA ANTIEMULSAO DO OLEO DO CARTER, UT,81015
551100710R,BARRA ESTABILIZADORA FABRICADA EM ACO, U,81016
8200248099,FUSIVEL 25A PARA TENSAO INFERIOR A 1000,81017
440604876R,PASTILHA DE FREIO DE VEICULO AUTOMOVEL,81018
805027917R,FECHADURA DA PORTA,81019
8200803446,CORREIA DE TRANSMISSAO DE BORRACHA VULC,81020
150502247R,BOMBA DE OLEO DO FILTRO DO MOTOR DE IGNI,81021
7782035785,PAINEL DE REFORCO DO PARALAMA PARA CARRO,81022
8200549046,BATENTE DE BORRACHA VULCANIZADA NAO ENDU,81022
266007997R,APARELHO ELETRICO (FAROL DE NEBLINA) DE,81023
7701477517,KIT TENSIONADOR DA CORRENTE DE COMANDO D,81024
402103708R,ROLAMENTO DE ESFERAS DE CARGA RADIAL DE,81025
261526567R,ACABAMENTO DO FAROL DE NEBLINA DO PARAC,81026
7702298081,COBERTURA DE ACABAMENTO DO ASSENTO,81027
828760007R,FRISO DE PLASTICO DA LATERAL DA PORTA PA,81027
808206464R,PROTETOR DA PORTA PARA CARROCERIA DE VEI,81027
255409761R,COMUTADOR LUZ SINALIZACAO,81028
344149081R,SUPORTE DO CABO DE COMANDO DA CAIXA DE M,81029
807202503R,MACANISMO DE LEVANTAR VIDRO PARA CARROCE,81030
280607335R,AMPLIFICADOR DE FREQUENCIA DO RADIO DE V,81031
540103614R,MOLA DE ACO HELICOIDAL CILINDRICA,81032
8200120985,AMORTIGUADOR TRAS F76,81033
628175940R,OBTURADOR PLASTICO MONTADO NA PARTE INFE,81034
8200499014,GUARNICAO SUPERIOR DO PORTA MALAS DA CAR,81035
7700434301,MANGUEIRA DE BORRACHA VULCANIZADA NAO EN,81035
173413441R,TAMPA DO RESERVATORIO DE COMBUSTIVEL DE,81036
237109198S,CAIXA PROGRAMA MOTOR,81037
963742943R,COBERTURA PLASTICA DE ACABAMENTO DO ESPE,81037
8200406743,JUNTA METALOPLASTICA PARA VEICULO AUTOM,81038
8201448824,MODULO DE CONTROLE ELETRONICO DO AIR B,81039
6001547022,JUNTA EM BORRACHA VULCANIZADA NÃO ENDURE,81040
995454673R,CHAVE DE ABERTURA FIXA DA RODA DE VEICUL,81041
110449283R,JUNTA METALOPLASTICA DO CABECOTE,81042
656011344R,TRAVA ABERTURA/FECHAMENTO CAPO,81043
745978841R,BRACO DA PORTA CORREDICA PARA CARROCARIA,81045
960169042R,MOLDURA DO PARACHOQUE DE VEICULO AUTOMOV,81046
628175274R,GUIA DE ENTRADA DE AR DO PARACHOQUE DE,81047
296950594R,CHICOTE ELETRICO MUNIDO DE PECAS DE CONE,81048
631228523R,SUPORTE DE FIXACAO DO PARALAMAS NA CARR,81049
864000834R,ENCOSTO DE CABECA DE ASSENTO DO BANCO,81050
654004747R,ARTICULATION CAPOT AV D ASS,81051
620752577R,PROTETOR PARACHOQUE DIANTEIRO,81052
828359597R,JUNTA DE VEDACAO EM BORRACHA VULCANIZADA,81053
112223652R,SUPORTE EM LIGA DE ALUMINIO PARA ANCORAG,81053
654713274R,SUPORTE EM METAL COMUM DE USO MULTIFUNCI,81054
233008710R,MOTOR DE ARRANQUE PARA MOTOR DE IGNICAO,81055
29933,MODULO VIDRO DUSTER/OROCH 15/16 KARDIAN 24/,81055
572117022R,SUPORTE DO ESTEPE PARA CARROCARIA,81056
638130922R,ALARGADOR DO PARACHOQUE DE VEICULO,81056
850450641R,SUPORTE PLASTICO DIANTEIRO DO PARACHOQUE,81057
8201024002,POMPEHAUTEPRESSIONGAZOLE,81058
402020009R,CUBO DA RODA TRASEIRA,81058
656014211R,CONJUNTO TRAVA DE ABERTURA E FECHAMENTO,81059
8201319784,SOLEIRA DA PORTA PARA CARROCARIA DE VEIC,81060
132010427R,VÁLVULA ADMISSÃO P/ MOTOR IGN CENT,81061
30349,MODULO VIDRO DUSTER/OROCH 15/16 OROCH 23/ 4P,81061
745961469R,BRAS INF PORTE LAT CLST D,81062
850778154R,MOLDURA DO PARACHOQUE DE VEICULO AUTOMOV,81063
964008061R,PARASOL DA CARROCARIA DE VEICULO AUTOMO,81064
8200709142,VALVULA DE EXPANSAO TERMOSTATICA ACOMPAN,81065
7701207944,ETIQUETA AUTOADESIVA, PLANA, EM POLICLO,81066
214981469R,DEFLETOR DE AR EM PLASTICO PP PARA MONTA,81067
829519275R,BOITIER PREHENSION G,81068
8200806731,PERMUTADOR DE OLEO E AGUA DO MOTOR,81068
7703002915,PARAFUSO NAO PERFURANTE ROSCADO DE ACO L,81069
208F86829R,JUNTA DE ACO DO DISPOSITIVO DE INJECAO,81070
7701040187,CAPA BRAÇO,81071
628907798R,EMBLEMA DE PLASTICO DE USO EM VEICULO AU,81072
115607698R,BICO INJETOR DE OLEO PARA MOTOR DE IGNIÇ,81073
7703002811,PARAFUSO NAO PERFURANTE ROSCADO DE ACO L,81075
243223352R,TAMPA DO PORTA FUSIVEIS DO PAINEL DE INS,81076
8200117602,JUNTADEVEDAÇÃODEBORRACHA,81077
383421561R,JUNTA DE VEDACAO MECANICA MULTIFUNCIONAL,81078
628102059R,GUIA DE AR DO PARACHOQUES DE VEICULO AUT,81079
969356242R,COIFA DA ALAVANCA DE CONTROLE DA CAIXA D,81080
8200684863,SUPORTE PARA ANTENA DE APARELHO RECEPTOR,81082
383423705R,ANEL RETENTOR DE VEDACAO MECANICA COM LA,81082
7700110500,MOLA DE ACO HELICOIDAL DE USO EM VEICULO,81083
924736263R,JUNTA DE BORRACHA VULCANIZADA NAO ENDU,81084
8201736910,CAMERA DE RE PARA VEICULO AUTOMOVEL,81085
7703046134,PORCA DE ACO LIGA TEMPERADO E GALVANIZ,81085
8200128328,GUIA DE EMBREAGEM PARA VEÍCULO AUTOMOVEL,81086
7703072443,REBITE TUBULAR OU DE HASTE FENDIDA DE ME,81086
8200310580,CONJUNTO COMANDO ABERTURA INTERNA PORTAS,81087
214764813R,SUPORTE DO RADIADOR PARA CARROCARIA DE V,81088
908897184R,EMBLEMA DE PLASTICO LOGOTIPO DO FABRICAN,81089
8200602765,APARELHO ELETRICO (LUZ INDICADORA DE MAN,81090
844000013R,DOBRADICA TAMPA PMALA P/ AUTO,81091
112385698R,BIELETA DE MONTAGEM DO MOTOR DE VEICULO,81093
7701473505,JOGOGLICLEDEREFRIGERAÇÃO,81094
208083578R,PROTETOR TERMICO DO COLETOR DE ESCAPE DE,81095
631409425R,CONJUNTO SUPORTE SUPERIOR DIANTEIRO DIRE,81096
985104162R,UNIDADE DE CONTROLE ELETRONICO,81097
622237654R,SUPORTE DA CARROCARIA PARA FIXACAO DO PA,81098
848100208R,MOLDURA DA TAMPA TRASEIRA PARA CARROCERI,81099
111458247R,SENSOR PARA MEDIDA DO NIVEL DE OLEO,81100
825021912R,FECHADURAMETALCOMUMPORTA,81101
828349479R,CANALETA PLASTICA DO VIDRO DA PORTA DE V,81103
985105091R,EX 158   MODULO DE GERENCIAMENTO ELETRON,81104
8201108350,RÓTUL AXIAL ACOM COIFA, PRES P/VEIC,81105
628902379R,EMBLEMA PLASTICO DA CARROCARIA DE VEICUL,81106
628903438R,EMBLEMA PLASTICO DA CARROCERIA DE USO EM,81107
226516054R,CLIPE DE PLASTICO DE USO MULTIFUNCIONAL,81108
628117709R,GUIA DE ENTRADA DE AR DO PARACHOQUE DE V,81109
147103921R,VALVULA DO TIPO BORBOLETA,81110
476604579R,MODULO ELETRONICO DO BLOCO HIDRAULICO,81111
7711733884,MOLDURA DO PARACHOQUE DE USO EM VEICUL,81112
8201627433,JOGO DE VALVULAS DE ESCAPE PARA MOTOR,81113
850440143R,GUIA EM POLIACETAL DE FIXACAO DO PARACHO,81114
8200163523,PINHAO DO TACOMETRO DO CAMBIO DE VEICULO,81115
738823857R,ACABAMENTO DO SUPORTE DE FIXACAO DA BARR,81116
119200366R,CORREIA DE TRANSMISSAO BORRACHA VULCANIZ,81117
7701475628,CONJUNTO COM DUAS POLIAS ACOMPANHADAS DE,81117
208134876R,JUNTA DE VEDAÇÃO DO CATALISADOR,81118
8200117772,ROLAMENTO DE AGULHAS PARA USO EM VEICU,81119
908926547R,EMBLEMA PLASTICO DA CARROCARIA DE VEICUL,81120
7700273618,BALANCIM DO COMANDO DE VALVULAS PARA MOT,81121
638756642R,MOLDUIRA DE ACABAMENTO DO PARACHOQUES DA,81122
631594582R,SUPORTE EM PLASTICO DE USO MULTIFUNCIONA,81123
8200735337,TUBO DO FREIO DE VEICULO AUTOMOVEL,81124
623122517R,TAMPA DA GRADE DE ENTRADA DE AR DO PARA,81125
905701173R,TRINCO DA PORTA AUTOMOTIVA PRODUZIDO EM,81126
8200022596,COXIM,BATENTE DE BORRACHA DO MOTOR, DE U,81127
7701472590,JOGO DE FECHADURAS, ACOMPANHADO DE TAMPA,81128
8200969687,ALAVANCA INTERNA DA ENGRENAGEM DA C,81128
8550506766,KIT CORREIA DE DISTRIBUIÇÃO,81129
8200727304,COUVERCLECARTER,81130
120338667R,ANEL DE SEGMENTO COM DIAMETRO INFERIOR,81131
132012274R,VALVULA DE ADMISSAO PARA MOTOR DE IGNICA,81132
8200182129,JUNTA EM METAL PARA MOTOR DE IGNICAO POR,81133
306202443R,CILINDRO DA EMBREAGEM CONCENTRICA DE VEI,81134
110447527R,JUNTA METALOPLASTICA,81135
305734334R,GARFO DA EMBREAGEM DE VEICULO AUTOMOVEL,81136
850451621R,SUPORTE PLASTICO DO PARACHOQUE DE USO EM,81137
622227310R,GUIA PLASTICO DE FIXACAO DO PARACHOQUE,81138
628111488R,ELEMENTO DE FECHAMENTO DO PARACHOQUE DE,81139
511655670R,TAMPA DO ANEL DE REBOQUE DO PARACHOQUE D,81140
261A35148R,ACABAMENTO DO FAROL DE NEBLINA DO PARAC,81141
622224819R,SUPORTE DE PLASTICO DIANTEIRO,81142
995530270R,CHAVE DE PORCA MANUAL COM ABERTURA FIXA,81143
7701474190,BOMBA PARA LIQUIDO DE ARREFECIMENTO PROP,81144
237310776R,SENSOR DE POSICAO DO EIXO DO VIRABREQUIM,81145
768186068R,FRISO DE PLASTICO DE VEICULO AUTOMOVEL,81147
806075481R,MACANETA EXTERNA UTILIZADA NAS PORTAS,81148
654016135R,ARTICULATION CAPOT AV G ASS,81149
253206170R,INTERRUPTOR ELETRICO PARA TENSAO DE 12V,81150
552403383R,SUPORTE DE BORRACHA VULCANIZADA NAO ENDU,81151
224404252R,FIACAO ELETRICA (CHICOTE ELETRICO) COM C,81152
850456714R,GUIA PLASTICO DE FIXACAO DO PARACHOQUE,81153
628174632R,GUIA DE ENTRADA DE AR EXTERNO PARA VEICU,81154
8200469695,TUBO DE OLEO PARA VEICULO AUTOMOVEL,81155
8200723473,JUNTA METALOPLASTICA DE ACO ESTAMPADA DO,81156
984391338R,GANCHO FEITO DE PLASTICO PARA SEGURAR OB,81157
8201663947,APARELHO DE SINALIZACAO ACUSTICA, SENSOR,81158
8200671275,MEDIDOR DE PRESSAO DO OLEO PARA VEICULO,81159
364024124R,CABO DO FREIO DE ESTACIONAMENTO DE VEICU,81160
402109533R,COLEO ROLAMENTO DO CUBO DA RODA TRASEI,81161
825030019R,FECHADURA ELETRICA DE METAL COMUM PARA V,81161
8200587181,MANGUEIRA DE BORRACH,81162
788526070R,SUPORTE DE FIXAÇÃO DA GRADE DO PRACHOQUE,81163
7700869985,TUBULACAO DE ENTRADA DA BOMBA D AGUA PAR,81164
7700415221,CABO DE COMANDO DO ACELERADOR DE VEICULO,81165
117204171R,CORREIATRANSMSÍNCRONA128CM,81166
215B95350R,TUBO DE BORRACHA VULCANIZADA NAO ENDUREC,81167
286640002R,SUPORTE LAVA FAROIS,81168
7751715968,LONGARINA PARA CARROCARIA DE VEICULO AUT,81169
663510445R,SUPORTE DA ARTICULACAO DO CAPO,81170
641273024R,SUPORTE DE FIXACAO,81171
631473437R,SUPORTE DE METAL COMUM DO PAINEL,81172
7711733845,ELARGISSEUR AILE AV G,81173
552400713R,SUPORTE DE BORRACHA VULCANIZADA NAO ENDU,81174
985H06871R,BOLSA INFLAVEL DE SEGURANCA COM SISTEMA,81175
265608871R,REFLETOR DA CARROCARIA DE VEICULO AUTOMO,81176
8200497843,TRAVA DO SUPORTE DA RODA SOBRESSALENTE,,81177
806B01741R,CAPA PLASTICA DA MAÇANETA DE VEICULO AUT,81178
788302077R,TRAPPE ENERGIE ASS,81179
8200108269,BOTAO INTERRUPTOR ELETRICO PARA TENSAO D,81180
8200104754,POLIA DE ROLAMENTO REGULADORA DE TENSÃO,81181
110615172R,TUBO  DE BORRACHA VULCANIZADA NAO ENDURE,81182
164468958R,TUBO DE COMBUSTIVEL DE VEICULO AUTOMOVEL,81183
623847562R,ACABAMENTO DA GRADE DO RADIADOR,81184
441263507R,PISTAO DO CILINDRO HIDRAULICO DE MOVIMEN,81185
8200808365,EQUERRE MARCHEPIED G BOUCLIER AV,81186
668220005R,MOLDURA PARA FECHAMENTO DA GRADE DO RADI,81187
908906049R,EMBLEMA PARA INDICACAO DE MARCA, APLICAD,81187
261650223R,APARELHO ELETRICO DE SINALIZACAO VISUAL,,81188
322753360R,ROLAMENTO DE ESFERAS, DE CARGA AXIAL PAR,81189
130415408R,COBERTURA DO REGULADOR DO OLEO DO MOTOR,81190
668220167R,COBERTURA DA GRADE DA CARROCARIA DE VEIC,81191
8200778368,SUPORTE FABRICADO EM ACO GALVANIZADO, PA,81192
132706599R,JOINTCOUVRECULASSE,81193
825036843R,FECHADURA PORTA TRASEIRA DIREITA,81194
8200368373,DEFLETOR DO CARTER DE OLEO PARA MOTOR,81195
7700312851,ROTULA DE ACO REVESTIDA COM COIFA DE BOR,81196
8201719850,PARAFUSO DE ACO LIGA NAO PERFURANTE,81197
963D22515R,COBERTURA DE PLASTICO PARA RETROVISOR DA,81198
7700856630,COIFA DE BORRACHA VULCANIZADA NAO ENDURE,81199
7701044515,ESPELHO RETROVISOR DA CARROCARIA DE VEIC,81200
985890504R,PARAFUSO NAO PERFURANTE ROSCADO DE ACO L,81201
7700352433,MACANETA DE PLASTICO DE VEICULO AUTOMOVE,81202
7700104966,ANELDEAPOIODACAIXADEMARCHAPA,81203
289306561R,ESGUICHO COMPOSTO DE PECAS PLASTICAS,81204
868858267R,CINTO DE SEGURANCA COMPLETO DA CARROCARI,81205
8200750318,EIXO DA CAIXA DE MARCHAS,81206
269166743R,SUPORTE DA LAMPADA,81207
908899019R,EMBLEMA EM PLASTICO (ABS) PARA IDENTIFIC,81208
806015029R,FECHADURA DA PORTA PARA VEICULO AUTOMOVE,81209
215595364R,GUIA DE AR DO RADIADOR DE VEICULO AUTOMO,81210
243801297R,CAIXA DE RELES PARA TENSAO DE 12V PARA U,81211
6001550837,COLUNA EM METAL DE SUPORTE DA LAMPADA DA,81212
684705942R,TAMPA DE FECHAMENTO DO RADIO NO PAINEL D,81212
963025315R,ESPELHO RETROVISOR DE VEICULO,81212
165559019R,DUTO DO FILTRO DE AR DE VEICULO AUTOMOVE,81213
620920665R,ABSORVEDOR DE IMPACTO DO PARA CHOQUE,81214
808321867R,GAXETA DE BORRACHA VULCANIZADA NAO ENDUR,81214
623122562R,TAMPA PLASTICA DE FECHAMENTO DO ORIFICIO,81215
256102764R,APARELHO DE SINALIZACAO ACUSTICA (BUZINA,81216
360108002R,ALAVANCA DO FREIO DE ESTACIONAMENTO DE,81217
904019455R,ARTICULACAO DO TIPO DOBRADIÇA EM ACO DA,81218
638336564R,PROTETOR DA CAIXA DE RODAS PARA CARROCAR,81219
8200255423,APARELHO PARA MEDIDA DO NIVEL DE OLEO,81220
769247554R,VEDACAO EM BORRACHA VULCANIZADA NÃO ENDU,81221
850457431R,GUIA PLASTICO DE FIXACAO DO PARACHOQUE,81222
620729392R,COBERTURA DO PARACHOQUE DE VEICULO AUTOM,81223
828777518R,PROTECAO INFERIOR DA BASE DA PORTA PARA,81224
289103155R,BOMBA CENTRIFUGA DO LIMPADOR DE PARABRI,81225
7701471374,POLIA  SEM ROLAMENTO, NAO REGULADORA DE,81226
8200735133,FRISO PLASTICO DA PORTA DA CARROCARIA DE,81226
144B00004R,BOMBA DAGUA AUXILIAR, CENTRIFUGA, EM VE,81227
848101807R,ACABAMENTO DA TAMPA DO PORTA MALAS PARA,81229
144600646R,DUTO SAIDA DE AR,81230
638303492R,PROTETOR DA PASSAGEM DE RODA,81231
878246314R,DISPOSITIVO PARA TRAVAMENTO DA FIVELA D,81232
111113059R,CARTER DE OLEO DO MOTOR,81233
807204366R,MECANISMO EM METAL COMUM DE ABERTURA E F,81234
806703485R,COMANDO P FECHAR INT DIR,81234
256108370R,APARELHO DE SINALIZACAO ACUSTICA (BUZINA,81235
924000807R,MANGUEIRA BORRACHA SISTEMA AQUECIMENTO,81236
8200199856,TUBULACAO COM FORMATO PROPRIO DO SISTEMA,81237
638317709R,DEFLETOR DA CAIXA DE RODA, FABRICADO EM,81238
641108454R,REFORCO DO PAINEL DA COLUNA PARA CARROCA,81239
214760061R,DEFLETOR DE AR EM PLASTICO PP PARA MONTA,81240
762457763R,REFORCO DO PAINEL PARA CARROCERIA,81240
175060574R,TUBULACAO RIGIDA COM FORMATO PROPRIO PAR,81241
543258271R,ROLAMENTO DE  MONTAGEM DO AMORTECEDOR DA,81242
140553440R,TUBO DE BORRACHA VULCANIZADA NAO ENDUREC,81243
764230585R,ELEMENTO DE FECHAMENTO DA CARROCARIA DE,81244
8200914647,MEDIDOR DO FLUXO DO MASSA DE AR PARA MOT,81244
322016858R,ALAVANCA DA CAIXA DE MARCHAS DE VEICULO,81245
165784131R,DUTO DE BORRACHA VULCANIZADA NAO ENDUREC,81245
762461374R,REFORCO DA COLUNA DA CARROCARIA DE VEICU,81246
261500097R,APARELHO ELETRICO AUXILIAR PARA ILUMINAC,81246
828374729R,JUNTA DE BORRACHA VULCANIZADA NAO ENDURE,81247
641109106R,REFORCO DO PARALAMAS DA CARROCARIA,81247
668100009R,ACABAMENTO DA CALHA PARA CARROCARIA DE V,81248
769247161R,MOLDURA DE BORRACHA NÃO ENDURECIDA PAR,81249
8200740833,ELEMENTO DE FECHAMENTO DO PARACHOQUE DE,81250
601984574R,OBTURADOR DA GRADE DE ENTRADA DE AR PARA,81251
360107552R,ALAVANCA DO FREIO DE ESTACIONAMENTO PARA,81252
111401435R,APARELHO PARA MEDIDA DO NIVEL DE OLEO,81253
7700419475,FILTRAGEMMOLA,81254
8200642783,VALVULA SOLENOIDE ELETROVALVULA,81255
226908383R,INSTRUMENTO DE MEDICAO DE GAS E FUMACA D,81256
8200597650,SUP FIXACAO FAROL AUXILIAR LD SANDERO,81257
802920414R,COBERTURA INTERNO DO ESPELHO RETROVISOR,81258
805035239R,FECHADURA ELETRICA DA PORTA LATERAL DE V,81259
165768925R,DUTO DE ENTRADA DE AR,81261
261520104R,MOLDURA DE ACABAMENTO DO FAROL DE NEBLIN,81262
440670001R,FIACAO ELETRICA COM CONECTORES ISOLADOS,81263
265600427R,REFLETOR (CATADIOPTRICO) DA CARROCARIA D,81264
805527521R,ALAVANCA DE BLOQUEIO DA PORTA PARA CARRO,81265
628905855R,EMBLEMA DE PLASTICO DE USO MULTIFUNCIONA,81266
8200024454,BUCHA DE BORRACHA E METAL PARA MOLA DA S,81267
122974689R,SUPORTE DE METAL DA VEDAÇÃO DO OLEO PARA,81268
8200139674V4,INJETOR DE ENTRADA DE COMBUSTIVEL EM MOT,81268
8200139674,INJETOR DE ENTRADA DE COMBUSTIVEL EM MOT,81269
479109303R,GERADOR DE SINAIS, SENSOR DE VELOCIDADE,81270
7700273486,JUNTA DE BORRACHA VULCANIZADA NÃO ENDURE,81271
623121658R,TAMPA PLASTICA DE FECHAMENTO DO ORIFICIO,81272
623124479R,OBTURADOR DA GRADE DE ENTRADA DE AR PARA,81273
8200785585,DEFLETOR DE AR DO RADIADOR DE USO EM VEI,81274
460117144R,CILINDRO MESTRE DO FREIO PARA VEICULOS A,81275
888521711R,FECHO DO CINTO DE SEGURANCA PARA CARROCA,81276
654016950R,DOBRADICA DE METAL COMUM DO CAPO PARA VE,81277
511805896R,TAMPA DO ANEL DE REBOQUE,81278
474015077R,TUBO ASSIST FRENAGEM,81279
119313155R,ESPACADOR NAO ROSCADO DE ACO DE USO MULT,81280
383423VX0B,ANEL DE VEDACAO DE BORRACHA VU,81281
8200535890,EMBLEMA EM PLASTICO (ABS) PARA IDENTIFIC,81283
271A30009R,TUBO BORR C/ REF TEXTIL C/ ACESS CONEX,81285
828315771R,GAXETA DE BORRACHA VULCANIZADA NAO ENDUR,81286
620933058R,ABSORVEDOR DE IMPACTO DO PARACHOQUE,81287
601980161R,OBTURADOR DA GRADE DE ENTRADA DE AR PARA,81288
544C48921R,TRAVESSA PARA CARROCARIA DE VEICULO AUTO,81289
684344266R,GANCHO FEITO DE PLASTICO PARA SEGURAR OB,81290
460114537R,CILINDRO MASTER DO FREIO DE USO EM VEICU,81291
850749177R,ELEMENTO DE FECHAMENTO DO PARACHOQUE,81292
984E29693R,SUPORTE EM PLASTICO PARA TABLET,81293
8200682149,PINO EM ACO DA CAIXA DE MARCHAS,81294
7703075328,TAMPAO DE ACO PARA FECHAMENTO,81295
8200772182,SENSOR DE PONTO MORTO DO MOTOR DE VEIC,81296
8200790496,ARRUELADEACOLIGATEMPERADO,81297
806075231R,MACANETA PLASTICA EXTERNA PARA USO EM VE,81298
8200110306,MOLDURA DE ACABAMENTO INTERNO PARA CARRO,81299
119204796R,CORREIA DE TRANSMISSAO DO COMPRESSOR,81299
140568298R,TUBO DE BORRACHA ASSOCIADO COM MATERIA T,81300
410271417R,ALMOFADA DO FREIO DE VEICULO AUTOMOVEL,81301
497303572R,SUPORTE EM ACO FIXACAO DE ELEMENTOS DO A,81302
850927056R,ABSORVEDOR DE IMPACTO DO PARA CHOQUE DE,81303
622237883R,GUIA PLASTICO DE FIXACAO DO PARACHOQUE,81304
631471254R,SUPORTE DO PARALAMAS DA CARROCARIA DE VE,81304
930627222R,ETIQUETA AUTOADESIVA DE POLICLORETO,81305
684342227R,LAMPADA DE POSICAO DO MOTORISTA DE USO E,81306
657731HP0A,CLIPE EM PLASTICO (PA66) PARA FIXACAO DE,81307
8200839121,BUCHABORRACARMINTP/VEÃ#CAUTO,81308
215018278R,TUBO DE BORRACHA VULCANIZADA NAO ENDUREC,81309
6001547332,FECHO DE METAL COMUM DO CAPO DE VEICULO,81310
543425FA0A,BATENTE FABRICADO EM BORRACHA NATURAL VU,81311
668635019R,GRADE ENTGRADA DE AR DO CAPO,81312
751P88434R,REFORCO DE FIXACAO DA BATERIA,81313
214766732R,DEFLETOR DE AR PARA RADIADOR DE VEICULO,81314
8200795333,BOCAL DE PLASTICO,81315
687603196R,DUTO DE AR FABRICADO EM PLASTICO ACRILON,81316
822347891R,MOLDURA DO CANTO DA PORTA PARA CARROCARI,81317
214990936R,CONVERGENTE DE USO EM VEICULO AUTOMOVEL,81318
440609609R,COLECAO GUARNICAO DE FREIO,81319
628118538R,GUIA DE ENTRADA DE AR DO PARACHOQUE DE,81321
8201740301,SORTIDO DE JUNTAS DE COMPOSICOES DIFEREN,81322
802842966R,ETIQUETA AUTO ADESIVA DE POLICLORETO DE,81324
150109223R,BOMBA PARA LUBRIFICANTE DE MOTOR DE IGNI,81325
326068184R,ENGRENAGEM DESLIZANTE,81326
282170936R,BASE DE CONEXAO PARA ANTENA DO RADIO DE,81327
8200657216,SUPORTE EM ACO GALVANIZADO P/ VEIC AUTO,81328
828388693R,JUNTA DE PORTA DIR,81329
215140660R,ABRACADEIRA DE ACO MULTIFUNCIONAL PARA U,81330
8200469697,TUBO DE OLEO PARA VEICULO AUTOMOVEL,81331
8200432967,BORNE ELETRICO PARA TENSAO NAO SUPERIOR,81332
8200331679,TUBO DE BORRACHA VULCANIZADA NAO ENDUR,81333
7703046128,PORCA ROSCADA DE ACO LIGA. COM PROCESSO,81334
237312921R,SENSOR DE PONTO MORTO DO MOTOR DE VEICUL,81335
217415063R,TUBO  DE BORRACHA VULCANIZADA NAO ENDURE,81336
8200153070,DOBRADICA DE METAL COMUM DO CAPO PARA,81336
7703602431,PARAFUSO EM ACO LIGA M12X175155,81337
868853120R,CINTO DE SEGURANCA INCOMPLETO PARA CARRO,81338
8200661295,ABRACADEIRA DE ACO PARA USO EM VEICULO A,81339
147222354R,JUNTA DE METAL DO ESCAPEMENTO DE GAS,81340
265606646R,REFLETOR (CATADIOPTRICO) DO PARACHOQUE,81341
223218939R,SENSOR DE PRESSAO MUNIDO DE TUBULACAO, P,81342
8200280347,TUBULACAO DE SAIDA DO DECANTADOR DE OLEO,81343
8200026372,ROLAMENTO DE AGULHAS DE USO EM VEICULO,81344
166003188R,INJETOR DE COMBUSTIVEL PARA MOTOR DE IGN,81345
7700867820,SUPORTE DO RETENTOR DO VIRABREQUIM PARA,81346
8200833541,CORREIA DE TRANSMISSAO DE BORRACHA VUL,81347
868853747R,CINTO DE SEGURANCA,81348
543251700R,PARADA GIRATORIA DO SISTEMA DE SUSPENSAO,81350
6001549202,COXIM DE BORRACHA VULCANIZADA NAO ENDURE,81351
620430006R,SUPORTE DO PARACHOQUE PARA VEICULO AUTOM,81352
7701471629,JUNTAS DE ACO DO CABECOTE DO MOTOR,81354
7701471719,JUNTA METALOPLASTICA DO CABECOTE DO MOTO,81355
807213989R,MECANISMO PARA REGULAGEM DE POSIÇÃO DO V,81356
924400946R,TUBULACAO DO CONDENSADOR DO DETENTOR DE,81357
963029938R,RETROVISOR ELETRICO DA CARROCARIA PARA V,81358
484727666R,MOLDURA EM PLASTICO PARA COBERTURA DA CO,81359
484005920R,VOLANTE DA DIREÇÃO,81360
963738336R,COBERTURA PLASTICA DO ESPELHO RETROVISOR,81361
165561540R,DUTO DO FILTRO DE ENTRADA DE AR DO MOTOR,81362
391018492R,SEMI EIXO DA TRANSMISSAO DE VEICULO AUTO,81363
808320461R,JUNTA DE BORRACHA VULCANIZADA NAO ENDURE,81364
620742307R,PROTETOR DO PARACHOQUE DE VEICULO AUTOM,81365
289100406R,RESERVADOR DO LIMPADOR DO PARABRISA DE U,81365
805022622R,FECHADURA DE PORTAS LATERAIS DIANTEIRAS,81366
8200457625,INSTRUMENTO PARA MEDIDA DO NIVEL DE OLEO,81367
7701478459,POLIA DO COMANDO DE VALVULA DE ADMISSAO,,81368
622231300R,GUIA PLASTICO DE FIXACAO DO PARACHOQUE,81369
7702267146,STP  KIT REVISAO,81369
305703721R,CILINDRO HIDRAULICO DA EMBREAGEM DE,81370
620933171R,ABSORVEDOR ACUSTICO ESQ,81371
969J31291R,REVESTIMENTO ESQ. FREIO DE MAO,81372
256107111R,APARELHO ELETRICO DE SINALIZACAO ACUSTIC,81373
963020266R,RETROVISOR EXTERNO PARA CARROCERIA DE VE,81374
963744450R,COBERTURA PLASTICA DO ESPELHO RETROVISOR,81375
963016907R,RETROVISOR EXT DIREITO,81376
623124229R,COBERTURA DE ENTRADA DE AR DO PARACHOQU,81377
823317879R,CANALETA EM PLASTICO POLIPROPILENO, PARA,81378
269258177R,SUPORTE PLASTICO DO FAROL DE USO EM VEIC,81379
6001550837,COLUNA EM METAL DE SUPORTE DA LAMPADA DA,81379
130251523R,VARIADOR DE FASE DE EIXO DE COMANDO DE V,81380
8200737365,AMORTECEDOR DO SISTEMA DE  SUSPENSAO DE,81381
7717046508,ANTENA RECEPTORA DE SINAIS DO RADIO DE U,81382
620842468R,MOLDURA DE ACABAMENTO DO PARACHOQUE DE V,81383
8201431665,DIFERENCIAL DO EIXO DE TRANSMISSAO DE VE,81383
673259503R,SUPORTE EM ACO PARA FIXACAO DE ELEMENTOS,81384
631232841R,SUPORTE PLASTICO DO PARA LAMAS PARA CARR,81385
960150214R,ELEMENTO AERODINAMICO DO PARACHOQUE DE V,81386
873201235R,COBERTURA DO ENCOSTO DO BANCO,81387
150004776R,BOMBA DE OLEO PARA MOTOR DE COMBUSTAO PO,81388
924549462R,TUBO DE ALUMINIO, DO AR CONDICIONADO DE,81389
638314947R,PROTETOR DA CAIXA DE RODA PARA CARROCERI,81391
484729874R,COBERTURA DE ACABAMENTO DA COLUNA DE DIR,81392
8200245172,COBERTURA DE PLASTICO DO ESPELHO RETROVI,81393
261A34289R,MOLDURA DE ACABAMENTO DO FAROL DE NEBLIN,81394
402029333R,CUBO DA RODA DIANTEIRA,81395
878165989R,FECHO DO CINTO DE SEGURANCA,81396
214992248R,GUIA DE ENTRADA DE AR EXTERNO PARA VEICU,81397
8200207309,PORTE FUSEE AV D,81398
8200760256,JUNTA EM BORRACHA VULCANIZADA NÃO ENDURE,81398
8200735454,SUPORTE DO PARACHOQUE TRASEIRO DE VEICUL,81399
803260001R,GUIA DO VIDRO DA PORTA PARA CARROCARIA,81400
808770502R,PROTECCIÓN INF BAJA PUERTA AV G,81401
620924448R,ABSORVEDOR ACUSTICO DIR,81402
562104681R,AMORTECEDOR TRASEIRO,81403
562109120R,AMORTECEDOR DO SISTEMA DE  SUSPENSAO DE,81403
620936986R,ABSORVEDOR DE IMPACTO DO PARACHOQUE DE V,81404
7700105179,FECHAMENTO DO BLOCO PARA MOTOR DE IGNICA,81405
622226671R,GUIA PLASTICO DE FIXACAO DO PARACHOQUE,81406
161205601R,CORPO DE BORBOLETA MOTORIZADO,81407
161208051R,.VALVULAS BLOQUEIO FLUXO TIPO BORBOLETA,81408
654005915R,DOBRADICA DE ACO DO CAPO DE VEIC AUTO,81409
620243540R,ELEMENTO DE FECHAMENTO DO PARACHOQUE,81410
756505216R,TRAVERSE CTL AR ASS,81411
261A39875R,ACABAMENTO DO FAROL DE NEBLINA,81412
924400843R,TUBULACAO DO SISTEMA DE AR CONDICIONADO,81413
214507344R,TAMPA DE AR E OLEO DE MOTOR DE VEICULO A,81414
808201492R,MOLDURA DA PORTA PARA CARROCARIA DE VEIC,81415
638327246R,PROTETOR DA CAIXA DE RODAS PARA CARROCAR,81416
873804546R,COBERTURA DA ESTRUTURA DO ASSENTO,81416
255671336R,JOGO DE FIOS ELETRICOS (CHICOTE ELETRICO,81417
237964624R,VALVULA SOLENOIDE DE CONTROLE DA MARCHA,81418
625131097R,SUP FIX PÁRALAMA CARROCERIA P/VEÍC,81419
8200435121,ENGRENAGEM DA CAIXAS DE MARCHAS DE VEI,81419
801865187R,BAGUETE DE PORT DIANT DIR,81421
848109634R,FRISO DA TAMPA DO PORTA MALAS PARA CARRO,81422
751314023R,ELEMENT FRMT LONGERON AV G ASS,81423
302052458R,COLECAODEEMBREAGEM,82001
113606959R,COXIM ANTIVIBRACAO E DE FIXACAO DO MOTO,82002
112103231R,SUPORTE DE FIXACAO DA CARROCERIA DE VEIC,82003
808215869R,PROTETOR DA PORTA PARA CARROCERIA DE VEI,82004
562101658R,AMORTECEDOR DE SUSPENSAO DE VEICULO AUT,82005
873204027R,COBERTURA DE REVESTIMENTO DO ASSENTO DO,82005
123032660R,POLIA DO EIXO DO VIRABREQUIM,82006
7701471886,JOGO DE JUNTAS E RETENTORES DO CABECOTE,82007
8201022367,DISTRIBUIDOR DE ENTRADA DE AR MOTOR,82008
8201067589,TUBO DE COMBUSTIVEL DE VEICULO AUTOMOVEL,82009
8200689100,PINO DE ACO LIGA ROSCADO,82009
788269352R,TRAVA DA PORTINHOLA DO TANQUE DE COMBUST,82010
551100019R,BIELETA DA ESTABILIZADORA,82011
8201004237,PARAFUSODEAÇO,82012
8200497819,BATENTE EM METAL DE PARADA DA PORTA DE V,82013
7703034265,PORCA ROSCADA DE ACO LIGA. COM PROCESSO,82014
802849199R,ACABAMENTO PLASTICO AUTOADESIVO DA COLU,82014
7703034274,PORCA FLANGEADA M12 EM ACO LIGA (C: 0,17,82014
0112100772,PARAFUSO ROSCADO DE ACO,82015
8200657217,CANTONEIRA EM ACO DE FIXACAO DA GRADE P,82016
641C01004R,SUPORTE DO PARALAMAS DA CARROCERIA DE VE,82017
822350752R,MOLDURA DO CANTO DA PORTA PARA CARROCARI,82017
822355361R,GUARNICAO DA PORTA TRAS ESQ,82017
284425707R,SENSOR DE ESTACIONAMENTO,82018
487004438R,Cilindro de ignição  XBG,82019
135060703R,COBERTURA PLASTICA DO PORTA MALAS DE VEI,82019
904560269R,PARAFUSO NAO PERFURANTE ROSCADO DE ACO L,82019
8200686482,PARAFUSO FLANGEADO EM ACO LIGA, TRATAMEN,82020
7703034230,PORCA ACO LIGA TEMPE REVENIDO M10X125,82021
6001548892,TUBO DE BORRACHAVULCANIZADA NÃO ENDURECI,82022
410604775R,PASTILHA DE FREIO DE VEICULO AUTOMOVEL.,82022
6001550036,ESPELHO RETROVISOR PARA USO EM VEICULO A,82023
8200543879,APARELHO ELETRICO (LUZ DO TETO) DE ILUMI,82023
878175000R,BOUCLE CEINTURE SCR G 1ERE RNG,82024
275104341R,INTERRUPTOR ELETRICO PARA TENSAO IGUAL A,82025
7711945723,CASTROL RN 5W30 RN720 1L,82025
27000008,MODULO DO VIDRO FIXO PARA CARROCERIA DE,82026
806B02596R,MACANETA DE PLASTICO PARA VEICULO AUTOMO,82027
7700418919,SENSOR DE VELOCIDADE DE VEICULO AUTOMOVE,82027
256919518R,KIT ALARME ANTIROUBO QUE EMITE SINAIS A,82028
8200595305,DUTO DE INJECAO DE OLEO NO TURBOCOMPRESS,82029
822822661R,ACABAMENTO ADESIVO PLASTICO DA COLUNA DA,82030
326041262R,ANEL SINCRONIZADOR DA CAIXA DE MARCHAS D,82031
8200027424,EMBLEMA PLASTICO DA CARROCARIA DE VEICUL,82032
804005103R,DOBRADICA DE METAL COMUM DA PORTA PARA V,82032
122075293R,BRONZE DO VIRABREQUIM DO MOTOR COM DIAME,82033
289130999R,TAMPA DO RESERVATORIO DE AGUA DO LAVADOR,82033
978182656R,ETIQUETA PLASTICA AUTO ADESIVA PARA VEIC,82034
255409836R,INTERRUPTOR ELETRICO DA LUZ INDICADORA D,82035
8200766676,CONJUNTO COMANDO ABERTURA INTERNA PORTAS,82036
8200226894,TAMPA RESERVATORIO LAVA VIDRO,82037
226908466R,SENSOR DE OXIGENIO (SONDA LAMBDA) DE US,82038
788260005R,ATUADOR ELETRICO, CONJUNTO MOTOR E REDUT,82039
7700352434,MACANETA DE PLASTICO DA PORTA DE VEICULO,82039
7701479193,EIXO DE SELECAO DA CAIXA DE MARCHAS PARA,82040
7703002735,PARAFUSO NAO PERFURANTE ROSCADO DE ACO L,82042
8200650085,SENSOR DE OXIGENIO (SONDA LAMBDA) PARA M,82043
7711943753,CASTROL PRO 5W30 A5/B5 1L,82044
7700351415,MECANISMO EM ACO DA FECHADURA DA PORTA V,82045
638750190R,COBERTURA DO PARALAMA PARA CARROCERIA,82046
326152234R,ANEL DE FRICCAO DA CAIXA DE MARCHAS DE V,82046
401587184R,PARAFUSO DE ACO ROSCADO DE USO EM VEICUL,82047
486401937R,CAIXA DE ESFERAS DA COLUNA DE DIRECAO DE,82048
8200808370,REFORCO DO APOIO DE PE PARA CARROCARIA D,82048
8660004545,PASTILHAS DE SISTEMA DE FREIO MOTRIO DE,82049
878168786R,FIVELA DO CINTO PARA CARROCERIA DE VEICU,82050
460119216R,CILINDRO MESTRE DO FREIO DE VEICULO AUTO,82050
546182198R,HASTE DA BARRA ESTABILIZADORA DA SUSPENS,82051
8200805603,CARTER DE OLEO PARA MOTOR DE IGNICAO P,82051
827211273R,LEVANTA VIDRO ELETRICO P/ VEIC AUTO,82052
165553524R,DUTO PARA ENTRADA DE AR CONDICIONADO,82052
738324637R,COBERTURA DO SUPORTE DA BARRA DE TETO,82052
269161639R,SUPORTE DO FAROL DE NEBLINA NO PARACHOQU,82053
231000711R,ALTERNADOR PARA VEICULO AUTOMOVEL,82054
224336134R,BOBINADEIGNICAOPARAMOTORDEVEICULO,82055
214982460R,DEFLETOR DE AR DO RADIADOR DE VEICULO,82056
562105270R,AMORTECEDOR TRASEIRO,82057
120A14870R,PISTOES P/ MOTOR DE IGNICAO POR COMPRESS,82058
165559411R,DUTO DO FILTRO DE ENTRADA DE AR DO MOTOR,82059
117206190R,CORREIA DE TRANSMISSAO SEM FIM, DE SECAO,82060
823310035R,JUNTA DE BORRACHA VULCANIZADA NÃO ENDURE,82060
231007317R,ALTERNADOR DE VEICULO AUTOMOVEL,82061
808321700R,VEDACAO DE ENTRADA DA PORTA DIANTEIRA, C,82061
497250009R,TUBULACAO DA VALVULA DE SAIDA DO SISTEMA,82062
265504304R,APARELHO ELETRICO (CAIXAS DE LUZES COMBI,82062
924400031R,TUBO DE ALUMINIO COM CLAD, PARA APLICACA,82063
233001105R,MOTORDEARRANQUE(PARTIDA)PARAMOTOR,82063
7711943755,CASTROL PRO 5W40 A3/B4 1L,82064
8200211017,CARCACA DA CAIXA DE CONEXAO ELETRICA PAR,82065
823311221R,CALHA DO VIDRO TRASEIRO LADO ESQUERDO,9PS
769512493R,ACABAMENTO DA SOLEIRA DIR DA CARROCARIA,9PS
302057116R,COLLECTIONEMBRAYAGE,90001
132659136R,TAMPA DE CABEÇOTE,90002
260105795R,APARELHO ELÉTRICO PARA ILUMINAÇÃO  FARO,90003
260606263R,APARELHO ELÉTRICO PARA ILUMINAÇÃO  FARO,90005
260609268R,APARELHO ELETRICO (FAROL) DE ILUMINACAO,90006
963026057R,RETROVISOR MANUAL ESQUERDO,90007
214106556R,RADIADOR P/ SIST DE ARREFECIMENTO,90008
260602307R,APARELHO ELÉTRICO DE ILUMINAÇÃO  FAROL,90009
767187018R,ALARGADOR DE PASSAGEM DE RODA TRASEIRO D,90010
260107066R,APARELHO ELETRICO (FAROL) DE ILUMINACAO,90011
110417248R,CABECOTE FABRICADO EM LIGA DE ALUMINIO P,90012
625047534R,ESTRUTURA  DE FECHAMENTO E FIXACAO DO RA,90014
876704926R,COBERTURA DE ACABAMENTO DO ENCOSTO DO AS,99AA
8200110328,GRAMPO PLASTICO PARA FIXACAO,99ZA
8200042037,ENGRENAGEM DO TIPO PINHAO DO VIRABREQUIM,99ZZ
803270001R,GUIA DO VIDRO DA PORTA, EM BORRACHA VULC,99ZZ
806209872R,HASTE EM METAL DA CARROCARIA DE VEICULO,99ZZ
806701730R,CONJUNTO COMANDO ABERTURA INTERNA PORTAS,99ZZ
8200821549,VISFIXMECANISMEEMBRAYAGE,99ZZ
8200825410,MANOPLA DA ALAVANCA DA CAIXA DE MARCHAS,99ZZ
8200832772,MANIVELA,99ZZ
827201086R,MECANISMO DE AÇO PARA LEVANTAMENTO MANUA,99ZZ
827208348R,MECANISMO ELETRICO DE ABERTURA E FECHAME,99ZZ
7701473054,PINO NAO PERFURANTE ROSCADO DE ACO LIGA,99ZZ
322B58300R,CAIXA DE MARCHAS DE VEICULO AUTOMOVEL,99ZZ
849B83689R,CAIXA,99ZZ
873707799R,COBERTURA DE ACABAMENTO DO ASSENTO,99ZZ
876702891R,COBERTURA DE ACABAMENTO DO ASSENTO DE VE,99ZZ
240116122R,JOGO DE FIOS ELETRICOS (CHICOTE ELETRICO,99ZZ
8200814830,MANCAL DE FIXACAO DO EIXO TRASEIRO DE VE,99ZZ
237104437R,MODULO DE CONTROLE ELETRONICO DE INJECAO,99ZZ
237109859R,MODULO DE CONTROLE ELETRONICO AUTOMATICO,99ZZ
809614251R,MOLDURA DO INTERRUPTOR DOS VIDROS DA CAR,99ZZ
8200291362,POLIADENTADADOEIXODECOMANDODEVALV,99ZZ
829A08198R,ACABAMENTO DO PAINEL DA PORTA DA CARROCA,99ZZ
13094ED000,PINO NAO ROSCADO DE ACO LIGA COM PROCESS,99ZZ
000000015490460000,PNEU 185/65R15 88H CONTIPOWERCON,99ZZ
441006424R,CILINDRO HIDRAULICO DE MOVIMENTO RETILIN,99ZZ
668634630R,GRADE DE ENTRADA DE AR DO CAPO DO MOTOR,99ZZ
123113883R,VOLANTE DO MOTOR CONFECCIONADO EM FERRO,99ZZ
220601427R,SENSOR DE DETONACAO PARA MOTOR DE VEICUL,99ZZ
8201678679,MOTOR DE PISTAO ALTERNATIVO DE IGNICAO P,99ZZ
823317997R,PESTANA PLASTICA DA PORTA PARA USO EM VE,99ZZ
21200ED00A,VALVULA TERMOSTATICA, UTILIZADA EM VEICU,99ZZ
132034269R,MOLA DE ACO HELICOIDAL CILINDRICA DA VAL,99ZZ
6001551124,MOLDURA MOVEL DA PORTA DIANT DIR,99ZZ
110109069R,BLOCO DO CILINDRO DO MOTOR DE IGNICAO PO,99ZZ
208A04907R,DEPURADOR POR CONVERSAO CATALITICA DE GA,99ZZ
240113177R,JOGO DE FIOS ELETRICOS (CHICOTE ELETRICO,99ZZ
233009258R,MOTOR DE ARRANQUE PARA USO EM VEICULO AU,99ZZ
7701062876,PAINEL DE ACABAMENTO DA GRADE DE VENTILA,99ZZ
296889243R,GAXETA DE BORRACHA VULCANIZADA NAO ENDUR,99ZZ
462108909R,CABO DO FREIO DE VEICULO AUTOMOVEL,99ZZ
7703067094,CAVILHA DE ACO, GALVANIZADO E REVENIDO,,99ZZ
638440013R,CAIXA DE RODA PARA CARROCARIA DE VEICULO,99ZZ
7751471745,PORTAS DE VEÍCULOS AUTOMÓVEIS,99ZZ
727124617R,VIDRO DE SEGURANCA, FORMADO POR FOLHAS C,99ZZ
7700103533,VELA DE IGNIÇÃO,99ZZ
7703002663,PARAFUSO FLANGEADO, EM ACO LIGA, TEMPERA,99ZZ
743154839R,ISOLADOR ANTI RUIDO DO ASSOALHO PARA CAR,99ZZ
8200918467,TUBO BORRACHA,99ZZ
850445361R,SUPORTE DE FIXACAO DO PARACHOQUE DE VEÍ,99ZZ
850760142R,MOLDURA DE ACABAMENTO DO PARACHOQUE DE,99ZZ
864002715R,APOIO DE CABECA DO BANCO DE VEICULO AUTO,99ZZ
888402434R,CINTO DE SEGURANCA COMPLETO DA CARROCARI,99ZZ
391009309R,SEMIEIXO DE TRANSMISSAO PARA VEICULO AU,99ZZ
391019887R,SEMI EIXO DE TRANSMISSAO PARA VEICULO AU,99ZZ
969C27494R,SUPORTE DO CONSOLE PARA CARROCARIA,99ZZ
883203686R,COBERTURA DE ACABAMENTO DO ASSENTO,99ZZ
7701207081,ABSORVEDOR DE IMPACTO DO PARA CHOQUE,99ZZ
7701478639,SUPORTE PARA BARRA DE FIXACAO DE USO EM,99ZZ
7703008251,PARAFUSO,99ZZ
7702266192,OLEO CX 75W80 4L,99ZZ
7702267516,205/55 R16 TURANZA ER300 91V,99ZZ
403003469R,RODA EM LIGA DE ALUMINIO, PARA VEIC AUTO,99ZZ
01125E8031,PARAFUSO NAO PERFURANTE DE ACO,99ZZ
638306820R,PROTETOR DA CAIXA DE RODA PARA CARROCARI,99ZZ
687604974R,DEFLETOR DE SAIDA AR DA CARROCERIA DE VE,99ZZ
261A37963R,MOLDURA DE ACABAMENTO DO FAROL DE NEBLIN,99ZZ
328907124R,MODULO MECANICO PARA COMANDO DA PASSAGEM,99ZZ
543022106R,AMORTECEDOR DO SISTEMA DE  SUSPENSAO DE,99ZZ
682524087R,TAMPA DO PORTA LUVAS DE VEICULO AUTOMOVE,99ZZ
7751475037,PORTA PARA CARROCARIA DE VEICULO AUTOMOV,99ZZ
8201705201,VALVULA DE ADMISSAO PARA MOTOR DE IGNCAO,99ZZ
822344750R,COBERTURA DE ACABAMENTO DA COLUNA PARA C,99ZZ
8200634256,INTERRUPTOR ELETRICO,99ZZ
8200807752,MANCAL DE FIXACAO DO EIXO,99ZZ
850227676R,PARACHOQUE TRASEIRO PARA VEICULO AUTOMOV,99ZZ
8200752893,EMBLEMA PLASTICO DA CARROCARIA DE VEICUL,99ZZ
774A41862R,TIRANTE DO PAINEL PARA CARROCERIA,99ZZ
8201719715,CARTER DE OLEO DE MOTOR,99ZZ
430426964R,MANGA DE EIXO EM ACO PARA EIXO TRASEIRO,99ZZ
8200834449,JUNTA DE VEDACAO MECANICA CONSTITUIDO,99ZZ
8200750170,VIS FIX POMPE INJ,99ZZ
797123116R,VIDRO SEG TEMPERADO P/VEIC AUTO,99ZZ
384245764R,BATENTE DE FRCCAO DO EIXO DE TRANSMISSAO,99ZZ
265508391R,FARO TRASERO DER X65 NC BASE ROJA,99ZZ
7702233712,PARACHOQUE DE VEICULO AUTOMOVEL,99ZZ
8200895860,CAIXA DA DIRECAO HIDRAULICA DE VEICULO A,99ZZ
829A01510R,CONJUNTO DE ACABAMENTO DO PAINEL INTERNO,99ZZ
849512654R,ELEMENTO DE FECHAMENTO ESQUERDO DO BAGAG,99ZZ
829A06506R,REVESTIMENTO DO PAINEL DA PORTA LATERAL,99ZZ
7701410456,CALHA DE CHUVA DA JANELA PARA CARROCARIA,99ZZ
8660089540,CONJ. DE DISCOS DE FREIO TRASEIRO MOTRIO,99ZZ
7751719400,CAIXA DE PASSAGEM DE RODAS DE VEICULO AU,99ZZ
876114599R,PLACA PARA CARROCARIA DE VEICULO,99ZZ
8200916114,ENGRENAGEM DA CAIXA DE MARCHAS DE VEICUL,99ZZ
8200916118,ENGRENAGEM DA CAIXA DE MARCHAS DE VEICUL,99ZZ
8200916864,VIDRO EMOLDURADO PARA VEICULO,99ZZ
7703002831,PARAFUSO NAO PERFURANTE ROSCADO DE ACO L,99ZZ
7702266453,ELF 5W30,99ZZ
963025893R,ESPELHO RETROVISOR PARA VEICULO AUTOMOVE,99ZZ
112102235R,COXIM ANTIVIBRACAO DO MOTOR DO VEICULO A,99ZZ
122153314R,BRONZE DO VIRABREQUIM DO MOTOR PARA VEIC,99ZZ
7703008080,PARAFUSO,99ZZ
7703008192,PARAFUSODEAÃ#O,99ZZ
7703032158,PORCA HEXADECIMAL ROSCADA, DE ACO LIGA,,99ZZ
7703035041,ECROU H EMBASE M8,99ZZ
7703066381,ANNEAU D`ARRET,99ZZ
638507408R,SUPORTE DO PARA LAMA VEICULO LD DIREITO,99ZZ
758901227R,MOLDURA EM ACO PARA PROTECAO INFERIOR DO,99ZZ
110415621R,CABEÃ#OTE DO MOTOR,99ZZ
8200734089,PLACA COM FORMATO PROPRIO ANTIRRUIDO DO,99ZZ
7700410278,FRISO DE PLASTICO PARA CARROCARIA DE VEI,99ZZ
731124535R,TETO DA CARROCARIA DE VEICULO AUTOMOVEL,99ZZ
760333147R,PAINEL LATERAL DA PORTA PARA CARROCARIA,99ZZ
150A09501R,CONJUNTO COM DUAS POLIAS ACOMPANHADAS DE,99ZZ
809012669R,REVESTIMENTO INTERNO DE ACABAMENTO DA PO,99ZZ
8200607861,SUPORTE DA GRADE DO RADIADOR DE VEICULO,99ZZ
873901092R,TAMPA PLASTICA DA BATERIA DE VEICULO AUT,99ZZ
123112462R,VOLANTE EM FERRO FUNDIDO DE TRANSFERENCI,99ZZ
731129521R,TETO PARA CARROCARIA DE VEICULO,99ZZ
7701073120,CAIXA DE MARCHAS DE VEICULO AUTOMOVEL,99ZZ
8200760103,TUBO DE BORRACHA VULCANIZADA, NAO ENDURE,99ZZ
8200906076,ISOLADOR PARA CARROCARIA DE VEICULO AUTO,99ZZ
876708662R,COBERTURA DE ACABAMENTO DO ASSENTO DE VE,99ZZ
260301257R,TAMPA PLASTICA PARA COBERTURA DO SOQUETE,99ZZ
265502140R,LUZ TRASEIRA DIRETA,99ZZ
132056681R,ASSENTO DA VALVULA PARA MOTOR DE IGNICAO,99ZZ
237313LM1A,SEN ASSYCAM,99ZZ
996941243R,PORTA COPO DE PLASTICO PARA CARROCERIA D,99ZZ
864008442R,APOIO DE CABECA DO BANCO DE VEICULO,99ZZ
964006418R,PARASSOL DA CARROCARIA DE VEICULO AUTOMO,99ZZ
998108884R,CHAVE COM APARELHO DE RADIOTELECOMANDO,99ZZ
873207945R,COBERTURA DE ACABAMENTO DO ASSENTO,99ZZ
873460501R,REGULADOR DO ASSENTO DE VEICULO AUTOMOVE,99ZZ
849502472R,REVESTIMENTO INTERNO DA LATERAL DO PORTA,99ZZ
926003859R,COMPRESSOR DO AR CONDICIONADO COM CAPACI,99ZZ
829505845R,ALCA DE PLASTICO DO TETO DE VEICULO AUTO,99ZZ
829509026R,PUXADOR DE PLASTICO DA PORTA DE VEICULO,99ZZ
886203778R,COBERTURA DO ENCOSTO DO ASSENTO,99ZZ
8660089503,FILTRO DE AR MOTRIO,99ZZ
995144774R,PARAFUSO NAO PERFURA,99ZZ
732106546R,TRAVERSE AV PAVILLON PASS,99ZZ
7703016547,PARAFUSO TORX FLANGEADO, AUTOPERFURANTE,99ZZ
7703074022,TAMPAO PLASTICO PARA USO EM VEICULO,99ZZ
878162915R,ANEL DO CINTO DE SEGURANCA,99ZZ
8200814764,BARRASESTABILIZADORASTRASEIRAS,99ZZ
8201313092,PARALAMAS PARA CARROCARIA DE VEICULO,99ZZ
802840017R,MOLDURA DE ACABAMENTO DA COLUNA DA PORTA,99ZZ
8200048240,GUARNICAO PLASTICA PARA REVESTIMENTO DA,99ZZ
8200066662,SUPORTE DE METAL PARA O MOTOR DE IGNIÇÃO,99ZZ
809014301R,PAINEL DE REVESTIMENTO DA PORTA PARA CAR,99ZZ
969245547R,Kit de Manuais Duster 2015/2015,99ZZ
8200760255,JUNTA EM BORRACHA VULCANIZADA NÃO ENDURE,99ZZ
8200763132,CABO DE LIBERACAO DA TRAVA DO CAPO PARA,99ZZ
172023599R,BOMBA COMBUSTIVEL COM MEDIDOR DO NIVEL,99ZZ
544117304R,SUPORTE DO BERCO DO MOTOR PARA CARROCERI,99ZZ
791024802R,PAINEL TRASEIRO DA CARROCERIA DE VEICULO,99ZZ
767497465R,PROTETOR PLASTICO DA CAIXA DE RODAS PARA,99ZZ
876209259R,REVESTIMENTO TEXTIL DO ENCOSTO DO ASSENT,99ZZ
8200676608,DOBRADICA DE ACO DO CAPO,99ZZ
689300920R,ACABAMENTO DO CONSOLE  DA CARROCARIA DE,99ZZ
731141601R,ALLONGE LAT PAVILLON CABINE D,99ZZ
883202141R,ASSENTO TRASEIRO DE VEICULO AUTOMOVEL,99ZZ
540507942R,BATENTE EM BORRACHA VULCANIZADA NÃO ENDU,99ZZ
231005225R,ALTERNADOR DO MOTOR PARA TRANSFORMAR ENE,99ZZ
403001766R,RODA COM DIAMETRO DE 17 POLEGADAS DE VEI,99ZZ
924000478R,TUBO DE BORRACHA REFORCADO COM MATERIA T,99ZZ
924106891R,TUBO DE BORRACHA VULCANIZADA NAO ENDUREC,99ZZ
964011781R,PARASOL DA CARROCARIA DE VEICULO,99ZZ
760326083R,PAINEL DA CARROCARIA DE VEICULO AUTOMOVE,99ZZ
7700414986,INTERRUPTOR ELETRICO PARA TENSAO DE 12V,99ZZ
120102403R,KIT DE PISTÃO COM ANEL E PINO,99ZZ
8200582024,RADIADOR AGUA LOGAN/SANDERO 2013,99ZZ
237311KT5A,SENSOR DE ÂNGULO DO EIXO DE VIRABREQUIM,99ZZ
687604803R,DIFUSOR DE AR DO PAINEL DE INSTRUMENTOS,99ZZ
248104920R,QUADRO DE INSTRUMENTOS,99ZZ
805031332R,FECHADURA DE PORTAS LATERAIS,99ZZ
808712794R,ACABAMENTO ADESIVO PLASTICO DA COLUNA DA,99ZZ
8200389217,GARFODACAIXADEMARCHASCOMEIXO,99ZZ
7701716641,DIFERENCIAL DA CAIXA DE MARCHAS,99ZZ
7701208062,DESCRIÇÃO NÃO CADASTRADA,99ZZ
7703050176,PINO DE ACO, NAO ROSCADO, TEMPERADO E RE,99ZZ
7703053917,ARRUELA DE ACO,99ZZ
7701477689,POLIA DE VEICULO AUTOMOVEL,99ZZ
7703062012,ANEL DE VEDACAO EM COBRE (ORING),99ZZ
873115187R,ESPUMA DO ENCOSTO DO BANCO,99ZZ
873118333R,ESPUMA DO ASSENTO,99ZZ
8200044920,SUPORTE EM METAL DO MOTOR DE VEICULO AUT,99ZZ
924008911R,TUBO DE BORRACHA SEM ACESSORIOS,99ZZ
876201390R,REVESTIMENTO DE COBERTURA DO ASSENTO,99ZZ
8200936716,GARFO DA CAIXA DE MARCHAS DE VEICULO AUT,99ZZ
8200938095,PARAFUSO NAO PERFURANTE ROSCADO DE ACO L,99ZZ
8200939081,CORREIATRANSMSÍNCRONA914,40MM,99ZZ
8200049826,MOTOR DE ARRANQUE PARA MOTOR,99ZZ
8200766697,PROTETOR PLASTICO DA FECHADURA DE VEICUL,99ZZ
809017192R,PAINEL DE REVESTIMENTO INTERNO DA PORTA,99ZZ
8200740502,EXTENSAO PARA PAINEL DE CARROCARIA DE VE,99ZZ
8200700430,DEFLETOR DE AR DO PARACHOQUE DE VEICULO,99ZZ
8200702184,BORRACHA ALVEOLAR,99ZZ
8200308537,APOIO PARA CARROCARIA DE VEICULO AUTO,99ZZ
289450748R,GRAMPO DE PLASTICO DE USO MULTIFUNCIONAL,99ZZ
289756065R,TUBO DO RESERVATORIO DE AGUA,99ZZ
328089608R,ALAVANCA DA CAIXA DE MARCHAS DE VEICULO,99ZZ
344140819R,DISPOSITIVO EM PLASTICO PARA FIXACAO DOS,99ZZ
7752232795,PUERTA DELANTERA IZQ X65 C2,99ZZ
8200419152,MODULO DE CONTROLE DE DISPARO DO AIR BAG,99ZZ
8200433441,TAPETE PROPRIO PARA AUTOMOVEL, DE BORRAC,99ZZ
237108973R,MODULO DE CONTROLE ELETRONICO AUTOMATICO,99ZZ
121500151R,BRONZE DO VIRABREQUIM DO MOTOR COM DIAME,99ZZ
985109782R,BOLSA INFLAVEL DE SEGURANCA(AIR BAG),99ZZ
922000004R,AQUECEDOR DE PREIGNICAO DO DIESEL,99ZZ
8200261961,DUTO DE ENTRADA DO FILTRO DE AR DE VEICU,99ZZ
7711732493,CAMISA SOCIAL FEMININA 28966 BRANCO M,99ZZ
7711732484,CAMISA SOCIAL MASCULINA 28964 BRANCO G,99ZZ
7711732483,CAMISA SOCIAL MASCULINA 28964 BRANCO M,99ZZ
555016710R,EIXO DE TRANSMISSAO NÃO MOTOR TRASEIRO D,99ZZ
622543229R,GRADE DE ENTRADA DE AR DO PARACHOQUE DE,99ZZ
8200661170,FECHADURA DE ACO DA TAMPA ELEVATORIA (PO,99ZZ
200104353R,TUBO DE ESCAPE COM SILENCIOSO,99ZZ
8200987453,VALVULA TIPO BORBOLETA PARA VEICULO AU,99ZZ
164460961R,TUBO PLASTICO NAO REFORCADO E NEM ASSOCI,99ZZ
172022780R,BOMBA DE COMBUSTIVEL DE MOTOR,99ZZ
7701473628,PARACHOQUE DE VEICULO AUTOMOVEL,99ZZ
7703008170,PARAFUSO FLANGEADO EM ACO LIGA, TRATAMEN,99ZZ
7703008207,VIS RLX M8X12530 88 SA3GS,99ZZ
7703008257,PARAFUSO,99ZZ
7702266005,LAMPADAS DE HALOGENEO 12V PARA USO,99ZZ
7702266087,LÂMP HALOGÊNIO 12V USO VEÍC AUTO,99ZZ
7703034280,PORCA DE AÇO,99ZZ
7701207787,PINCA DO FREIO DE VEICULO AUTOMOVEL,99ZZ
7703015200,PARAFUSO NAO PERFURANTE ROSCADO DE ACO L,99ZZ
7703179007,PARAFUSODEACO,99ZZ
7703179036,PRESILHA PLASTICA MULTIFUNCIONAL,99ZZ
7703179061,CLIPE EM PLASTICO PA66, FIXACAO ELEMENTO,99ZZ
7703179091,PRESILHA PLASTICA DE USO MULTIFUNCIONAL,99ZZ
7701477194,VALVULA DE ADMISSAO PARA MOTOR DE PISTAO,99ZZ
7703002662,PARAFUSO NAO PERFURANTE DE ACO LIGA,99ZZ
7703002748,PARAFUSO NAO PERFURANTE DE ACO LIGA,99ZZ
7701692577,FRISOPLÁSTICOPARACARROCERIA,99ZZ
7703083420,ABRACADEIRA DE ACO PARA USO EM VEICULO A,99ZZ
7703083432,ABRACADEIRA DE ACO PARA USO EM VEICULO A,99ZZ
8200063896,VIRABREQUIM EM ACO PARA USO EM MOTOR DE,99ZZ
8200756597,PARADA ADITIVA PORTA MALS,99ZZ
809000841R,CONJUNTO DE ACABAMENTO DO PAINEL INTERNO,99ZZ
8200613204,TUBO INJETOR DE COMBUSTIVEL PARA MOTOR D,99ZZ
8200109530,ENGRENAGEM DA CAIXA DE MARCHAS DE VEICUL,99ZZ
8200953358,COMPRESSOR,99ZZ
788A28344R,767187018R ACABAMENTO PASSAGEM DE RODA,99ZZ
791104237R,PAINEL DE REVESTIMENTO INTERNO DA CARROC,99ZZ
8200865000,PROTETOR DA CAIXA DE RODAS PARA CARROCAR,99ZZ
755571995R,PLAQUETTE G,99ZZ
755576137R,PLAQUETTE G,99ZZ
7711733488,CAMISA POLO NEW GRAPHIC RENAULT RS MAS,99ZZ
7711733489,CAMISA POLO NEW GRAPHIC RENAULT RS MAS,99ZZ
7711733493,CAMISA POLO NEW POWER RENAULT RS MAS,99ZZ
7711733523,BONÉ NEW GRAPHIC RENAULT RS,99ZZ
7711733525,BONÉ SPORT RENAULT RS,99ZZ
7711733533,CHAVEIRO LEATHER RENAULT RS,99ZZ
7700418335,CHAVE PARA REMOÇÃO DO TAMPÃO DE RODA, DE,99ZZ
803317044R,GUIA DA JANELA DA PORTA PARA CARROCARIA,99ZZ
8660089589,JOGO DE PASTILHAS DE FREIO DE VEICULO AU,99ZZ
476600714R,CILINDRO MESTRE DO FREIO DE VEICULO AUTO,99ZZ
7701469247,BIELA PARA MOTOR DE IGNICAO POR CENTELHA,99ZZ
7711120025,CARTER DE OLEO PARA MOTOR,99ZZ
825867688R,PARAFUSO NAO PERFURANTE ROSCADO DE ACO L,99ZZ
331A11924R,CLIPE EM ACO DE USO MULTIFUNCIONAL EM VE,99ZZ
7703067216,PINO NAO ROSCADO DE ACO LIGA TEMPERADO E,99ZZ
7701470142,PARACHOQUES DE VEICULO AUTOMOVEL,99ZZ
7701205714,FECHO DO PORTA LUVAS DO PAINEL DE INSTRU,99ZZ
7701472670,VALVULA DE ESCAPE PARA MOTOR DE PISTAO D,99ZZ
7701479004,CABO DO FREIO DE ESTACIONAMENTO DE VEICU,99ZZ
7703079351,AGRAFE SUPPORT 1 VOIE BO6.2X12.2,99ZZ
7703006294,PARAFUSO NAO PERFURANTE ROSCADO DE ACO L,99ZZ
7701207448,DUTO PLASTICO DO SISTEMA DE CLIMATIZACAO,99ZZ
7701207667,ELEMENTO DO FILTRO DE OLEO EM MOTOR DE I,99ZZ
7703102030,PARAFUSO NAO PERFURANTE ROSCADO DE ACO L,99ZZ
7701070217,VENTILADOR PARA SISTEMA DE ARREFECIMENTO,99ZZ
7701070654,JUNTA DE BORRACHA VULCANIZADA NAO ENDURE,99ZZ
7701209350,SUPORTE PARA FIXACAO DO VENTILADOR DO RA,99ZZ
7701209371,POLIA NAO REGULADORA DE TENSAO DE USO MU,99ZZ
7701071287,ABRACADEIRA DE ACO DE USO MULTIFUNCIONAL,99ZZ
8200747947,TUBULACAO DO SISTEMA DE INJECAO DE COMBU,99ZZ
8200646632,PARAFUSO NAO PERFURANTE ROSCADO DE ACO L,99ZZ
8200651161,ARTICULATION AR BRAS TRSV INF AV,99ZZ
8200103260,CAPA PROTETORA DA LUZ DE MANOBRA PARA CA,99ZZ
833401748R,VIDRO DE SEGURANCA TEMPERADO PARA USO EM,99ZZ
8200847056,JUNTA DE BORRACHA,99ZZ
822310008R,GUIA DO VIDRO DA PORTA P/ VEÍC,99ZZ
804000006R,DOBRADIÇA FABRICADA EM AÇO PARA MONTAGEM,99ZZ
805025360R,FECHADURAMETALCOMUMPORTA,99ZZ
823000013R,VIDRO DE SEGURANCA CURVO TEMPE,99ZZ
8201168003,ALAVANCA DE ACIONAMENTO DO LIMPADOR DE P,99ZZ
8201242591,MOTOR DE PISTAO DE IGNICAO POR CENTELHA,99ZZ
8200537583,CORREIA DE DISTRIBUIÇÃO,99ZZ
873113308R,ESPUMA DO ASSENTO DO BANCO DE VEICULO AU,99ZZ
876514307R,ESTRUTURA EM METAL DO ASSENTO,99ZZ
888419451R,CINTO DE SEGURANCA PARA USO EM VEICULO,99ZZ
8200752803,GRADE DE ENTRADA DE AR NO PARACHOQUE DE,99ZZ
8200618359,TUBULACAO PARA SISTEMA DE EMBREAGEM HIDR,99ZZ
323716935R,ENGRENAGEM CAIXA DE MARCHAS DE VEICULO,99ZZ
8200609205,GRAMPO MANUTENCAO,99ZZ
8200609549,RESERVATORIO DE AGUA DO LIMPADOR DO PARA,99ZZ
8200230751,REFORCO DE FIXACAO DO RETROVISOR PARA CA,99ZZ
8200137104,TAMBOR DO FREIO,99ZZ
8200137590,PRATO DE APOIO DA MOLA DA VALVULA PARA M,99ZZ
8200571104,BATENTE DE ACO PARA VEICULO AUTOMOVEL,99ZZ
8200574970,FUSIVEL PARA TENSAO INFERIOR A 1000V DE,99ZZ
8200576595,DUTO DO SISTEMA DE VENTILACAO DA CARROCA,99ZZ
8200603358,VESTIMENTO DA PORTA DE VEICULO AUTOMOVEL,99ZZ
8200343474,PEDAL DO ACELERADOR PARA VEÍCULO AUTOMÓV,99ZZ
7701478224,JG DE PISTAO E ANEIS  P/ MOTOR  CENTEL,99ZZ
7703002772,PARAFUSO FLANGEADO, EM ACO LIGA, TEMPERA,99ZZ
7701462841,CALÇO DE ENCOSTO DO VIRABREQUI,99ZZ
7701206812,ANELDEVEDAÇÃODEBORRACHA,99ZZ
7703065205,JUNTA DE BORRACHA VULCANIZADA NAO ENDURE,99ZZ
7703026065,PARAFUSO NAO PERFURANTE ROSCADO DE ACO,99ZZ
7703066038,ANEL DE AÇO PARA TRAVAMENTO DE USO,99ZZ
648608504R,CONJUNTO DE SUPORTE BATERIA,99ZZ
799124482R,SUPORTE LATERAL DO TAMPAO DO PORTAMALAS,99ZZ
803306104R,MOLDURA DE BORRACHA VULCANIZADA NAO ENDU,99ZZ
8201724187,PARAFUSO NAO PERFURANTE ROSCADO DE ACO L,99ZZ
829A09153R,ACABAMENTO DO PAINEL INTERNO DA PORTA,99ZZ
255405718R,CONTROLADOR PROGRAMAVEL COM TENSAO DE 12,99ZZ
876707940R,CAPA DE ASSENTO DE VEICULO AUTOMOVEL,99ZZ
921202727R,CONJUNTO DO VENTILADOR DO SISTEMA DE ARR,99ZZ
921207366R,VENTILADOR PARA SISTEMA ARREFECIMENTO,99ZZ
963731854R,COBERTURA PLASTICA DO ESPELHO RETROVISOR,99ZZ
749029468R,TAPETE DE CARPETE PARA VEICULO AUTOMOVEL,99ZZ
7903067011,PINO DE ACO LIGA ROSCADO TEMPERADO, REVE,99ZZ
651001209R,CAPO DA CARROCARIA DE VEICULO AUTOMOVEL,99ZZ
656014092R,SERRURE CAPOT,99ZZ
732103855R,TETO PARA CARROCARIA DE VEICULO AUTOMOVE,99ZZ
802402040R,GUIA DA PORTA PARA CARROCARIA DE VEICULO,99ZZ
808303561R,GUARNICAO DA PORTA FORMADA POR PERFIL DE,99ZZ
255677302R,JOGO DE FIOS ELETRICOS COM CONECTORES I,99ZZ
255678729R,COMANDO SOBRE O VOLANTE,99ZZ
328583137R,JUNTA DE BORRACHA VULCANIZADA NAO ENDURE,99ZZ
240112668R,JOGO DE FIOS ELETRICOS (CHICOTE ELETRICO,99ZZ
546135009R,BUCHA EM BORRACHA VULCANIZADA NÃO ENDURE,99ZZ
755563934R,PLAQUETTE D,99ZZ
8200333372,RELE PARA UMA TENSAO NAO SUPERIOR A 60V,99ZZ
8200219250,GANCHO DE ACO DE FECHAMENTO DA PORTA DE,99ZZ
8200682956,TUBULACAO DO SISTEMA DE AR CONDICIONADO,99ZZ
8200290716,JOINTCREPINE,99ZZ
8200607981,ENGRENAGEM PINHAO DA CAIXA DE MARCHAS DE,99ZZ
8200607983,ENGRENAGEM DA CAIXA DE MARCHAS DE VEICUL,99ZZ
760301610R,ESTRUTURA EM METAL DA CARROCARIA DE VEIC,99ZZ
768523835R,ETIQUETA PLASTICA AUTOADESIVA, EM POLIP,99ZZ
248103292R,INDICADOR DE VELOCIDADE (VELOCIMETRO) E,99ZZ
253C78915R,SUPORTE DO SENSOR DE ESTACIONAMENTO,99ZZ
328650244R,CONJUNTO DA MANOPLA PARA TRANSMISSAO,99ZZ
739017530R,REVESTIMENTO DO TETO DA CARROCARIA DE VE,99ZZ
760324102R,PAINEL LATERAL TRASEIRO DIREITO MASTER,99ZZ
809015570R,ACABAMENTO DA MOLDURA DO PAINEL DA PORTA,99ZZ
8201691168,ESTRUTURA EM METAL DO ENCOSTO DE VEICULO,99ZZ
284421584R,CAMERA PARA AUXILIO EM MANOBRAS,99ZZ
8200608003,PINO FIXACAO DA CAIXA DE MARCHAS DE VEIC,99ZZ
990H93008R,ETIQUETA PLASTICA AUTOADESIVA  APRESENT,99ZZ
620229255RR,TAMPA OBTURADOR PAR,99ZZ
751103107R,LONGARINA DE USO MULTIFUNCIONAL DA CARRO,99ZZ
205474923R,PROTETOR TERMICO DO ESCAPAMENTO DE VEICU,99ZZ
ACRPNEU14,PNEU FIRESTONE 165/70 R14 81T MULTIHAWK,99ZZ
110112490R,BLOCO DE CILINDRO DO MOTOR,99ZZ
120A18858R,PISTAO DE MOTOR DE IGNICAO POR CENTELHA,99ZZ
210147770R,SUPORTE EM ACO DE FECHAMENTO DE MOTOR DE,99ZZ
253602XA0A,INTERRUPTOR ELETRICO DE LUZ DE PORTA, PA,99ZZ
285974100R,CHAVE ACOMPANHADA DE APARELHO DE RADIOT,99ZZ
ACRCALHACAPTUR,CALHA CAPTUR 16...4P,99ZZ
322811371R,EIXO DA MARCHA A RE,99ZZ
682605131R,DEFLETOR DE VENTILACAO DA CARROCARIA DE,99ZZ
799115744R,SUPORTE LATERAL DO TAMPAO DO PORTA MALAS,99ZZ
850449909R,SUPORTE PLASTICO DE CONEXAO DO PAINEL DA,99ZZ
8200429617,ENGRENAGEMCXMARCHASP/VEÍC,99ZZ
8200432254,PAINEL DE INSTRUMENTOS DA CARROCERIA,99ZZ
6040221350,MANCAL FIX EIXO TRAS P/ VEIC AUTO,99ZZ
122235073R,BRONZE COM DIAMETRO INTERNO INFERIOR A 2,99ZZ
200103750R,FILTRO CATALISADOR PARA ESCAPAMENTO,99ZZ
402140002R,ANEL TRAVA, DO TIPO CIRCLIP, EM ACO ALTO,99ZZ
550200117R,MOLA DE ACO HELICOIDAL CILINDRICA DE USO,99ZZ
7751473863,REFORÇO DA COLUNA DA CARROCERIA,99ZZ
213070539R,TUBO EM BORRACHA VULCANIZADA NÃO ENDUREC,99ZZ
210471958R,TUBO DE ACO DE ENTRADA DA BOMBA DE AGU,99ZZ
272707531R,APARELHO DE AR CONDICIONADO COM CAPACIDA,99ZZ
360101721R,ALAVANCA DO FREIO DE VEICULO AUTOMOVEL,99ZZ
472107479R,SERVO FREIO DE VEICULO AUTOMOVEL,99ZZ
7703027526,PARAFUSO NAO PERFURANTE ROSCADO DE ACO L,99ZZ
150661KT0A,SELO DA BOMBA DE OLEO DE BORRACHA VULCAN,99ZZ
7700870097,ACIONADOR DO FREIO DO 4 CONJUNTO PLANET,99ZZ
7703034237,PORCA FLANGEADA M8 EM ACO LIGA, TEMPERA,99ZZ
809005946R,REVESTIMENTO INTERNO DE ACABAMENTO DA PO,99ZZ
13231JX00A,ELEVADOR DE VALVULA,99ZZ
261A38948R,ACABAMENTO DO FAROL DE NEBLINA DO PARAC,99ZZ
165786253R,DUTO DE ENTRADA DE AR DO FILTRO DE AR DE,99ZZ
402063542R,DISCOS DE FREIO PARA VEICULO AUTOMOVEL,99ZZ
261520144R,ACABAMENTO DO FAROL DE NEBLINA DO PARACH,99ZZ
265555521R,APARELHO ELETRICO (CAIXAS DE LUZES COMBI,99ZZ
272888528R,ESPUMA PLASTICA DE USO NO AR CONDICIONAD,99ZZ
805069029R,TRINGLE CONDAMNATION INT PORTE AV D,99ZZ
265507077RR,CAIXA LUZES COMBIN,99ZZ
240119484R,JOGO DE FIOS ELETRICOS (CHICOTE ELETRICO,99ZZ
240148100R,JOGO DE FIOS ELETRICOS (CHICOTE ELETRICO,99ZZ
244491256R,ALOJAMENTO DA BATERIA NA CARROCARIA DE V,99ZZ
7700873355,TROCADOR DE CALOR DE VEICULO AUTOMOVEL,99ZZ
7700113215,EIXO DE MUDANCA DA CAIXA DE MARCHAS DE V,99ZZ
8200413132,HASTE DE ACIONAMENTO DA FECHADURA DA POR,99ZZ
7701056965,VENTILADOR PARA SISTEMA DE CLIMATIZACAO,99ZZ
255502625R,INTERRUPTOR DE REGULAGEM DE VELOCIDADE D,99ZZ
7700666913,APOIO DE ACO PARA ABRACADEIRA  DE USO MU,99ZZ
6001552014,TUBO DE METAL DO AQUECEDOR DO AR CONDICI,99ZZ
7703602222,PARAFUSO,99ZZ
7701066109,RADIADOR DE VEICULO AUTOMOVEL,99ZZ
161192787R,INJECAOELETRONICACORPODEBORBOLETA,99ZZ
164462169R,TUBO DE VAPOR DE COMBUSTIVEL DE VEICULO,99ZZ
7700875765,CONTRAPISTAO DA EMBREAGEM DE VEICULO AU,99ZZ
283128032R,MICROFONE SIMPLES,99ZZ
7700352586,ALCA DE PLASTICO DO TETO DE VEICULO AUTO,99ZZ
7700353013,BATENTE DE BORRACHA VULCANIZADA NAO ENDU,99ZZ
214100014R,RADIADOR DE VEICULO AUTOMOVEL,99ZZ
775878723R,REFORCO SUPERIOR PARA CARROCERIA,99ZZ
208089991R,PROTETOR TERMICO DO COLETOR DE ESCAPE,99ZZ
240150178R,FIACAO ELETRICA (CHICOTE ELETRICO) PARA,99ZZ
217418363R,TUBO DE ENTRADA DO RESERVATORIO DE ELIMI,99ZZ
7751712438,PAINEL DA ESTRUTURA DE REFORCO PARA CARR,99ZZ
7700431748,TUBULACAO DO SISTEMA DE ALIMENTACAO DE C,99ZZ
765178528R,REFORCO DA COLUNA DA CARROCARIA DE VEICU,99ZZ
410278957R,MOLA DE ACO EM FOLHAS PARA USO EM VEICUL,99ZZ
7751477917,PORTA PARA CARROCARIA DE VEICULO AUTOMOV,99ZZ
7700435832,CABO DE COMANDO DO ACELERADOR DE VEICULO,99ZZ
765305162R,COLUNA CENTRAL DA CARROCARIA,99ZZ
472100759R,AMPLIFICADOR DO FREIO DE VEICULO AUTOMOV,99ZZ
681354409R,REVESTIMENTO DO PAINEL DE INSTRUMENTOS D,99ZZ
149120181R,TUBO DE VAPOR DE COMBUSTIVEL,99ZZ
8200674140,COBERTURA DO PUXADOR DA PORTA DE VEICULO,99ZZ
8200425717,RESERVATORIO DE COMBUSTIVEL PARA PARTIDA,99ZZ
760137210R,PAINEL LATERAL DA CARROCARIA DE VEICULO,99ZZ
511144226R,REFORCO SUPORTE FIXACAO ANEL DE REBOQUE,99ZZ
289374986R,CONECTOR DO ESGUICHO DO LIMP PARA BRISA,99ZZ
7700351387,SUPORTE EM METAL COMUM DO TRILHO DA PORT,99ZZ
760336636R,PAINEL DE REVESTIMENTO INTERNO DA CARROC,99ZZ
8200634602,MOTOR DE ARRANQUE PARA MOTOR DE IGNICAO,99ZZ
8200635622,TUBO DE BOR C/ REF TEXTIL S/ ACESS DE CO,99ZZ
8200212698,CAPTEUR VITESSE ROUE,99ZZ
8200285565,ESPELHO RETROVISOR PARA VEICULO AUTOMOVE,99ZZ
8200692868,ALTERNADOR 150A PARA VEÍCULO AUTOMÓ,99ZZ
8200694506,CONJUNTO ENGRENAGEM DA CAIXA DE MARCHAS,99ZZ
8201474320,PARACHOQUE PARA VEICULO AUTOMOVEL,99ZZ
8200459560,JOINT ETANCH. POT CATA /TURBO,99ZZ
8200463517,CAIXA DA DIRECAO DE VEICULO AUTOMOVEL,99ZZ
8200547477,REVESTIMENTO DO PORTA MALAS PARA CARROCA,99ZZ
8200243595,TAMPA COMAND VÃ#LV MOT IGN CENT,99ZZ
440018805R,PINCA DO FREIO PARA VEICULO AUTOMOVEL,99ZZ
110629798R,JUNTA EM ACO DE SAIDA DA BOMBA DAGUA EM,99ZZ
8200245174,COBERTURA PLÁSTICA DO ESPELHO RETRO,99ZZ
6001550714,TUBULAÃ#Ã#O DE DIREÃ#Ã#O HIDRÃ#ULICA,99ZZ
674076763R,TRAVESSA PARA CARROCERIA DE VEICULO AUTO,99ZZ
112311108R,SUPORTE DO CABECOTE PARA MOTOR DE IGNICA,99ZZ
7701044614,ANEL DE VEDACAO DE BORRACHA VULCANIZADA,99ZZ
7701044850,CILINDRO DE FREIO TRASEIRO,99ZZ
7700411020,ISOLANTE ANTIRUIDO PARA REVESTIMENTO DE,99ZZ
8200147151,FECHADURA DE METAL COMUM DA PORTA DE VEI,99ZZ
8200211018,COBERTURA DA CAIXA DE FUSIVEIS PARA CARR,99ZZ
8200150620,CAIXA DE LUZES COMBINADAS, LANTERNA TRAS,99ZZ
7700309183,BRACO DA SUSPENSAO DE VEICULO AUTOMOVEL,99ZZ
552020006R,SUPORTE DE APOIO DA MOLA DO EIXO TRASEIR,99ZZ
766399150R,REFORCO DE PAINEL VERTICAL,99ZZ
47930JD01A,SENSOR DE PRESSAO  DE VEICULO AUTOMOVEL,99ZZ
479502628R,SENSORES INDUTIVOS DE MOVIMENTO CONTENDO,99ZZ
328653347R,MANOPLA DA ALAVANCA DA CAIXA DE MARCHAS,99ZZ
7700428741,BUCHA NAO ROSCADO DE ACO LIGA, TEMPERADO,99ZZ
8200408132,PEDAL DO ACELERADOR  DE VEICULO AUTOMOVE,99ZZ
313811463R,RESPIRODACAIXAMARCHASVEICAUTO,99ZZ
328948001R,KIT DA TRAVA DE VEICULO AUTOMOVEL,99ZZ
8200365444,ENGRENAGEM DE VEICULO AUTOMOVEL,99ZZ
8200589080,PARAFUSO DE ACO LIGA, TEMPERADO E REVENI,99ZZ
8200589366,PEDAL DO ACELERADOR DE VEICULO AUTOMOVEL,99ZZ
8200591131,SUPORTEMOTOR,99ZZ
8200119657,RESERVATORIO DESIDRATADOR DE GAS DO SIST,99ZZ
7703032178,PORCA M14 EM ACO LIGA, TEMPERA E REVENIM,99ZZ
8200396669,CAIXA DE DIRECAO HIDRAULICA COMPLETA,99ZZ
8200125650,TUBO DE ALIMENTACAO DE COMBUSTIVEL DE VE,99ZZ
8200241731,ELEMENTO DE FECHAMENTO DA CAIXA DE RODAS,99ZZ
8200247440,TUBULACAO COM FORMATO PROPRIO DO SISTEMA,99ZZ
8200653879,TAMPA DO RESERVATORIO DO LIMPADOR DO PAR,99ZZ
8200549980,SUPORTE DE ACO PARA FIXACAO DO CABO DE C,99ZZ
8200442891,ANEL PLASTICO DE SEGMENTO DO CAMBIO DE V,99ZZ
8200660887,POLIA DE VEICULO AUTOMOVEL,99ZZ
8200146985,RESERVATORIO COM BOMBA DO LIMPADOR DO PA,99ZZ
172031421R,TANQUE DE COMBUSTIVEL DE VEICULO AUTOMOV,99ZZ
240113533S,JOGO DE FIOS ELETRICOS (CHICOTE ELETRICO,99ZZ
237101808R,MODULO DE CONTROLE ELETRONICO DO SISTEMA,99ZZ
7700100109,CAIXA DE MARCHAS DE VEICULO AUTOMOVEL,99ZZ
7711239101,PARAFUSO NAO PERFURANTE ROSCADO DE ACO,99ZZ
260105692R,APARELHO ELETRICO (FAROL) DE ILUMINACAO,99ZZ
8200232652,RODA PARA VEICULO 6 J 15 4 50 KIMONO.,99ZZ
969246178R,KIT DE MANUAIS KWID 2017,99ZZ
969245692R,KIT DE MANUAIS DUSTER 2016,99ZZ
681041195R,ACABAMENTO DO PAINEL DE INSTRUMENTOS DA,99ZZ
7703602253,PARAFUSO FLANGEADO, EM ACO LIGA, TEMPERA,99ZZ
7703067291,PINO DE ACO, NAO ROSCADO, TEMPERADO E RE,99ZZ
8201039738,DUTO ACOPLAM REPART P/MOT IGN CENTE,99ZZ
921009956R,CONDENSADOR DO AR CONDICIONADO DE VEICUL,99ZZ
876019287R,ESTRUTURA EM METAL DO ASSENTO DE VEICULO,99ZZ
ACRCARTER,CARTER DUSTER OROCH,99ZZ
6001546875,ARTICULAÇÃO ESQUERDA DO CAPO,99ZZ
8200526364,JUNTA EM BORRACHA VULCANIZADA NÃO ENDURE,99ZZ
256106919R,APARELHO DE SINALIZACAO ACUSTICA (BUZINA,99ZZ
397418910R,COIFA DA CAIXA DE DIRECAO,99ZZ
488103829R,COLUNA DA DIRECAO DE VEICULO AUTOMOVEL,99ZZ
850706257R,ACABAMENTO DO PARACHOQUE DE VEICULO AUT,99ZZ
876208604R,COBERTURA DO ENCOSTO DO BANCO,99ZZ
767496837R,PROTETOR DA CAIXA DE RODAS,99ZZ
823301950R,MOLDURA DE BORRACHA, GUIA DO VIDRO DA PO,99ZZ
322416382R,ALAVANCA DA CAIXA DE MARCHAS DE VEICULO,99ZZ
687505979R,DIFUSORES DE AR CENTRAIS OU LATERAIS,99ZZ
215013799R,TUBO DE BORRACHA VULCANIZADA REFORCADO,99ZZ
243128538R,TAMPA FABRICADA EM PLASTICO PPGF20 PARA,99ZZ
255675948R,CONTROLADOR PROGRAMAVEL COM TENSAO DE 12,99ZZ
909300001R,COBERTURADA FECHADURA DO PORTA MALAS PAR,99ZZ
995459201R,CHAVE DA PORCA DA RODA DE VEICULO,99ZZ
901006398R,PORTA DO PORTAMALAS DE VEICULO AUTOMOVE,99ZZ
7703002752,PARAFUSO NAO PERFURANTE ROSCADO DE ACO L,99ZZ
7701068755,LIMPADOR DE PARABRISAS DE VEICULO AUTOMO,99ZZ
8201733230,CABECOTE PARA MOTOR DE IGNICAO POR CENTE,99ZZ
985H10581R,BOLSA INFLAVEL DE SEGURANCA COM SISTEMA,99ZZ
260104572R,APARELHO ELETRICO (FAROL) DE ILUMINACAO,99ZZ
123031465R,POLIA DO EIXO DO VIRABREQUIM, APLICADA N,99ZZ
7711732230,EVOLUTION RNTECH 5W30  FLEX,99ZZ
240145088S,JOGO DE FIOS ELETRICOS (CHICOTE ELETRICO,99ZZ
215588620R,GUIA DE AR DE USO EM VEICULO AUTOMOVEL,99ZZ
7711733246,JOGO DE TAPETE DE CARPETE,99ZZ
8200287866,CAIXA DA DIRECAO DE VEICULO AUTOMOVEL,99ZZ
120102900R,PISTAO DE MOTOR DE IGNICAO POR CENTELHA,99ZZ
261524983R,ELEMENTO DO FAROL DE NEBLINA DA CARROCAR,99ZZ
265552463R,APARELHO ELETRICO (CAIXAS DE LUZES COMBI,99ZZ
391009234R,SEMI EIXO DA TRANSMISSAO DE VEICULO AUTO,99ZZ
472108624R,INTENSIFICADOR DO CILNDRO DO FREIO DE VE,99ZZ
732568582R,TRAVERSE CTL PAVILLON,99ZZ
668110020R,GRADE DE SAIDA DE AR DA CARROCARIA DE VE,99ZZ
738215966R,BARRA DO BAGAGEIRO PARA CARROCARIA DE VE,99ZZ
110600318R,VALVULA DE SAIDA DE AGUA DE USO EM VEICU,99ZZ
804000017R,DOBRADICA DE METAL COMUM DA PORTA PARA U,99ZZ
752637224R,TRAVERSE LAT AV G,99ZZ
755095174R,LONGARINA PARA CARROCARIA DE VEICULO,99ZZ
755109693R,ELEMENTO LATERAL DA ESTRUTURA TRASEIRA,99ZZ
122153596R,BRONZE DO VIRABREQUIM DO MOTOR COM DIAME,99ZZ
13012CJ00A,PARAFUSO NAO PERFURANTE DE ACO LIGA,99ZZ
130247173R,ENGRENAGEM DO TIPO PINHAO DO VIRABREQUIM,99ZZ
172765133R,SUPORTE EM PLASTICO DE FIXACAO DO TANQUE,99ZZ
801C06989R,ESTRUTURA DA PORTA PARA CARROCARIA DE VE,99ZZ
7700415095,SUPORTE DE FIXACAO DO SISTEMA DE SUSPENS,99ZZ
7711382097,FERRAMENTA ELETRICA MANUAL PARA TESTE DE,99ZZ
8200163300,ESPELHO RETROVISOR PARA VEICULO AUTOMOVE,99ZZ
850455648R,SUPORTE PLASTICO DE CONEXAO DO PAINEL DA,99ZZ
876708755R,ENCOSTO DO BANCO DIANTEIRO,99ZZ
8200080745,SUPORTE EM METAL DA PORTA LATERAL CORRED,99ZZ
641513220R,PAINEL LATERAL DIANTEIRO DA CARROCERIA D,99ZZ
809001377R,GUARNICAO DO PAINEL DA PORTA DIANTEIRA D,99ZZ
823306690R,PESTANA EM PLASTICO DO VIDRO DA PORTA DA,99ZZ
823313084R,JUNTA DE VEDACAO EM BORRACHA VULCANIZADA,99ZZ
825031999R,FECHADURA ELETRICA DA PORTA DE VEICULO,99ZZ
8201566976,CINTO DE SEGURANCA PARA VEICULO AUTOMOVE,99ZZ
886208632R,REVESTIMENTO TEXTIL DO ENCOSTO DO ASSENT,99ZZ
825066818R,TRINGLE CONDAMNATION INT PORTE AR D EQP,99ZZ
829A06130R,REVESTIMENTO DO ACABAMENTO DA PORTA DA C,99ZZ
829A10574R,REVESTIMENTO INTERNO DE ACABAMENTO DA PO,99ZZ
850167651R,PARACHOQUE TRASEIRO PARA VEICULO,99ZZ
122159409R,BRONZE DO VIRABREQUIM DO MOTOR PARA VEIC,99ZZ
850930633R,ABSORVEDOR DE IMPACTO DO PARACHOQUE DE V,99ZZ
ACRPALETE,PALETE MOTOR,99ZZ
7707002027,PARAFUSO NAO PERFURANTE ROSCADO DE ACO L,99ZZ
110414985R,DESCRIÇÃO NÃO CADASTRADA,99ZZ
140035173R,COLETOR DE ADMISSAO PARA MOTOR,99ZZ
ACR205,PNEU CONTINENTAL 205/55 R16 91W EXTREME CONTACT,99ZZ
8201086359,TRAVA DE ENGATE DA MARCHARE DO MECANISM,99ZZ
8201093469,BUCHAVEDAÇÃO,99ZZ
807310699R,MOTOR LEVANTA VIDROS ELETERICO DIANTEIRO,99ZZ
8200641827,GARFO DA CAIXA DE MARCHAS DE VEICULO AUT,99ZZ
8200750859,EIXO SUPORTE DO BALANCIM PARA MOTOR DE P,99ZZ
964000866R,PARASOL PARA VEICULO AUTOMOVEL,99ZZ
964005576R,PARASOL FABRICADO EM MATERIAL PLASTICO,,99ZZ
8200103593,DEFLETOR DE AR DO PARACHOQUE,99ZZ
833427117R,VIDRO FIXOPAINEL LATERAL TRAS DIR L3,99ZZ
8200079296,TRAVA PLASTICA PARA O FORRO DO TETO,99ZZ
8200581350,PARAFUSO PRISIONEIRO DE ACO MEDIO CARBON,99ZZ
924805599R,TUBO DE ALUMINIO DO ARCONDICIONADO DE VE,99ZZ
828377486R,JUNTA DE BORRACHA VULCANIZADA NAO ENDURE,99ZZ
7703002820,PARAFUSO NAO PERFURANTE,99ZZ
7702270505,ADESIVO PLASTICO AUTOCOLANTE, DECORATIVO,99ZZ
8200615275,TUBO EM LIGA DE ACO  DE ALTA PRESSAO DA,99ZZ
8200980937,PARAFUSO NAO PERFURANTE ROSCADO ACO LIGA,99ZZ
7701207198,CILINDRO MESTRE DO FREIO DE VEICULO AUTO,99ZZ
7703062088,ANEL DE BORRACHA PARA VEDAÇÃO,99ZZ
8660089501,FILTRO HABITACULO  MOTRIO,99ZZ
873680172R,MANOPLA LATERAL EM PLASTICO DE MOVIMENTA,99ZZ
8200859992,BRONZINA PARA BIELA DE MOTOR PARA VEICUL,99ZZ
806070033R,MODULO PLASTICO DE CONTROLE AUTOMATICO,99ZZ
809011166R,CONJUNTO DE ACABAMENTO DO PAINEL INTERNO,99ZZ
110414018R,CABECOTE EM LIGA DE ALUMINIO,  PARA MOTO,99ZZ
120A18654R,PISTAO P/ MOTOR DE IGNICAO POR CENTELHA,99ZZ
8200265902,ESPACADOR DE ACO,99ZZ
668354594R,ESPUMA PLASTICA AUTOADESIVA, EM POLICLOR,99ZZ
766311972R,PAINEL DA COLUNA PARA CARROCARIA DE VEIC,99ZZ
110102713R,Bloco B4D 405 Gasolina LS,99ZZ
272773488R,FILTRO DE AR DO SISTEMA DE VENTILACAO,99ZZ
777950673R,BRACO EM METAL COMUM SUPERIOR DA PORTA,99ZZ
873202235R,REVESTIMENTO DO BANCO,99ZZ
8200291296,POLIA DENTADA DO VIRABREQUIM,99ZZ
130283165R,CORRENTE DE COMANDO EM ACO DE ELO ARTICU,99ZZ
7711733206,195/60 R15 88H TL ENERGY XM2 DT GRNX MI,99ZZ
544013624R,BERCO DE VEICULO AUTOMOVEL,99ZZ
760325069R,PAINEL DA CARROCARIA DE VEICULO AUTOMOVE,99ZZ
803304131R,CANALETA FABRICADA EM PLASTICO POLIPROPI,99ZZ
440606086R,SAPATA DE FREIO PARA USO EM VEICULOS AUT,99ZZ
545005235R,BANDEJA DA SUSPENSAO,99ZZ
550206080R,MOLA HELICOIDAL CILINDRICA DE USO NA SUS,99ZZ
628900760R,EMBLEMA DE PLASTICO,99ZZ
687604377R,DIFUSOR DE AR DO PAINEL DE INSTRUMENTOS,99ZZ
289701559R,JATO DO LIMPADOR DE PARABRISAS PARA VEIC,99ZZ
326048165R,ANEL SINCRONIZADOR DA CAIXA DE MARCHAS D,99ZZ
326051297R,ALAVANCA DA MARCHA DE VEICULO AUTOMOVEL,99ZZ
326119563R,ENGRENAGEM DESLIZANTE,99ZZ
384255449R,EIXO DE TRANSMISSAO DE VEICULO AUTOMOVEL,99ZZ
823307938R,MOLDURA DE BORRACHA, GUIA DO VIDRO DA PO,99ZZ
929A20112R,SUPORTE  DE METAL COMUM DE FIXACAO PARA,99ZZ
984B11449R,MARTELO EM ACO PARA QUEBRA DE VIDRO EM C,99ZZ
ACRPNEU165,PNEU PIRELLI  165/70  R 14,99ZZ
809038407R,TIRA EM PLASTICO DE ACABAMENTO DA PORTA,99ZZ
7703044202,PORCA DE AÇO,99ZZ
788278987R,CILINDRO HIDRAULICO, RETILINEO, DO FREIO,99ZZ
788309763R,PAINEL DA TAMPA DO COMBUSTIVEL DA CARROC,99ZZ
924901430R,TUBO DO AR CONDICIONADO DE VEICULO AUTOM,99ZZ
7701477122,KIT DE PISTAO,99ZZ
7701692570,MOLDURA DO PARALAMAS PARA CARROCARIA DE,99ZZ
827203526R,MECANISMO DE ELEVACAO DO VIDRO ELETRICO,99ZZ
7703074656,OBTURADOR,99ZZ
873203056R,REVESTIMENTO TEXTIL DO ASSENTO,99ZZ
990460479R,ETIQUETA  AUTOADESIVA EM POLI(CLORETO DE,99ZZ
8200733103,TUBO DE ENCHIMENTO PARA CARROCARIA DE VE,99ZZ
8200936808,POLIAVIRABREQUIMMOTORP/VEÃ#C,99ZZ
924804618R,TUBULACAO COM FORMATO PROPRIO PARA SISTE,99ZZ
8200613205,APOIO DA VALVULA DE ADMISSAO PARA MOTOR,99ZZ
8200694083,CABO DO FREIO DE ESTACIONAMENTO DE VEICU,99ZZ
8200526374,JUNTA DE BORRACHA ENDURECIDA,99ZZ
876119994R,REVESTIMENTO DO ENCOSTO DO BANCO,99ZZ
901005427R,TAMPA DO PORTA MALAS DA CARROCARIA DE VE,99ZZ
969102137R,CONSOLE DO PAINEL PARA CARROCARIA DE VEI,99ZZ
990458186R,FAIXA DECORATIVA AUTOADESIVA EM PLASTIC,99ZZ
296G93381R,MODULO CONVERSOR ELETRICO DE CORRENTE,99ZZ
440602619R,PASTILHA DE FREIO DE VEICULO AUTOMOVEL,99ZZ
7701065838,CONTATOR ELETRICO DE MULTIPLAS,99ZZ
631004539R,PARALAMA PARA CARROCARIA DE VEICULO AUTO,99ZZ
827219267R,MECANISMO DE ACIONAMENTO DO VIDRO ELETRI,99ZZ
8660089615,MOTRIO 5W30 ACEA C4,99ZZ
925164GA0A,BOMBA CENTRIFUGA COM VASAO IGUAL 13,16L/,99ZZ
8200331249,SUPORTE DE METAL DO PARA CHOQUE DE VEICU,99ZZ
990463138R,ETIQUETA AUTOADESIVA DE POLICLORETO,99ZZ
738827703R,BARRA LONGITUDINAL DO TETO  DA CARROCAR,99ZZ
738837743R,BARRA LONGITUDINAL DO TETO  DA CARROCAR,99ZZ
302050453R,CONJUNTO DISCO PLATO DA EMBREAGEM,99ZZ
963012338R,ESPELHO RETROVISOR PARA VEICULO AUTOMOVE,99ZZ
8200243679,TUBO DE BORRACHA VULCANIZADA NAO ENDUR,99ZZ
7701468883,PIVO DO BRACO DA SUSPENSAO DE VEICULO AU,99ZZ
7701473493,RETENTOR DE BORRACHA VULCANIZADA NAO END,99ZZ
7701473757,TURBOALIMENTADOR DO VENTILADOR DE VEICUL,99ZZ
7700413943,TUBO DE BORRACHA VULCANIZADA NAO ENDUREC,99ZZ
7700424293,COIFA DE BORRACHA VULCANIZADA NAO ENDURE,99ZZ
7700435350,PEDAL ACIONAMENTO SISTEMA DE EMBREAGEM,99ZZ
7700438432,PINO NAO PERFURANTE ROSCADO DE ACO LIGA,99ZZ
8200750274,BANDEJA DA SUSPENSAO DE VEICULO AUTOMOVE,99ZZ
8200253733,EIXO DA CAIXA DE MARCHAS DE VEÍCULO,99ZZ
8200700116,ESPELHO RETROVISOR DE VEICULO,99ZZ
7702295244,FECHADURA DA PORTA DIANTEIRA,99ZZ
7751472272,TAMPA DO PORTA MALAS PARA CARROCARIA DE,99ZZ
7701477342,CABEÇOTE DE MOTOR,99ZZ
7700842247,MECANISMO DE ABERTURA E FECHAMENTO DE VI,99ZZ
118377804R,JUNTA EM ACO DE OLEO EM VEICULO AUTOMOVE,99ZZ
1345215710,PARAFUSO NAO PERFURANTE,99ZZ
7701049980,CALIPER DO FREIO DE VEICULO AUTOMOVEL,99ZZ
8200942408,BRACO DA SUSPENSAO, FABRICADO PREDOMINAN,99ZZ
8201401421,FRISO PLASTICO DA PORTA PARA CARROCERIA,99ZZ
7701206595,JOGO DE CAPA DO RETROVISOR INTERNO DE VE,99ZZ
214999097R,CONVERGENTE INFERIOR DA ENTRADA DE AR DO,99ZZ
265550674R,APARELHO ELETRICO (CAIXA DE LUZES COMBIN,99ZZ
284B12059R,MODULO BCM, ELETRONICO DE CONTROLE DA CA,99ZZ
7701472691,PARACHOQUE TRASEIRO PARA VEICULO AUTOMOV,99ZZ
7701473503,JOGO DE RETENTORES E JUNTAS DE VEDACAO D,99ZZ
873818310R,ACABAMENTO PARA ASSENTO DO BANCO,99ZZ
110443943R,JUNTA DE ACO ESTAMPADO,99ZZ
679021967R,ANTI RUIDO DO TETO PARA CARROCARIA DE VE,99ZZ
681007449R,PAINEL DE INSTRUMENTOS PARA CARROCARIA,99ZZ
681988703R,PARAFUSO ROSCADO,  DE ACO  LIGA TEMPERAD,99ZZ
7700274072,TUBULACAO DO SISTEMA DE ADMISSAO DO FILT,99ZZ
7700303592,CABO DE LIBERACAO DA TRAVA DA PORTA PARA,99ZZ
432007595R,DISCO DE FREIO PARA VEICULO AUTOMOVEL,99ZZ
751104762R,LONGARINA PARA CARROCARIA DE VEICULO AUT,99ZZ
806062700R,MACANETA DE PLASTICO DA PORTA DE VEICULO,99ZZ
8200855942,TUBODECOMBUSTIVELDEVEICULOAUTOMOVEL,99ZZ
8200162814,DUTO DE ENTRADA DO FILTRO DE AR DE VEICU,99ZZ
214997684R,DEFLETOR DE AR DO RADIADOR DE VEICULOS A,99ZZ
215015593R,TUBO DE BORRACHA REFORCADO COM MATERIA T,99ZZ
8200777817,ADESIV PLÁST AUTOCOLANTE P/VEÍC,99ZZ
7701692573,MOLDURA DO PARALAMAS PARA CARROCERIA DE,99ZZ
7701694295,VIDRO TEMP EQUIP C/ MOLDURA P/ VEIC,99ZZ
7701058901,FIACAO ELETRICA (CHICOTE ELETRICO) COM C,99ZZ
7701064298,JUNTA DE BORRACHA VULCANIZADA NAO ENDURE,99ZZ
214987755R,DEFLETOR DE AR DO RADIADOR DE VEICULO AU,99ZZ
8200798762,JUNTA DO COLETOR DE ADMISSÃ#O,99ZZ
7701047813,BRACO DE LIGACAO EM ACO PARA CAIXA DE DI,99ZZ
7701049734,JUNTA DE BORRACHA VULCANIZADA NAO ENDURE,99ZZ
7701478728,CONJUNTO PLATO E DISCO DE EMBREAGEM PARA,99ZZ
7701066088,JUNTA DE BORRACHA VULCANIZADA NAO ENDURE,99ZZ
7700314382,RADIADOR DE ÁGUA DO MOTOR,99ZZ
7700434299,ABSORVEDOR DE VIBRACAO UTILIZADO NA MONT,99ZZ
7700434925,AMORTECEDOR DO SISTEMA DE  SUSPENSAO DE,99ZZ
769158439R,ACABAMENTO DA COLUNA PARA CARROCARIA DE,99ZZ
8200171215,JOINT QUEUE SOUPA,99ZZ
924901255R,TUBULACAO COM FORMATO PROPRIO DO SISTEMA,99ZZ
7701468746,RESERVATORIO DE EXPANSAO DE AGUA DO SIST,99ZZ
7701472295,PARALAMAS PARA CARROCERIA DE VEICULO AU,99ZZ
7702295930,KIT CHICOTE SOLUÇÃO PÓS VENDA  CA,99ZZ
8200416798,HASTE DO MECANISMO DA FECHADURA,99ZZ
8200444608,RETROVISOR EXTERNO P/ AUTOMÓVEL,99ZZ
8200505567,ELEMENTO FILTRANTE DO FILTRO DE ENTRADA,99ZZ
8200297539,FECHAMENTO DA PORTA,99ZZ
8200363384,VELA IGNICAO FLUENCE 2.0 TURBO,99ZZ
8200582483,TUBO DE BORRACHA VULCANIZADA NAO ENDUREC,99ZZ
8200681063,HASTE DA ALAVANCA DE MUDANCA DE MARCHAS,99ZZ
8200493821,COXIM CENTRAL DE FIXACAO E CONTROLE DE V,99ZZ
8200621205,DEFLETOR TERMICO,99ZZ
8200715437,DOBRADICA DO CAPO DE VEICULOS,99ZZ
8200810829,ENGRENAGEM TIPO PINHAO PARA MOTOR DE VEI,99ZZ
7703602341,PARAFUSO NAO PERFURANTE ROSCADO DE ACO L,99ZZ
7703602361,PARAFUSO NAO PERFURANTE ROSCADO DE ACO L,99ZZ
681007895R,PAINEL DE INSTRUMENTOS,99ZZ
802922069R,COBERTURA INTERNO DO ESPELHO RETROVISOR,99ZZ
823010173R,VITRE PORTE AR G TEINTEE,99ZZ
825024478R,FECHADURAMETALCOMUMPORTA,99ZZ
240803216R,FIACAO ELETRICA (CHICOTE ELETRICO) PARA,99ZZ
8200868133,MULTIPLE ESCAPE  NM,99ZZ
261520694R,MOLDURA DE ACABAMENTO DO FAROL DE NEBLIN,99ZZ
850175322R,PARACHOQUE TRASEIRO PARA VEICULO,99ZZ
7711733204,195/55 R15 85V ENERGY XM2 GRNX,99ZZ
7750309027,REFORCO EM METAL COMUM DO PARALAMA DIAN,99ZZ
403007281R,RODA DE LIGA DE ALUMINIO ARO 16' PARA VE,99ZZ
23300EN22A,MOTOR DE ARRANQUE PARA MOTORES DE IGNICA,99ZZ
240144258R,FIACAO ELETRICA (CHICOTE ELETRICO) PARA,99ZZ
8200137496,SUPORTE EM PLASTICO (PPGF30), PARA FIXA,99ZZ
7702270197,TAPETE MASSA,99ZZ
6001549880,MOLDURA INFERIOR LATERAL DA CARROCARIA,99ZZ
6001550576,EMBLEMA PLASTICO DA CARROCARIA DE VEICUL,99ZZ
960304463R,AEROFOLIO DO PARACHOQUE DE VEICULO AUTOM,99ZZ
822831787R,COBERTURA DE ACABAMENTO DA COLUNA PARA C,99ZZ
8201084240,MANOPLA DA ALAVANCA DA CAIXA DE MARCHAS,99ZZ
8200080743,GUIA DO TRILHO DA PORTA CORREDICA EM MET,99ZZ
241370357R,SUPORTE DE METAL COMUM PARA CHICOTE DE V,99ZZ
823006937R,VIDRO EM CAIXILHO DE SEGURANCA COMPOSTO,99ZZ
823308617R,MOLDURA  PLASTICA DA  PESTANA DA PORTA,99ZZ
823312199R,PESTANA EM PLASTICO DA PORTA,99ZZ
681A69645R,SUPORTE DE FIXACAO DE PAINEL DE INSTRUME,99ZZ
215437518R,SUPORTE DE METAL COMUM DA TRAVESSA,99ZZ
985708363R,BOLSA INFLAVEL DE SEGURANCA(AIR BAG),99ZZ
744623971R,SOLEIRA PARA CARROCARIA DE VEICULO AUTOM,99ZZ
260106004R,APARELHO ELETRICO (FAROL) DE ILUMINACAO,99ZZ
6001550085,APARELHO ELETRICO (LUZES FIXAS ) DE SINA,99ZZ
687608469R,DEFLETOR DE AR PARA CARROCARIA DE VEICUL,99ZZ
689210037R,TAMPA DE ACABAMENTO DO PAINEL DE INSTRUM,99ZZ
8200149640,DEFLETOR DE AR DO RADIADOR DE VEICULO AU,99ZZ
6001548477,ACELERADOR ELETR POTÊNCIOMETRO AUTO,99ZZ
7701069204,JUNTA DE CONDUCAO,99ZZ
7701206339,COLECC. DISCOS FRENO X2 259MM,99ZZ
440601749R,SAPATA DE FREIO DE VEICULO AUTOMOVEL,99ZZ
215018527R,TUBO DE BORRACHA VULCANIZADA NAO ENDUREC,99ZZ
550208559R,MOLA DE ACO HELICOIDAL CILINDRICA PARA U,99ZZ
240145209S,JOGO DE FIOS ELETRICOS (CHICOTE ELETRICO,99ZZ
243223343R,COBERTURA DO BLOCO DE FUSIVEIS DE VEICUL,99ZZ
743156769R,ASSOALHO DA CARROCARIA DE VEICULO AUTOMO,99ZZ
8660089814,JOGO DE PASTILHA DE FREIO,99ZZ
302056102R,KIT DA EMBREAGEM DE VEICULO AUTOMOVEL,99ZZ
440932738R,PORCA ROSCADA DE ACO LIGA COM PROCESSO D,99ZZ
990459327R,ETIQUETA AUTOADESIVA DE POLICLORETO DE,99ZZ
490014638R,CAIXA DA DIRECAO HIDRAULICA,99ZZ
990B29275R,PLACA DE METAL COMUM INDICADORA DE INFOR,99ZZ
7711734306,225/65 R 16C FRD96 FARROAD 112/110T LRI,99ZZ
7701475790,CARCACA DA CAIXA DE MARCHAS DE VEICULO A,99ZZ
7700664119,ENGRENAGEM DA CAIXA DE MARCHAS DE VEICUL,99ZZ
2221215910,JUNTA,99ZZ
7703074601,OBTURATEUR 20X50 FUSIBLE,99ZZ
7703079944,CLIPE EM PLASTICO PA66, FIXACAO ELEMENTO,99ZZ
7711382101,FERRAMENTA MANUAL DE METAL COMUM PARA US,99ZZ
7750350657,PAINEL PARA CARROCARIA DE VEICULO AUTOMO,99ZZ
6001548979,PESTANA DE BORRACHA DA PORTA,99ZZ
200108823R,LINHA DO ESCAPAMENTO DE VEICULO AUTOMOVE,99ZZ
ACR11,FILTRO DE OLEO ONIX HATCH 1.0 CIL,99ZZ
200105765R,TUBO ESCAPAMENTO PARA VEICULO AUTOMOVEL,99ZZ
8200651792,PORCADEAÃ#O,99ZZ
963739360R,COBERTURA DE PLASTICO DO ESPELHO RETROVI,99ZZ
403001961R,RODA DE ACO PARA VEICULOS AUTOMOVEIS,99ZZ
8660089542,DISCO DE FREIO MOTRIO,99ZZ
8200585652,ANEL NAO ROSCADO DE ACO,99ZZ
7703179022,CLIPE FABRICADO EM PLASTICO POLIAMIDA (P,99ZZ
7711381766,PIGECALAGEPMH,99ZZ
7751474880,PAINEL LATERAL PARA CARROCERIA DE VEICUL,99ZZ
805024250R,FECHADURA DE METAL DA PORTA DE VEICULO A,99ZZ
807212896R,MECANISMO DE LEVANTAMENTO DO VIDRO PARA,99ZZ
201008504R,TUBO DE ESCAPE COM CATALISADOR DE USO EM,99ZZ
8200246354,BATENTE DE PLASTICO  PARA USO EM VEICULO,99ZZ
8200723032,CALOTA DA RODA PARA VEICULO AUTOMOVEL,99ZZ
8200940837,COMPRESSOR DO AR CONDICIONADO COM CAPACI,99ZZ
808650014R,VEDACAO INTERNA DO PAINEL DA PORTA DIANT,99ZZ
825030245R,SUPORTE EM METAL COMUM DE FIXACAO, DE US,99ZZ
781013260R,PAINELLATTRASCARROCP/VEÍC,99ZZ
802920008R,ACABAMENTO PLASTICO DO RETROVISOR,99ZZ
806715710R,SUPORTE DA MACANETA INTERNA DA PORTA,99ZZ
7700413938,TUBO DE BORRACHA VULCANIZADA NAO ENDUREC,99ZZ
7702298077,CAPA DO ASSENTO PARA VEICULO AUTOMOVEL,99ZZ
8200150625,APARELHO ELETRICO (CAIXAS DE LUZES COM,99ZZ
904708189R,GUARNICAO EM METAL COMUM DE TRAVAMENTO D,99ZZ
7711733156,GRADE EM METAL PROTETORA DO VIDRO TRASEI,99ZZ
210A39869R,SUPORTE EM METAL COMUM DA BOMBA DE AGUA,99ZZ
240112590R,JOGO DE FIOS ELETRICOS (CHICOTE ELETRICO,99ZZ
827215077R,MECANISMO DE ACIONAMENTO DE ABERTURA E F,99ZZ
749025108R,TAPETE DE CARPETE PARA USO NA CARROCARIA,99ZZ
7702271159,PNEU CONTINENTAL 175/70 R13 82T ECO CONTACT 3,99ZZ
002077,PNEU GOODYEAR 205/60 R16 92V EFICIENT GRIP PERFOM,99ZZ
175069571R,TUBO DE COMBUSTIVEL,99ZZ
200101741R,TUBO DE ESCAPAMENTO PARA VEICULO,99ZZ
237109627R,MODULO DE GERENCIAMENTO ELETRONICO DE CO,99ZZ
261A28558R,MOLDURA DE ACABAMENTO DO FAROL DE NEBLIN,99ZZ
284B14456R,MODULO BCM, ELETRONICO DE CONTROLE DA CA,99ZZ
476600587R,UNIDADE HIDRAULICA DO FREIO ABS DE VEICU,99ZZ
7702271216,165/70 R14 85T CONTIECOCONTACT 3,99ZZ
112108798R,DESCRIÇÃO NÃO CADASTRADA,99ZZ
265502338R,APARELHO ELETRICO CAIXA DE LUZES COMBINA,99ZZ
903007622R,VIDRO DE SEGURANCA CURVO,99ZZ
150A00489R,KIT DA CORRENTE DE CONDUCAO DA BOMBA DE,99ZZ
805657417R,CHAVE COM APARELHO DE RADIOTELECOMANDO,99ZZ
806060282R,MACANETA EXTERNA UTILIZADA NAS PORTAS CO,99ZZ
964013590R,PARASOL FABRICADO EM MATERIAL PLASTICO,,99ZZ
7711733593,SPHDA138TV,99ZZ
829A09375R,GARNITURE PANNEAU PORTE AR D,99ZZ
904520004R,AMORTECEDOR PORTA MALAS,99ZZ
803315786R,MOLDURA DE BORRACHA VULCANIZADA NÃO ENDU,99ZZ
825030012R,FECHADURA DA PORTA DE VEICULO AUTOMOVEL,99ZZ
876206086R,REVESTIMENTO DO BANCO,99ZZ
7703179085,GRAMPO SUPORTE,99ZZ
878247042R,DISPOSITIVO REGULAGEM DO CINTO DE SEGURA,99ZZ
909002475R,FORRAÇÃO DO PORTA MALAS PARA CARROCERIA,99ZZ
7703077421,CLIP PLASTICO MULTIFUNCIONAL PARA VEICUL,99ZZ
8201666468,JUNTA DE VEDACAO EM BORRACHA VULCANIZA,99ZZ
241607246R,FIACAO ELETRICA (CHICOTE ELETRICO) PARA,99ZZ
329804538R,ALAVANCA DA CAIXA DE MARCHAS DE VEICULO,99ZZ
440609415R,JOGO DE SAPATAS DO FREIO DE VEICULO AUTO,99ZZ
543030343R,AMORTECEDOR DA SUSPENSAO DE VEICULO,99ZZ
631015941R,PARA LAMA PARA CARROCARIA DE VEICULO AUT,99ZZ
7701068747,RESERVATORIO DO LIMPADOR DE PARABRISAS P,99ZZ
7701209677,MOLDURA DE ACABAMENTO DO FAROL DE NEBLIN,99ZZ
7703002813,PARAFUSO FLANGEADO, EM ACO LIGA, TEMPERA,99ZZ
7703035048,PORCA FLANGEADA M6 EM ACO LIGA (C: 0  0,99ZZ
924904861R,TUBO DE ALUMINIO DO COMPRESSOR DO ARCOND,99ZZ
745611491R,SUPORTE ESCAPAMENTO,99ZZ
7701478408,TERMINAL DA DIRECAO PARA VEICULO AUTOMOV,99ZZ
263291150R,MOLDURA DE ACABAMENTO DO FAROL DE NEBLIN,99ZZ
801C04246R,PAINEL DA PORTA PARA CARROCERIA,99ZZ
631002402R,PARALAMAS DIANTEIRO DIREITO DA CARROCER,99ZZ
265559081R,APARELHO DE ILUMINACAO VISUAL(CAIXA DE L,99ZZ
280219809R,EX 023   CENTRAL MULTIMIDIA COM FONTE EX,99ZZ
BD4752F,DISCO DE FREIO XSARA 01/03 1.6,99ZZ
850B04540R,COBERTURA INFERIOR DO PARACHOQUE TRASEIR,99ZZ
873620642R,MATELASSURE G COUSSIN SIEGE G 1ERE RNG,99ZZ
26770,PNEU ARO 16 MICHELIN 225/65 R16C 112/110R TL AGILI,99ZZ
23557,PNEU MICHELIN 215/60 R17 96H TL PRIMACY 4,99ZZ
322411026R,ARVORE SECUNDARIA,99ZZ
7701047838,CILINDRO HIDRAULICO DE MOVIMENTO RETILIN,99ZZ
491108089R,BOMBA ELETRO HIDRÁULICA,99ZZ
8200750269,MANGA DE SUSTENTACAO DO EIXO DIANTEIRO P,99ZZ
7752295318,PORTA PARA CARROCARIA DE VEICULO AUTOMOV,99ZZ
8200676607,ARTICULACAO DO CAPO,99ZZ
8200733142,MOLDURA DE BORRACHA PARA VEDAÇÃO DO VIDR,99ZZ
8200357347,POLIA DE VEICULO AUTOMOVEL,99ZZ
8200587426,TUBO DE BORRACHA VULCANIZADA REFORCADO,99ZZ
8200526422,APARELHO ELETRICO (FAROL) DE ILUMINACAO,99ZZ
MR000202,PNEU 205/75R16C FATE  AR-410 AVANTIA 8PR 110/108R,99ZZ
175217543R,RAMPE CARBURANT ENTREE INJECTEUR GAZOLE,99ZZ
217104297R,RESERVATORIO DO TANQUE DE COMBUSTIVEL,99ZZ
265553806R,APARELHO ELETRICO  DE SINALIZACAO VISUAL,99ZZ
544013205R,SUBESTRUTURA EQP,99ZZ
727122530R,VIDRO DE SEGURANCA (PARABRISAS) FORMADO,99ZZ
15400RTA003,FILTRO,99ZZ
850160037R,PELE DE PROTECAO DO PARACHOQUE,99ZZ
850442522R,SUPORTE PLASTICO DO PARACHOQUE,99ZZ
850450465R,SUPORTE PLASTICO DO PARACHOQUE,99ZZ
998104105R,APARELHO ELETRONICO DE RADIOTELECOMANDO,99ZZ
8200070652,PARAFUSO DO TIPO PRISIONEIRO M8 EM ACO L,99ZZ
8201456632,CARTERCYLINDREASS,99ZZ
8201490835,COLLECTIONFIXCALCULATEURBVRAPV,99ZZ
8200836098,COBERTURA PLASTICA INFERIOR DA COLUNA DE,99ZZ
8200784975,CONJUNTO DE ALAVANCA E MECANISMO DE ACIO,99ZZ
809547986R,COBERTURA PLASTICA DO PUXADOR DA PORTA D,99ZZ
8200840899,COMPRESSOR DO AR CONDICIONADO COM CAPACI,99ZZ
8201630429,MECANISMO DO CARTER DA EMBREAGEM DE VEIC,99ZZ
8200704613,BOMBA DE COMBUSTIVEL COM DISPOSITIVO PAR,99ZZ
8200705016,COLUNA DE DIRECAO DE VEICULO AUTOMOVEL,99ZZ
8200788173,MODULO DE CONTROLE ELETRONICO DO SISTEMA,99ZZ
809610007R,PROTETOR DA TRAVA DA PORTA DIANTEIRA,99ZZ
8200745136,TUBO DE ALIMENTACAO DE COMBUSTIVEL DE VE,99ZZ
223210077R,TUBO DE BORRACHA VULCANIZADA NAO ENDUREC,99ZZ
833401337R,VIDRO FIXO PAINEL LAT,99ZZ
850101031S,PARACHOQUE TRASEIRO DE VEICULO AUTOMOVEL,99ZZ
864005035R,ENCOSTO DO ASSENTO DE VEICULO,99ZZ
868842880R,CINTO DE SEGURANCA INCOMPLETO PARA CARRO,99ZZ
296564504R,SUPPORT BOITIER PRISE CHARGE,99ZZ
349018842R,COMANDO DE MUDANCA DE MARCHAS,99ZZ
463166622R,FLEXIBILIDADE DO FREIO TRAS,99ZZ
101013460R,COLECAO JUNTA MOTOR DE IGNICAO POR CENTE,99ZZ
111507749R,GUIA DA VARETA DO MEDIDOR DO NIVEL,99ZZ
743662106R,PUXACAO DE METAL COMUM DIANTEIRA DA PART,99ZZ
253A49402R,SENSOR DO CONTROLE DE ESTACIONAMENTO DE,99ZZ
963740206R,CAPA PLASTICA DO RETROVISOR DE USO EM,99ZZ
727126002R,VIDRO DE SEGURANCA DE FOLHA CONTRACOLADA,99ZZ
850103134V,PARACHOQUE TRASEIRO DE USO EM VEICULO,99ZZ
MR000139,PNEU 205/70R15C FATE AR-410 AVANTIA 106/104R,99ZZ
240144928R,FIACAO ELETRICA (CHICOTE ELETRICO),99ZZ
8200755585,ARTICULACAO DO SISTEMA DA DIRECAO,99ZZ
265654825R,CATADIOPTRICO (DISPOSITIVO REFLETOR),99ZZ
850722206R,ACABAMENTO DO PARACHOQUE DE VEICULO,99ZZ
922702599R,VALVULA DE EXPANSAO TERMOSTATICA,99ZZ
767495540R,PROTETOR DA CAIXA DE RODAS TRASEIRA,99ZZ
7703006379,PARAFUSO NAO PERFURANTE ROSCADO DE ACO,99ZZ
850458102R,SUPORTE PLASTICO DO PARACHOQUE,99ZZ
922709856R,VALVULA DE EXPANSAO TERMOSTATICA PARA CO,99ZZ
8200916125,ENGRENAGEM PINHAO DA CAIXA DE MARCHAS,99ZZ
122158396R,BRONZINA DO MANCAL COM RANHURAS,99ZZ
6001550573,EMBLEMA PLASTICO DA CARROCARIA DE VEICUL,99ZZ
623108116R,GRADE DO RADIADOR PARA CARROCARIA DE VEI,99ZZ
641015855R,LONGARINA PARA CARROCERIA DE VEICUL,99ZZ
7701053056,INTERRUPTOR ELETRICO DO LIMPADOR E LAVAD,99ZZ
7703034228,PORCA ROSCADA DE ACO LIGA,99ZZ
764B57231R,REFORCO PARA CARROCARIA DE VEICULO AUTOM,99ZZ
7700433128,PROTETOR DA CAIXA DE RODAS,99ZZ
240806063R,FIACAO ELETRICA (CHICOTE ELETRICO) PARA,99ZZ
260103483R,APARELHO ELETRICO (FAROL) DE ILUMINACAO,99ZZ
801002875R,PORTA DIANTEIRA DIREITA,99ZZ
682606038R,DIFUSOR DE AR DO PAINEL DE INSTRUMENTOS,99ZZ
224012577R,VELA DE IGNICAO PARA MOTOR DE IGNICAO,99ZZ
745105491R,ASSOALHO DA CARROCARIA DE VEICULO AUTOMO,99ZZ
8201740262,JOGO DE TAPETE DE CARPETE PARA VEICULO,99ZZ
240424418R,JOGO DE FIOS ELETRICOS (CHICOTE ELETRICO,99ZZ
909305409R,ELEMENTO DE FECHAMENTO DO PORTA MALAS DA,99ZZ
803014719R,VITRE PORTE AV G,99ZZ
8660006897,FILTRO DE AR DO SISTEMA DE VENTILACAO DO,99ZZ
7717081662,MOCHILA KARDIAN,99ZZ
7717081663,SCOLA KARDIAN,99ZZ
7717081664,RAQUETEIRA KARDIAN,99ZZ
7717081665,CAIXA DE COMPRAS KARDIAN,99ZZ
7717081666,SHOULDER KARDIAN,99ZZ
7717081667,NECESSARIE KARDIAN,99ZZ
260100867R,FAROL HALOGENIO DIR,99ZZ
260104405R,APARELHO ELÉTRICO PARA ILUMINAÇÃO  FARO,99ZZ
260601920R,FAROL HALOGENIO ESQ,99ZZ
623107908R,GRADE DO RADIADOR PARA CARROCERIA DE VEI,99ZZ
631000689RK4,PRA LAMA PARA CARROCARIA DE VEICULO,99ZZ
100265504,SIGLA FIAT DIAN,99ZZ
51897485,PINO AD EXPAN,99ZZ
52175070,PINO FIXACAO RE,99ZZ
625250,OLEO,99ZZ
611352,FILTRO OLEO,99ZZ
615391,FILTRO OLEO LUBRIFICANTE,99ZZ
473847,SAPATA FREIO,99ZZ
628437,GALAO ARLA,99ZZ
281154912R,APARELHO RECEPTOR DE RADIODIFUSAO COMBIN,99ZZ
391012502R,SEMI EIXO DA TRANSMISSAO DE VEICULO AUTO,99ZZ
7703602315,PARAFUSO,99ZZ
440207408R,TAMBOR DE FREIO DE VEICULO AUTOMOVEL,99ZZ
402022048R,EIXO DE VEICULO AUTOMOVEL,99ZZ
641510139R,FORRO DO ASSOALHO PARA CARROCARIA DE VEI,99ZZ
762464817R,REFORCO DA COLUNA DA CARROCARIA DE VEICU,99ZZ
7701056802,BRACO DO LIMPADOR DE PARABRISA DE VEICUL,99ZZ
7751477913,PORTA EM ACO PARA CARROCARIA DE VEICULO,99ZZ
8200168238,INTERRUPTOR ELETRICO PARA TENSAO INFER,99ZZ
873683901R,MANOPLA LATERAL MOVIMENTACAO DO ASSENTO,99ZZ
669005091R,ISOLADOR ANTIRUIDO COM FORMATO E TAMANH,99ZZ
969252774R,RECIPIENTE DO CONSOLE,99ZZ
365306670R,CABO DO FREIO DE ESTACIONAMENTO,99ZZ
365316252R,CABO SECUNDARIO SISTEMA DE FREIO DE ESTA,99ZZ
656200667R,COMANDO ABERTURA DO CAPO,99ZZ
801C04135R,ESTRUTURA DA PORTA PARA CARROCARIA DE VE,99ZZ
8200448753,CINTO DE SEGURANCA DE VEICULO AUTOMOVEL,99ZZ
8200448760,CINTO DE SEGURANCA DE VEICULO AUTOMOVEL,99ZZ
237G00350R,MODULO DE CONTROLE ELETRONICO DE INJECAO,99ZZ
7717073031,MULTIMIDIA 9 LITE MASTER X62,99ZZ
8201728701,PARAFUSO,99ZZ
8201743419,MOTOR DE PISTAO ALTERNATIVO DE IGNICAO,99ZZ
963014027R,ESPELHO RETROVISOR EXTERNO, LADO DIREITO,99ZZ
MR007226,PNEU 20575R16C TRAZANO,99ZZ
0160778,FAROL HB20 / HB20 SEDAN 2014/ MOLDURA PRETA TEXTUR,99ZZ
363153431R,COBERTURA DE ACABAMENTO DO CONSOLE PARA,99ZZ
606037,FILTRO AR,99ZZ
901005239RK4,TAMPA DO PORTAMALAS DA CARROCERIA,99ZZ
FA2RENAULTK4,ELEMENTO FILTRA AR,99ZZ
562823,OLEO MOTOR,99ZZ
628819,FILTRO OLEO LUBRIFICANTE,99ZZ
ACR0007,PELICULA SECURITY GLASS COM PARA BRISA,99ZZ
7700351293,MECANISMO EM METAL COMUM PARA ELEVACAO D,99ZZ
7634952000,PORCA DE PLASTICO PARA PORTINHOLA DO TAN,99ZZ
849505086R,ELEMENTO DE FECHAMENTO DO BAGAGEIRO DA C,99ZZ
908305946R,JUNTA VEDAÇÃO PORTA MALAS,99ZZ
995501893R,MACACO MANUAL PARA ELEVACAO DE VEICULO A,99ZZ
8201572879,ACABAMENTO DA PORTA DA CARROCARIA DE VEI,99ZZ
8201691187,COBERTURA DO ENCOSTO DO ASSENTO DE VEICU,99ZZ
253C62616R,SUPORTE SENDOR DE ESTACIONAMENTO DIR,99ZZ
40300JD077,RODA ACO TEMPORARIA PARA VEIC AUTO,99ZZ
13207CJ40A,ELEMENTO DE VEDACAO EM ACO E B,99ZZ
161754296R,JUNTA DE ACO DE ADMISSAO DE VEICULO AUTO,99ZZ
ACRPNEU145,PNEU ESTEPE FINO 145/90 ARO 16,99ZZ
118269617R,TUBO EM BORRACHA VULCANIZADA,99ZZ
8201743774,COBERTURA ESQUERDA TRASEIRA PARA CARROCE,99ZZ
260107512R,APARELHO ELETRICO DE ILUMINACAO,99ZZ
260600631R,APARELHO ELETRICO DE ILUMINACAO,99ZZ
266001620R,APARELHO ELETRICO DE ILUMINACAO,99ZZ
266058398R,APARELHO ELETRICO DE ILUMINACAO,99ZZ
320108646R,CAIXA DE MARCHA DE USO EM VEICULO,99ZZ
121102716R,BRONZE DA BIELA DO MOTOR COM DIAMETRO IN,99ZZ
121110623R,BRONZINA PARA USO EM MOTOR DE VEIC AUTO,99ZZ
122070656R,BRONZE DA BIELA DO MOTOR,99ZZ
8201715046,KIT COMPOSTO POR POLIA ,TENSIONADOR, DA,99ZZ
166802601R,TUBO DE ALIMENTACAO DE COMBUSTIVEL DE VE,99ZZ
402067902R,DISCO DE FREIO PARA VEICULO AUTOMOVEL,99ZZ
623109852R,GRADE FRONTAL DO RADIADOR DE VEICULO,99ZZ
254111388R,COBERTURA DE FECHAMENTO DO PAINEL DA POR,99ZZ
261525623R,ACABAMENTO DO FAROL DE NEBLINA,99ZZ
8201737030,ALARGADOR TRASEIRO DO PARALAMA PARA CARR,99ZZ
825708818R,SUPORTE FABRICADO EM ACO GALVANIZADO, PA,99ZZ
166849265R,TUBO DE ALIMENTACAO DE COMBUSTIVEL PARA,99ZZ
237109326S,MODULO ELETRONICO DO MOTOR,99ZZ
255673196R,CHAVE DE SETA, MODULO COMPOSTO DE UM OU,99ZZ
727127840R,VIDRO DE PARABRISA DE FOLHA CONTRACOLADA,99ZZ
219643,EVOL.FULLTEC FE 5W30 ELF,99ZZ
054399,PASTILHA DE FREIO,99ZZ
ACR0003,PELICULA ANTIVANDALISMO PS8,99ZZ
360109790R,MECANISMO DE ACIONAMENTO DO FREIO,99ZZ
402109937R,ROLAMENTO DE ESFERAS DE USO EM VEICULO A,99ZZ
617116,FILTRO AR,99ZZ
458937,FILTRO COMBUSTIVEL,99ZZ
629312,FILTRO AR MOTOR,99ZZ
53474795,SENSOR DE PRESSAO DO PNEU,99ZZ
2GX413031C,AMORTE.GAS,99ZZ
622600,OLEO MOTOR,99ZZ
638303492RK4,PROTETOR DA PASSAGEM DE RODA,99ZZ
629016,OLEO MOTOR 0W30 PREMIUM,99ZZ
620229260R,COBERTURA DO PARACHOQUE DE USO EM VEICUL,99ZZ
619425,BIELETA DIANTEIRA,99ZZ
625797,BUCHA BARRA ESTABILIZADORA,99ZZ
625157,OLEO MOTOR,99ZZ
442062,OLEO MOTOR,99ZZ
618006,OLEO MOTOR,99ZZ
985101942R4K,MODULO DE GERENCIAMENTO AIR BAG,99ZZ
0429901DUO,PROTECAO PARA MOLAS DE LAMINA,99ZZ
85500507708,LIMPEZA FLEX,99ZZ
632473,RADIADOR AGUA,99ZZ
585730,REPARO ADMISSAO,99ZZ
71754237R,FILTRO OLEO MOT,99ZZ
600774,JUNTA TAMPA VALVULA,99ZZ
579784,BICO,99ZZ
594859,BOBINA IGNICAO,99ZZ
340537,VELA IGNICAO,99ZZ
579787,BICO INJETOR,99ZZ
631926,RADIADOR OLEO,99ZZ
76462,CAPOTA MAR OROCH,99ZZ
607828,OLEO MOTOR,99ZZ
LO545,FILTRO DE OLEO UP 1.0 FLEX,99ZZ
62010W529R,PARA CHOQUE DE USO EM VEICULO AUTOMOVEL,99ZZ
622824,FILTRO OLEO LUBRIFICANTE,99ZZ
398292,ARRUELA BUJAO CARTER,99ZZ
623455,OLEO MOTOR,99ZZ
98610R1000,CONJUNTO RESERVATORIO DA BOMBA DO LIMPADOR,99ZZ
ACR1575,SANTO ANTONIO COMPLETO PARA CARROCERIA,99ZZ
610026,FILTRO AR,99ZZ
580387,FILTRO OLEO LUBRIFICANTE,99ZZ
619148,FILTRO AR,99ZZ
616622,FILTRO COMBUSTIVEL,99ZZ
259153303R,CALCULADOR GUIA ITINERARIO,99ZZ
7700115827,VELA DE IGNICAO PARA MOTOR,99ZZ
409057,PALHETA,99ZZ
562599,PALHETA,99ZZ
425761,PALHETA,99ZZ
805009VB0A,FECHADURA ELETRICA,99ZZ
638411709RK4,PROTETOR DA CAIXA DA RODA PARA CARROCERI,99ZZ
117208023RK4,CORREIA DE TRANSMISSAO DE BORRACHA,99ZZ
53396797,CUBO DE RODA AN,99ZZ
627333,PALHETA DIANTEIRA,99ZZ
627345,PALHETA DIANTEIRA,99ZZ
491446,SENSOR NIVEL,99ZZ
MR057878,PNEU 185/60R15ONYXNY-806H,99ZZ
641C14435R,SUPORTE DE FIXACAO DO PARALAMA, FABRICA,99ZZ
909005370R,TAMPA DO PORTA MALAS,99ZZ
607831,OLEO MOTOR,99ZZ
375144,BUJAO CARTER,99ZZ
98276168DXV4,MONOGRAMA,99ZZ
269250618RK4,SUPORTE DO FAROL MOLDADO NO PARACHOQUES,99ZZ
122070041RK4,BRONZE DO VIRABREQUIM DO MOTOR COM DIAME,99ZZ
597331,MANGUEIRA SUPERIOR RADIADOR,99ZZ
618669,VALVULA TERMOSTATICA,99ZZ
617204,CORREIA ALTERNADOR,99ZZ
631615,RESARVOTORIO AGUA,99ZZ
585704,OLEO CAMBIO,99ZZ
630920,SOQUETE FAROL,99ZZ
618013,OLEO MOTOR,99ZZ
628788,PARAFUSO ATUDOR EIXO COMANDO,99ZZ
628787,ENGRENAGEM COMANDO,99ZZ
597760,DISCO FREIO DIANTAEIRO,99ZZ
587031,VELA IGNICAO,99ZZ
620801,OLEO MOTOR,99ZZ
632317,OLEO MOTOR,99ZZ
906002009RK4,EX 023   FECHADURA ELETRICA RESPONSAVEL,99ZZ
165464877RK4,CARTUCHO FILTRANTE DE AR DE USO AUTOM,99ZZ
130415796R,COBERTURA DO REGULADOR DO OLEO DO MOTOR,99ZZ
284388091R,SENSOR DO MODULO ELETRÔNICO DE CONTROLE,99ZZ
613422,OLEO MOTOR,99ZZ
7717073258,PNEU MICHELIN ARO 16 225,99ZZ
MR07019,PNEU 225/65R16C GENERAL TIRE EUROVAN2 112/110R,99ZZ
604636,BIELETA DIANTEIRA,99ZZ
627792,PIVO SUSPENSAO INFERIOR,99ZZ
631692,BARRA AXIAL,99ZZ
629015,RESERVATORIO AGUA,99ZZ
611346,BANDEJA SUSPENSAO,99ZZ
601105,BIELETA DIANTEIRA,99ZZ
214987404R,CONVERGENTE INFERIOR DA ENTRADA DE AR DO,99ZZ
272701105R,APARELHO DE AR CONDICIONADO PARA VEICULO,99ZZ
275428581R,CABOS DE CONTROLE DA DISTRIBUICAO DE AR,99ZZ
769513873R,COBERTURA DO ESTRIBO PARA CARROCARIA DE,99ZZ
224019372R,VELA DE IGNICAO DE USO EM VEICULO AUTOMO,99ZZ
304016298R,CARTER DA EMBREAGEM DE VEICULO AUTOMOVEL,99ZZ
240188042S,JOGO DE FIOS ELETRICOS COM CONECTORES, I,99ZZ
ACR0009,ENVELOPAMENTO TETO + COLUNA KARDIAN,99ZZ
8201700287K4,PROTETOR SOBRE O MOTOR,99ZZ
626262,FILTRO AR CONDICIONADO,99ZZ
629987,CUBO RODA,99ZZ
614835,ROLAMENTO RODA,99ZZ
6R0412249,ROLAMENTO,99ZZ
1J0412331C,MANCAL,99ZZ
357413175A,COIFA,99ZZ
6R0412303,BATENTE,99ZZ
613183,FILTRO AR,99ZZ
404470,FILTRO COMBUSTIVEL,99ZZ
591096,SENSOR NIVEL,99ZZ
614230,FILTRO DO OLEO,99ZZ
797009979R,VITRE FIXE LUNETTE AR,99ZZ
801002124R,PORTA PARA CARROCERIA DE VEICULO AUTOMOV,99ZZ
604455,FILTRO OLEO,99ZZ
115609451R,GICLE / BICO DE RESFRIAMENTO DO PISTAO,,99ZZ
808207076R,TIRA ADESIVA DA PORTA PARA CARROCERIA DE,99ZZ
808213522R,TIRA ADESIVA DA PORTA PARA CARROCERIA DE,99ZZ
ACR0001,ANTIVANDALISMO PS4 G20,99ZZ
8201586483,ELEMENTO AERODINAMICO DO PARACHOQUE DE V,99ZZ
240115212S,CHICOTE MOTOR,99ZZ
7701050894,MOTOVENTILADOR PARA SISTEMA DE CLIMATIZA,99ZZ
540102571R,MOLA DE ACO HELICOIDAL CILINDRICA PARA V,99ZZ
623109800R,GRADE DO PARACHOQUE,99ZZ
7701472955,JOGO DE JUNTAS E RETENTORES DO CABECOTE,99ZZ
490011431R,CAIXA DA DIRECAO HIDRAULICA DE VEICULO A,99ZZ
628401495R,BATENTE DE PLASTICO DO CAPO DE VEICULO A,99ZZ
111105474R,CARTER DE ÓLEO SUPERIOR,99ZZ
261521933R,MOLDURA DE ACABAMENTO DO FAROL DE NEBLIN,99ZZ
684984567R,COBERTURA DO PAINEL DE INSTRUMENTOS PARA,99ZZ
7752232796,PUERTA DELANTERA DER X65 C2,99ZZ
775793442R,REFORCO LATERAL TRASEIRO ESQUERDO,99ZZ
140132119R,PROTEÇÃO TÉRMICA DO COLETOR DE ESCAPE,99ZZ
440102870R,TAMBOR DE FREIO, PARA SISTEMA DE FREIO T,99ZZ
620228950R,PELE SUPERIOR DO PARACHOQUE DE USO EM VE,99ZZ
687504869R,DIFUSOR DE AR DO PNEU,99ZZ
687508720R,DIFUSOR DE AR DO PAINEL DE INSTRUMENTOS,99ZZ
17485,TAMPAO DE ACO,99ZZ
465037026R,PEDAL PARA ACIONAMENTO DA EMBREAGEM, EM,99ZZ
474010066R,TUBULACAO COM FORMATO PROPRIO,99ZZ
620228223R,PARACHOQUE DIANTEIRO DE VEICULO,99ZZ
623856083R,MOLDURA INFERIOR DA GRADE, FABRICADO EM,99ZZ
638556460R,BAVETTE PAREBOUE AV G,99ZZ
248090724R,QUADRO DE INSTRUMENTOS ACOMPANHADO DE VE,99ZZ
8200790180,VALVULA SOLENOIDE PARA CONTROLE DO FLUXO,99ZZ
8201742986,MOT ASS H4M 743,99ZZ
850224210R,PELE INFERIOR DO PARACHOQUE TRASEIRO,99ZZ
963737121R,COBERTURA PLASTICA DE ACABAMENTO DO ESPE,99ZZ
0160986,FAROL H4 ONIX/PRISMA LT 2017/2019 LD MASC.NEGRA/MO,99ZZ
172030657R,RESERVATORIO COMBUSTIVEL,99ZZ
0160770,FAROL H4 NOVO UNO WAY / VIVACE 2010/ LD,99ZZ
260609911R,APARELHO ELETRICO DE ILUMINACAO ESQ,99ZZ
391013609R,TRANSMISSAO DIANTEIRA ESQUERDA DE VEICUL,99ZZ
541044,OLEO MOTOR,99ZZ
627069,OLEO MOTOR,99ZZ
ACR0006,PELICULA TERMICA PARABRISA,99ZZ
620262726RK4,PARACHOQUE (INCOMPLETO) DE VEICULO AUTO,99ZZ
7717084884V4,KIT FRISO RENAULT-KARDIAN-PRETO,99ZZ
777906010RK4,RAIL SUP D,99ZZ
8201755822,CABLAGE ADAPTATION CABLAGE CA APV,99ZZ
403009703R,RODA DE LIGA DE ALUMINIO PARA VEICULO AU,99ZZ
198697,OLEO,99ZZ
8200426365,GRADE DE ENTRADA DE AR DO RADIADOR DE VE,99ZZ
8200758088,ENGRENAGEM DA CORREIA DENTADA DO VIRABRE,99ZZ
622221036R,SUPORTE EM PLASTICO DE FIX DO PARACHOQUE,99ZZ
623125662R,TAMPA PLASTICA DE FECHAMENTO DO ORIFICIO,99ZZ
631461427R,SUPORTE DE FIXACAO PARA TRASEIRO DE OLEO,99ZZ
781416822R,ELEMENTO SUPORTE DE USO NA CARROCERIA,99ZZ
8200455115,CALOTA DA RODA,99ZZ
875008326R,TRILHO DO ASSENTO DE USO EM VEICULO,99ZZ
224019185R,PLUGSPARK,99ZZ
226306LS2A,TERMISTOR CONHECIDO COMO SENSOR DE TEMPE,99ZZ
272768889R,CAPA DO FILTRO DO AR CONDICIONADO,99ZZ
172035049R,RESERVATORIO COMBUSTIVEL,99ZZ
208A00828R,DEPURADOR POR CONVERSAO CATALITICA,99ZZ
110419464R,CABECOTE PARA MOTOR DE PISTAO DE IGNICAO,99ZZ
132074604R,JUNTA DA VALVULA DE EXAUSTAO,99ZZ
112338353R,SUPORTE FABRICADO EM ACO GALVANIZADO, PA,99ZZ
120336463R,ANEL DE SEGMENTO PARA MOTOR DE IGNICAO,99ZZ
122793304R,JUNTA DE BORRACHA VULCANIZADA NAO ENDURE,99ZZ
132311334R,TUCHO DA VALVULA PARA MOTOR DE IGNICAO,99ZZ
150002194R,BOMBA DE OLEO LUBRIFICANTE PARA MOTOR DE,99ZZ
214818864R,CONJUNTO MOTOVENTILADOR PARA SISTEMA DE,99ZZ
150105638R,BOMBA DE ÓLEO,99ZZ
638127407RK4,ELARGISSEUR PASSAGE ROUE AV D,99ZZ
460118266R,AMPLIFICADOR DO SISTEMA DE FREIO DE USO,99ZZ
859330540R,COBERTURA DA PASSAGEM DE RODA DO PARACHO,99ZZ
120A11957RK4,PISTAO PARA MOTOR DE IGNICAO POR CENTELH,99ZZ
98284027DXK4,MONOGRAMA,99ZZ
8200661295K4,ABRACADEIRA DE ACO PARA USO EM VEICULO,99ZZ
200105895RK4,TUBO DE ESCAPAMENTO DE USO EM VEICULO AU,99ZZ
ACR0015,PELICULA PS16,99ZZ
626742,FILTRO OLEO LUBRIFICANTE,99ZZ
98542855TC,MONOGRAMA,99ZZ
631978,VALVULA TERMOSTATICA,99ZZ
550302,ROLAMENTO,99ZZ
601896,PALHETA TRASEIRA,99ZZ
600687,DISCO FREIO DIANTEIRO,99ZZ
608061,AMORTECEDOR DIANTEIRO,99ZZ
608062,AMORTECEDOR DIANTEIRO,99ZZ
615939,KIT AMORTECEDOR,99ZZ
616158,FILTRO DE OLEO,99ZZ
342700,BREAK LIGHT,99ZZ
629700,CORREIA DE TRANSMISSÃO SEM FIM DE SEÇÃO,99ZZ
630094,BATERIA,99ZZ
9858072280,OPTICA COMPLETA DTA,99ZZ
52940R1100,CALOTA DA RODA,99ZZ
638436416R,PROTETOR DA CAIXA DE RODA PARA CARROCARI,99ZZ
883466865R,CDE DVRL DSR SJ 2EME RNG GRNT LAT D CFR,99ZZ
620924773RK4,ABSORVEDOR INFERIOR PARACHOQUE DIANTEIR,99ZZ
98284028DX,MONOGRAMA,99ZZ
594481,AMORTECEDOR DIANTEIRO,99ZZ
594491,AMORTECEDOR DIANTEIRO,99ZZ
612720,KIT AMORTECEDOR DIANTEIRO,99ZZ
592733,BUCHA BARRA ESTABILIZADORA,99ZZ
631557,COXIM CAMBIO,99ZZ
607035,BIELETA DIANTEIRA,99ZZ
599406,TAMPA RESERVATORIO,99ZZ
626396,COXIM MOTOR DIANTEIRO,99ZZ
624990,RETENTOR VIRABREQUIM DIANTEIRO,99ZZ
8660089619,OLEO CINZA,99ZZ
7711733444,FRISOS PERSONALIZADOS (BLEU IRON),99ZZ
7711733437,FRISOS PERSONALIZADOS (ROUGE VIF ),99ZZ
755106618R,LONGARINA PARA CARROCARIA DE VEICU AUTOM,99ZZ
8200733129,CALHA DO VIDRO TRASEIRO LADO ESQUERDO,99ZZ
755502255R,SUPORTE EM ACO PARA MONTAGEM DA ESTRUTUR,99ZZ
8201034917,JUNTA VEDACAO SUPORTE DO QUINTO INJETOR,99ZZ
8201731426,GRADE DE PROTECAO DO VIDRO TRASEIRO  PAR,99ZZ
8201738489,MOTOR DE IGNICAO POR CENTELHA, DE CILIND,99ZZ
284B67653R,COBERTURA DO PAINEL ELETRICO COM TENSAO,99ZZ
620783103R,MOLDURA DE ACABAMENTO DO PARACHOQUE DE,99ZZ
990F22386R,ETIQUETA PLASTICA AUTOADESIVA DE POLIPRO,99ZZ
281154416R,APARELHO RECEPTOR DE RADIODIFUSAO,99ZZ
7717073920,KIT FAROL NEBLINA GAMA,99ZZ
586668,ABRACADEIRA HOMOCINETICA,99ZZ
614867,AMORTECEDOR DIANTEIRO,99ZZ
622200,KIT AMORTECEDOR,99ZZ
ACRALARME,ALARME,99ZZ
610692,PASTILHA FREIO,99ZZ
627611,TERMINAL DIRECAO,99ZZ
821004872R,PORTA PARA CARROCERIA DE VEICULO AUTOMOV,99ZZ
631019140R,PARALAMAS DIANTEIRO DIREITO DA CARROCER,99ZZ
C30904,FILTRO DE AR UNO/ARGO/MOBI/FIREFLY/FIAT,99ZZ
850424418R,SOPORTE CTL ESCUDO AR,99ZZ
3BZ9600G,FILTRO DE AR,99ZZ
607757,CHICOTE 6 VIAS,99ZZ
ACR0013,KIT MULTIMIDIA,99ZZ
403002664RK4,RODA DE AÇO ARO 14,99ZZ
613867,TAMPA DE FECHAMENTO DO MOTOR DE IGNIÇÃO,99ZZ
214103480R,RADIADOR DE USO EM VEICULO AUTOMOVEL,99ZZ
905037908R,FECHADURA DE METAL COMUM DE USO EM VEICU,99ZZ
52141753,TIRANTE LIMITAD,99ZZ
622842,FILTRO,99ZZ
1350116,OTIMIZADOR DE COMBUSTIVEL,99ZZ
1350128,LIMPA BICO DIESEL VIA TANQUE,99ZZ
1350100,ADITIVO RADIADOR,99ZZ
627712,FILTRO AR CONDICIONADO,99ZZ
629881,OLEO MOTOR,99ZZ
620984,CABO EMBREAGEM REF : LKS7369,99ZZ
627771,OLEO MOTOR,99ZZ
ACR00008,PELICULA TERMICA LATERAL,99ZZ
620713,FILTRO AR,99ZZ
607458,FILTRO OLEO LUBRIFICANTE,99ZZ
613423,OLEO MOTOR,99ZZ
627772,OLEO MOTOR,99ZZ
497202643RV4,TUBULACAO COM FORMATO PROPRIO, FLEXIVEL,99ZZ
353302,JOGO JUNTA SUPERIOR,99ZZ
613309,JUNTA TAMPA VALVULA,99ZZ
609633,KIT CORREIA DENTADA,99ZZ
612682,BOMBA AGUA,99ZZ
170428098RK4,BOMBA DE COMBUSTIVEL PARA MOTOR,99ZZ
ACE0001,MODULO DE SUBIDA,99ZZ
624519,PASTILHA FREIO,99ZZ
905939076R,SUPORTE DE METAL COMUM DO BATENTE DA POR,99ZZ
926003380R,COMPRESSOR DO ARCOND C/PRATO DESLOC VAR,99ZZ
620174853R,PROTECAO DE PELE DO PARACHOQUE,99ZZ
620265718R,PELE INFERIOR DO PARACHOQUE DIANTEIRO,99ZZ
620D68968R,PROTECAO DO PARACHOQUE TRASEIRO DE VEICU,99ZZ
631437117R,SUPORTE D0 PARA LAMAS PARA CARROCERIA,99ZZ
121108171R,BRONZINA SUPERIOR,99ZZ
132260507R,KIT VALVULAS DE ADMISSAO,99ZZ
132271439R,KIT VALVULAS DE ESCAPE,99ZZ
687606060R,AERADOR PARA CARROCARIA DE VEICULO AUTOM,99ZZ
738522930R,FRISO DO TETO PARA A CARROCARIA DE VEICU,99ZZ
739109870R,GARNITURE PAVILLON,99ZZ
751327078R,ELEMENTO DE FECHAMENTO DA LONGARINA DIAN,99ZZ
751359889R,ELEMENTO FECHAMENTO LONGARINA DA CARROCA,99ZZ
751D18512R,ELEMENTO DE FECHAMENTO DA LONGARINA PARA,99ZZ
201003832R,ESCAPAMENTO PARA VEICULO AUTOMOVEL,99ZZ
015030,ELF EVOL FULLTECH FE 5W30,99ZZ
265108474R,LUZ DA PLACA DE LICENCA P/ VEIC AUTO,99ZZ
924466175R,TUYAU CONDENSEUR RESERVOIR DESHYDRATEUR,99ZZ
101013014R,COLETOR DE ADMISSAO DE MOTOR DE IGNICAO,99ZZ
101013234R,COLECAO JUNTA METALOPLASTICA DO MOTOR,99ZZ
511806379R,TAMPA DO ANEL DE REBOQUE DO PARACHOQUE D,99ZZ
7702295192,PARACHOQUE DE VEICULO AUTOMOVEL,99ZZ
7701056417,PARACHOQUES DE VEICULO AUTOMOVEL,99ZZ
172024734R,BOMBA DE COMBUSTIVEL DE MOTOR DE IGNICAO,99ZZ
240117972S,JOGO DE FIOS ELETRICOS(CHICOTE ELETRICO),99ZZ
241144957R,CAIXA DE FIACAO DE BATERIA DE UMA TENSAO,99ZZ
8201551522,DISCO DE FRICCAO PARA EMBREAGEM,99ZZ
320104060R,CAIXA DE MARCHA MANUAL PARA VEICULO,99ZZ
250608987R,MEDIDOR DO NIVEL DE COMBUSTIVEL DE VEICU,99ZZ
140035305R,COLETOR DE ADMISSÃO DE AR,99ZZ
164455250R,TUBULACAO COM FORMATO PROPRIA PARA SISTE,99ZZ
260425153R,SUPORTE EM METAL COMUM DE FIXACAO DO FAR,99ZZ
240151338R,JOGO DE FIOS ELETRICOS COM CONECTORES, I,99ZZ
240158909R,JOGO DE FIOS ELETRICOS COM CONECTORES, I,99ZZ
240701512R,JOGO DE FIOS ELETRICOS (CHICOTE ELETRICO,99ZZ
260926225R,SUPORTE EM METAL COMUM DE FIXACAO DO FAR,99ZZ
302186786R,CONJUNTO DISCO PLATO DA EMBREAGEM PARA V,99ZZ
320100993R,CAIXA DE MARCHAS MANUAL DE VEICULO AUTOM,99ZZ
403006572R,RODA DE LIGA DE ALUMINIO PARA,99ZZ
LE108,FILTRO DE OLEO,99ZZ
850164221R,PARACHOQUE DE USO EM VEICULO AUTOMOVEL,99ZZ
767196132R,PASSAGEM DE RODA TRASEIRA DIREITA PARA,99ZZ
767491302R,PROTETOR DA CAIXA DE RODAS TRAS ESQ,99ZZ
767496094R,PROTETOR DA CAIXA DE RODAS TRAS ESQ,99ZZ
LE119,FILTRO DE OLEO FIAT/PALIO 1.8,99ZZ
2108859R,AMORTECEDOR DO SISTEMA DE SUSPENSÃO,99ZZ
63012690R,ESPELHO RETROVISOR,99ZZ
344136236,MODULO DE CONTROLE DA CAIXA DE MARCHAS,99ZZ
MR061435,PNEU 225/70R15C ONYX NY-20 8L 112/110R,99ZZ
775784051R,REFORCO LATERAL TRASEIRO DIREITO,99ZZ
802935122R,TAMPA DE FECHAMENTO DO PAINEL DA PORTA,99ZZ
272708274R,APARELHO DE AR CONDICIONADO PARA VEICULO,99ZZ
7701209992,COIFA PLASTICA, ACOMPANHADA DE ABRACADEI,99ZZ
7701041042,TUBO DE BORRACHA SEM ACESSORIOS,99ZZ
484005466R,VOLANTE DA DIRECAO DESPROVIDO DE MODULO,99ZZ
543027386R,AMORTECEDOR FABRICADO PREDOMINANTEMENTE,99ZZ
K68444159LA,MOPAR MAXPRO SYNTHETIC 0W30 MOPAR,99ZZ
51842923,ELEMENTO FILTRA,99ZZ
53489525,FILTRO COMBUSTI,99ZZ
833439483R,VIDRO DE SEGURANCA TEMPERADO DE DIMENSAO,99ZZ
850448632R,SUPORTE PLASTICO DIANTEIRO DO PARACHOQUE,99ZZ
R7711732209,CALHA PARA CARROCERIA,99ZZ
R7717079635,CALHA SLIM,99ZZ
MR060083,PNEU 225/75R WESTLAKE H188,99ZZ
309725989R,CHICOTE ACIONADOR DO SISTEMA DE EMBREAGE,99ZZ
903002631R,VIDRO DO PARABRISA PARA CARROCERIA DE VE,99ZZ
809003166R,ACABAMENTO DO PAINEL DE PORTA DIANTEIRO,99ZZ
809012167R,GUARNICAO PAINEL DA PORTA DIANT ESQ,99ZZ
823004133R,VIDRO DO PARABRISA PARA CARROCERIA DE VE,99ZZ
122802430R,BRONZINA INFERIOR,99ZZ
038720,OLEO MOTOR REPSOL 0W30 EVOLUTION POWER,99ZZ
123847,MOBIL SUPER 3000 FORM DI 0W20,99ZZ
HLP6074,FILTRO DE AR VW GOLF 1.4 TSL 2014,99ZZ
LB545,FILTRO DE OLEO UP 1.0 FLEX 14,99ZZ
LB56,FILTRO OLEO UNI ARGO,99ZZ
121101595R,BRONZINA DE APOIO DO VIRABREQUIM,99ZZ
VV091,OLEO MOTOR 5W40 VALVOLINE COMPETITION SYNTHETIC BL,99ZZ
825035569R,FECHADURA ELETRICA DA PORTA PARA VEICULO,99ZZ
833415039R,VIDRO DA JANELA,99ZZ
876610770R,ESPUMA DO ASSENTO PARA VEICULO AUTOMOVEL,99ZZ
8200727051,ALTERNADOR DE VEICULO AUTOMOVEL,99ZZ
926005305R,COMPRESSOR DE AR CONDICIONADO,99ZZ
938J61912R,ACABAMENTO PARA CARROCARIA DE VEICULO AU,99ZZ
985704737R,BOLSA INFLAVEL DE SEGURANCA COM SISTEMA,99ZZ
833439478R,VIDRO TEMPERADO EM CAIXILHO PARA CARROCE,99ZZ
641006617R,CONJUNTO SEMI BLOCO DA CARROCARIA DE VEI,99ZZ
654702645R,AMORTECEDOR DO CAPO EM METAL COMUM PARA,99ZZ
8200848492,FILTRO DE AR DO SISTEMA DE VENTILACAO DE,99ZZ
8200607978,ENGRENAGEM PINHAO DA CAIXA DE MARCHAS,99ZZ
349019877R,COMANDO DE MUDANCA DE MARCHAS,99ZZ
365314541R,CABO DO FREIO DE ESTACIONAMENTO,99ZZ
432008191R,DISCO DE FREIO TRASEIRO, UTILIZADO EM VE,99ZZ
440118627R,CALIPER DO FREIO PARA VEICULOS AUTOMOVEI,99ZZ
460114944R,CILINDRO MESTRE DO FREIO DE VEICULO AUTO,99ZZ
483828445R,ESCUDO DE PROTECAO TERMICO DO TANQUE DE,99ZZ
658402985R,ABSORVEDOR ACUSTICO DE RUIDO DO CAPO,99ZZ
8201742661,100010529R MOTOR DE PISTAO ALTERNA,99ZZ
926007461R,COMPRESSOR DE AR CONDICIONADO,99ZZ
738863573R,PROTECAO BARRA DE TETO PARA CARROCERIA,99ZZ
7717001754,BOLSA TERMICA INSTITUTO,99ZZ
7751691104,PAINEL DO PARACHOQUE VEICULO AUTOMOVEL,99ZZ
960109990R,COLLECTION ELEMENT AERD BOUCLIER AV,99ZZ
963017422R,ESPELHO RETROVISOR EXTERNO, LADO DIREITO,99ZZ
727129664R,VIDRO DE SEGURANCA, CURVO, LAMINADO COM,99ZZ
275700669R,CONTROLE DO AR CONDICIONADO DE VEICULO A,99ZZ
110651492R,BOUGIE PRECHAUFFAGE,99ZZ
122151356R,BRONZE DA BIELA DO MOTOR COM DIAMETRO IN,99ZZ
123036381R,POLIA DO AMORTECEDOR ANTIVIBRACAO,99ZZ
768603389R,JUNTA ESCAPAMENTO,99ZZ
144650179R,JUNTA DA TUBULACAO DE AR PARA VEICULO,99ZZ
226400956R,TERMISTOR SENSOR DE TEMPERATURA PROPRIO,99ZZ
MR052516,PNEU 175/65R14 BARUM BRAVURIS 5HM 82T,99ZZ
226409306R,TERMISTOR SENSOR DE TEMPERATURA PROPRIO,99ZZ
I7711733865,INTERFACE CAMERA,99ZZ
R7711733865,CAMERA TARTARUGA,99ZZ
876011214R,ARMATURE DOSSIER SIEGE D 1ERE RNG,99ZZ
MR061891,PNEU 175/65R14  DYNAMO STREET-H MH01 86T XL,99ZZ
806716534R,CONJUNTO COMANDO ABERTURA INTERNA PORTAS,99ZZ
265903636R,TAMPA DA LUZ DE FREIO DA CARROCARIA DE V,99ZZ
7700836729,PLACA DE PROTECAO PARA CARROCARIA DE VEI,99ZZ
8200211035,COBERTURA DA CAIXA DE FUSIVEIS PARA CARR,99ZZ
272883539R,SORTIDO DE JUNTAS DE COMPOSICOES,99ZZ
243123989R,COBERTURA DA CAIXA DE RELES E FUSIVEIS E,99ZZ
821006244R,PORTA PARA CARROCARIA DE VEICULO AUTOMOV,99ZZ
803015907R,VIDRO TEMPERADO DE DIMENSOES E FORMATOS,99ZZ
271102394R,EQUIPAMENTO PROPRIO PARA RESFRIAR E AQUE,99ZZ
822344211R,ELEMENTO DE FECHAMENTO DA CARROCARIA DE,99ZZ
130211210R,ENGRENAGEM DO TIPO PINHAO DO VIRABREQUIM,99ZZ
02275B,PN FIRESTONE,99ZZ
679710001R,ABSORVEDOR DE RUIDO COM TAMANHO,99ZZ
681045570R,ACABAMENTO DO CONSOLE DO PAINEL DE INSTR,99ZZ
769348924R,ELEMENTO DE FECHAMENTO DO PORTA MALAS DA,99ZZ
792608973R,ANTEPARO DA PARTICAO TRASEIRA  DIVISORI,99ZZ
223212854R,TUBO DE BORRACHA VULCANIZADA NAO ENDUREC,99ZZ
8201525231,DIFERENCIAL PARA EIXO DE TRANSMISSAO DE,99ZZ
8201711893,COIFA DO EIXO ESQUERD DIANT,99ZZ
827207561R,MECANISMO DE ACIONAMENTO DO VIDRO ELETRI,99ZZ
876206932R,COBERTURA DE ACABAMENTO DO ASSENTO,99ZZ
938J81044R,ACABAMENTO PARA CARROCARIA DE VEICULO AU,99ZZ
985252860R,BOLSA INFLAVEL DE SEGURANCA COM DISPOSIT,99ZZ
544015424R,BERCO DE VEICULO AUTOMOVEL,99ZZ
679009181R,COBERTURA DO PAINEL DE INSTRUMENTOS DA C,99ZZ
799113899R,SUPORTE LATERAL DO TAMPAO DO PORTAMALAS,99ZZ
281159166R,CENTRAL MULTIMIDIA, PARA CONEXAO COM TEL,99ZZ
822830504R,COBERTURA DE ACABAMENTO DA COLUNA PARA C,99ZZ
886416249R,TRAVA DE ACO DO ENCOSTO DO ASSENTO,99ZZ
876205579R,COBERTURA DE ACABAMENTO DO ASSENTO DE VE,99ZZ
7701069214,GUARNICAO DE BORRACHA VULCANIZADA,99ZZ
7700100457,VOLANTEDOMOTOR,99ZZ
7700433131,PROTETOR PLASTICO DA CAIXA DE RODAS DE V,99ZZ
479503770R,SENSORES INDUTIVOS DE PARA SISTEMA DE FR,99ZZ
808310017R,JUNTA DE BORRACHA VULCANIZADA NAO ENDU,99ZZ
8200931080,PAINEL DA PORTA PARA CARROCARIA DE VEICU,99ZZ
825022410R,FECHADURA ELETRICA DA PORTA PARA VEICULO,99ZZ
441007003R,CILINDRO DO FREIO TRASEIRO PARA VEICULO,99ZZ
322B58175R,ENGRENAGEM DA CAIXA DE MARCHAS DE VEICUL,99ZZ
364001629R,ALAVANCA DO FREIO DE ESTACIONAMENTO PARA,99ZZ
623837506R,TRAVESSA DA GRADE DO RADIADOR,99ZZ
123008250R,KIT VOLANTE MOTOR,99ZZ
261520496R,MOLDURA DE FIXACAO DO FAROL DE NEBLINA,99ZZ
8200839624,ACABAMENTO PLASTICO DA LATERAL PARA CARR,99ZZ
8201711896,COLLECTION SOUFFLET COTE ROUE,99ZZ
823004008R,VIDRO MOVEL DA PORTA DIR,99ZZ
544011824R,BERCO DIANTEIRO DE FIXACAO DO MOTOR,99ZZ
172033392R,RESERVATÓRIO DE COMBUSTIVEL,99ZZ
261555538R,FAROL DE NEBLINA COM TECNOLOGIA LED (DIO,99ZZ
803009995R,VIDRO DE SEGURANCA TEMPERADO DE DIMENSAO,99ZZ
803139442R,VIDRO DA PORTA ESQUERDA DE VEICULO AUTOM,99ZZ
296561717R,SUPORTE DE FIXACAO DA CARROCARIA DE VEIC,99ZZ
7711734370,BOLSA MARISA,99ZZ
120333AC0A,JOGO DE ANEIS DE SEGMENTO PARA MOTOR DE,99ZZ
908302616R,JUNTA DO PORTA MALAS,99ZZ
909006477R,ELEMENTO DE FECAHAMENTO DO PAINEL DO POR,99ZZ
7701065696,TAMPA DO RESERVATORIO DO FLUIDO DO FREIO,99ZZ
7700719140,CUBO DA RODA DE VEICULO AUTOMOVEL,99ZZ
963019016R,ESPELHO RETROVISOR PARA USO EM VEICULO A,99ZZ
8200426003,MOLDURA DE BORRACHA, PESTANA DA PORTA,99ZZ
8660089621,MOTRIO 5W40 AI SN,99ZZ
546111180R,BARRA ESTABILIZADORA DA SUSPENSAO DE VEI,99ZZ
824303880,LIMITADOR EM METAL COMUM DA PORTA PA,99ZZ
7711733200,185/60 R14 82H TL ENERGY XM2 GRNX MI,99ZZ
214772829R,CONVERGENTE DE USO EM VEICULO AUTOMOVEL,99ZZ
808653773,ESTRUTURA DE VEDACAO,99ZZ
808653773R,ESTRUTURA DE VEDACAO DA PORTA PARA CARRO,99ZZ
803313196R,CONJUNTO DE MOLDURAS DE BORRACHA VULCANI,99ZZ
801015880R,PORTA PARA CARROCARIA DE VEICULO AUTOMOV,99ZZ
8200792572,MOLA HELICOIDAL CILINDRICA DE USO NA SUS,99ZZ
8200002442,ATUADOR ELETRICO DE CORRENTE CONTINUA DE,99ZZ
8200008498,MACANETA DE PLASTICO PARA VEICULO AUTOMO,99ZZ
8200759965,DISPOSITIVO DE FIXACAO DO MOTOR PARA CAR,99ZZ
8200700117,ESPELHO RETROVISOR EXTERNO PARA VEICULO,99ZZ
8200155240,TUBO BORRACHA NAO REFORCADO C/ ACESS,99ZZ
7703602249,PARAFUSO NAO PERFURANTE ROSCADO DE ACO L,99ZZ
7701204286,CONJUNTODEDISCOSDEFREIOPARAVE,99ZZ
7701471866,CONJUNTO COM DUAS POLIAS, SENDO UMA DE R,99ZZ
7701208338,GAXETA DE BORRACHA VULCANIZADA NAO ENDUR,99ZZ
8200043085,SUPORTE PARA FIXACAO DA CAIXA DE MARCHAS,99ZZ
883208907R,COBERTURA REVESTIMENTO ASSENTO DO BANCO,99ZZ
990320504R,ETIQUETA AUTOADESIVA DE POLICLERETO,99ZZ
827217216R,MECANISMO DE AÇO PARA LEVANTAMENTO MANUA,99ZZ
110418255R,DESCRIÇÃO NÃO CADASTRADA,99ZZ
8200403198,VOLANTE DO MOTOR DE VEICULO AUTOMOVEL,99ZZ
110413240R,CABECOTE PARA MOTOR DE IGNICAO POR CENTE,99ZZ
682524536R,TAMPA PORTA LUVAS,99ZZ
8201590627,JOGOS DE FIOS DE CONEXAO ELETRICA DOS I,99ZZ
440A07208R,TAMBOR DE FREIO DE VEICULO AUTOMOVEL,99ZZ
620102894X,PARACHOQUES DE VEICULO AUTOMOVEL,99ZZ
626538405R,GUIA DE ENTRADA DE AR DO PARACHOQUE DE,99ZZ
165555524R,DEFLETOR DE AR PARA USO EM VEICULO,99ZZ
7701208950,ROLAMENTO DE ESFERAS, ACOMPANHADO DE ANE,99ZZ
8201388835,DISPOSITIVO ELETRONICO PARA CONTROLE DO,99ZZ
255405605R,INTERRUPTOR DE SINALIZAÇÃO DE ILUMINAÇÃO,99ZZ
272770741R,FILTRO PLASTICO DO AR CONDICIONADO DE VE,99ZZ
410719799R,SUPORTE EM METAL COMUM PARA CARROCARIA,99ZZ
476605022R,MODULO DE CONTROLE DE ESTABILIDADE E ANT,99ZZ
476605196R,MODULO DO BLOCO HIDRAULICO DO SISTEMA,99ZZ
850100721S,COBERTURA DO PARACHOQUE DE VEICULO,99ZZ
600389365R,KIT AILE,99ZZ
638404240R,PROTETOR DA RODA DIANT DIR,99ZZ
727175250R,MOLDURA DE PLASTICO INFERIOR DE ACABAMEN,99ZZ
739101962R,REVESTIMENTO INTERNO DO ACABAMENTO DO TE,99ZZ
8660089749,LIQUIDO ARREFECIMENTO,99ZZ
769843931R,GRAMPO MANUTENCAO,99ZZ
248102057R,INDICADOR DE VELOCIDADE (VELOCIMETRO) E,99ZZ
756506082R,TRAVESSA PARA CARROCARIA DE VEICULO AUTO,99ZZ
922704517R,VALVULA DE EXPANSÃO,99ZZ
850453570R,SUPORTE PLASTICO DE CONEXAO DO PAINEL DA,99ZZ
620902821,ABSORVEDOR DE IMPACTO,99ZZ
849202323R,ACABAMENTO INTERNO DA TAMPA DO PORTAMAL,99ZZ
8201739984,TUBO DE FIXACAO DA ARRUELA DE FIXACAO DO,99ZZ
7702295499,PARACHOQUE TRASEIRO CLIO II (L65 E B65),99ZZ
122152196R,BRONZINA DO MANCAL COM RANHURAS,99ZZ
767485022R,PROTETOR CAIXA RODA PARA CARROCERIA,99ZZ
100019298R,MOTOR DE PISTAO ALTERNADO DE IGNICAO POR,99ZZ
121116086R,BRONZINA PARA USO EM MOTOR DE VEIC AUTO,99ZZ
265106061R,APARELHO ELETRICO DE ILUMINACAO,99ZZ
121107530R,BRONZINA SUPERIOR DA BIELA, TIPO MANCAL,99ZZ
265505583R,APARELHO DE ILUMINACAO VISUAL(CAIXA DE L,99ZZ
290K43769R,ENGRENAGEM DO DIFERENCIAL DE VEICULO,99ZZ
767498988R,CAIXA DE RODA PARA CARROCARIA DE VEICULO,99ZZ
791105409R,REVESTIMENTO DO PAINEL PARA CARROCERIA,99ZZ
799112271R,SUPORTE LATERAL DA TAMPA DO PORTAMALAS,99ZZ
807208309R,LEVANTA VIDRO ELETRICO PARA CARROCERIA,99ZZ
809544770R,TAMPA DO PUXADOR INT DA PORTA TRASEIRA E,99ZZ
668631554R,GRELHA E OBTURADOR LATERAL PARA A CAIXA,99ZZ
738550119R,ACABAMENTO DO TETO PARA CARROCERIA DE VE,99ZZ
821017119R,PORTA TRASEIRA ESQUERDA P VEICULO,99ZZ
822828462R,ENJOLIVEUR EXT MONTANT AV PORTE AR D,99ZZ
823009401R,VIDRO MOVEL DA PORTA DIR,99ZZ
403008854R,RODA DE ALUMINIO 16,99ZZ
638301557R,PROTETOR DA CAIXA DE RODAS PARA CARROCA,99ZZ
969241886R,KIT DE MANUAIS CAPTUR 2018-2019,99ZZ
769151408R,ELEMENTO DE FECHAMENTO DA COLUNA DA CARR,99ZZ
769166933R,ELEMENTO DE FECHAMENTO DA COLUNA DA CARR,99ZZ
7702271632,DISPOSITIVO DE FERRO PARA TRAVAMENTO DA,99ZZ
237140275R,SUPORTE COM FORMATO PROPRIO PARA FIXACAO,99ZZ
799127063R,SUPORTE LATERAL DA TAMPA DO PORTA MALAS,99ZZ
8200808763,POLIA DO EIXO DE COMANDO,99ZZ
873119664R,ESPUMA ASSENTO DO BANCO,99ZZ
888507823R,CINTO DE SEGURANCA DO PASSAGEIRO DE VEIC,99ZZ
546119629R,ABRACADEIRA DE ACO,99ZZ
823015571R,VIDRO MOVEL DA PORTA ESQ,99ZZ
261A29040R,ACABAMENTO DO FAROL DE NEBLINA DO PARAC,99ZZ
656200825R,CABO DE ABERTURA DO CAPO PARA CARROCARIA,99ZZ
769347186R,REFORCO DA JANELA PARA CARROCARIA DE VEI,99ZZ
656200028R,CABO COMANDO ABERTURA DE CAPO,99ZZ
803312442R,VEDACAO EM PLASTICO EM POLIPROPILENO DA,99ZZ
8201500494,DIFFERENTIEL 16X57 ASS EXPEDITION,99ZZ
265902759R,APARELHO ELETRICO (LUZ DE FREIO) DE SINA,99ZZ
7701716872,CAIXA DE MARCHAS MECANICA,99ZZ
7702233620,PARACHOQUE DIANTEIRO DE VEICULO AUTOMOVE,99ZZ
7702266267,PALHETA CLIO II D500/450(conjunto 2 pçs),99ZZ
7702266273,PALHETA DO LIMPADOR DE PÁRABRISA,99ZZ
7702266454,OLEO,99ZZ
7702266457,EVOL. 400 15W40,99ZZ
7702267136,PNEU175/70R13 82T,99ZZ
622540435R,GRADE DE ENTRADA DE AR DO PARACHOQUE DE,99ZZ
764417737R,ELEMENTO DE FECHAMENTO INFERIOR DO PAINE,99ZZ
766300342R,PAINEL LATERAL TRASEIRO DA CARROCARIA DE,99ZZ
767137167R,CAIXA DE RODA PARA CARROCERIA DE VEICULO,99ZZ
873200167R,COBERTURA DE REVESTIMENTO DO ASSENTO DIA,99ZZ
873204272R,ASSENTO DO BANCO PARA VEICULO AUTOMOVEL,99ZZ
873205898R,COBERTURA DE REVESTIMENTO DO ASSENTO DO,99ZZ
873206057R,COBERTURA REVESTIMENTO ASSENTO DO BANCO,99ZZ
769240022R,GUARNICAO DE BORRACHA VULCANIZADA NAO EN,99ZZ
769342401R,REVESTIMENTO PARA CARROCARIA DE VEICULO,99ZZ
883207109R,COBERTURA DE ACABAMENTO DO ASSENTO,99ZZ
883463223R,ALAVANCA DE PLASTICO PARA COMANDO DO REC,99ZZ
900990933R,REFORCO DA FIXACAO DA DOBRADICA DA TAMPA,99ZZ
901008141R,TAMPA DO PORTA MALAS PARA CARROCARIA,99ZZ
638459401R,PROTETOR DA CAIXA DE RODA PARA CARROCARI,99ZZ
8200477868,REFORCO PLASTICO DO BATENTE DE POLI,99ZZ
8200485128,SOMBREIRA PARA CARROCARIA DO VEICULO AUT,99ZZ
240118609R,FIACAO ELETRICA (CHICOTE ELETRICO) COM C,99ZZ
240145135R,FIACAO ELETRICA (CHICOTE ELETRICO) PARA,99ZZ
8200132524,SELO DE BORRACHA PARA TERMINAL/ GROMETE,99ZZ
8200498703,VOLANTE MOTOR     TW,99ZZ
8200500322,ANTENA PARA APARELHO DE RADIOTELECOMANDO,99ZZ
8200142681,APARELHO ELETRICO (CAIXA DE LUZES COMB,99ZZ
8200142683,APARELHO ELETRICO (CAIXAS DE LUZES COMBI,99ZZ
8200150623,APARELHO ELETRICO (CAIXAS DE LUZES COM,99ZZ
8200592052,ANEL NAO ROSCADO DE ACO,99ZZ
6001549716,ESPELHO RETROVISOR PARA VEICULO AUTOMOVE,99ZZ
6001550013,PARACHOQUE DIANTEIRO PARA VEICULO AUTOMO,99ZZ
6001550041,APARELHO ELETRICO (CAIXA DE LUZES COMBIN,99ZZ
7700753847,ESPACADOR NAO ROSCADO DE ACO LIGA, TEMPE,99ZZ
7703090361,ROLAMENTO DE ROLETE CONICO DE CARGA AXIA,99ZZ
7703101630,PARAFUSODEACOLIGAGALVANIZADO,99ZZ
7703102024,PARAFUSO FLANGEADO, EM ACO LIGA, TEMPERA,99ZZ
7702270985,PROTETOR FRONTAL DO PARACHOQUE DE VEICUL,99ZZ
7702271296,PELÍCULA PLÁSTICA AUTOADESIVA PLANA,99ZZ
7703602230,PARAFUSO NAO PERFURANTE ROSCADO DE ACO L,99ZZ
7707002002,PARAFUSO FLANGEADO EM ACO LIGA, TRATAMEN,99ZZ
7707008001,PARAFUSO NAO PERFURANTE ROSCADO DE ACO L,99ZZ
903008242R,VIDRO TRASEIRO CURVO COM DESEMBACADOR,99ZZ
903009282R,VIDRO TRAS SISTEMA ELETRICO AQUECIMENTO,99ZZ
904702142R,LIMITADOR DA PORTA PARA CARROCARIA,99ZZ
905026966R,FECHADURA ELETRICA DO PORTAMALAS DE VEI,99ZZ
905126251R,CABO PARA ABERTURA DO PORTAMALA PARA CA,99ZZ
905702697R,GANCHO DO FECHO DO PORTAMALAS DE VEICULO,99ZZ
546113913R,COMPONENTE AUTOMOTIVO PARA SISTEMA DINÂM,99ZZ
550362599R,SUPORTE EM PLASTICO DO SISTEMA,99ZZ
762905756R,COBERTURA PLASTICA FECHAMENTO PARALAMAS,99ZZ
764268247R,MOLDURA DE ACABAMENTO DA SOLEIRA PARA CA,99ZZ
284B67570R,CAIXA DE FUSIVEIS E RELES PARA CONEXAO E,99ZZ
286203634R,BOMBA CENTRIFUGA DO LIMPADOR DE PARABRI,99ZZ
768514565R,COBERTURA DE ACABAMENTO DA SOLEIRA PARA,99ZZ
768E00001R,FRISO DE PLASTICO PARA CARROCARIA DE VEI,99ZZ
873709114R,REVESTIMENTO DO ENCOSTO DO BANCO,99ZZ
876200922R,REVESTIMENTO DO ENCOSTO DO BANCO DIANTE,99ZZ
620223323R,PARACHOQUE (INCOMPLETO) DE VEICULO AUTO,99ZZ
8200948423,ASSOALHO PARA CARROCARIA DE VEICULO AUTO,99ZZ
8200973856,CARTER DE OLEO PARA MOTOR DE IGNICAO P,99ZZ
8200048239,REVESTIMENTO DA COLUNA,99ZZ
8200052311,ANEL DE BORRACHA VULCANIZADA NÃO ENDUREC,99ZZ
237148459R,SUP FIX DA INJECAO ELETRONICA,99ZZ
240114640R,JOGO DE FIOS ELETRICOS (CHICOTE ELETRICO,99ZZ
7711381769,CALAGEAACM9R,99ZZ
7711382169,FERRAMENTA MANUAL EM METAL COMUM PARA US,99ZZ
7711382173,FERRAMENTA MANUAL DE METAL COMUM PARA US,99ZZ
7711425849,ADESIVO PLASTICO AUTOCOLANTE,99ZZ
7711732132,LAVA AUTO A SECO SPRAY 500ML,99ZZ
7711732276,KIT FAROL DE NEBLINA,99ZZ
7711732654,KIT FAROL DE NEBLINA,99ZZ
7701716858,CAIXA DE MARCHAS DE VEICULO AUTOMOVEL,99ZZ
8660089518,Palheta MOTRIO,99ZZ
8200448518,FORRAÇÃO DE CARPETE DO ASSOALHO DE VEÍCU,99ZZ
8200459854,ELEMENTO FILTRANTE DO FILTRO DE ENTRADA,99ZZ
7703027513,PARAFUSO EM ACO LIGA TRATAMENTO TERMICO,99ZZ
7703034304,PORCA DE ACO LIGA M8X125,99ZZ
7703046151,PORCA EM ACO LIGA, TRATAMENTO TERMICO TE,99ZZ
7703072047,REBITE DE ALUMINIO,99ZZ
7703074577,TAMPÃO DE BORRACHA,99ZZ
7703075217,TAMPAO DE ACO PARA USO EM MOTOR DE VEICU,99ZZ
7703077424,PRESILHA PLASTICA DE FIXACAO,99ZZ
7703077441,GRAMPO PLASTICO PARA ACABAMENTO DA TAMPA,99ZZ
7703077458,PRESILHA PLASTICA MULTIFUNCIONAL DE USO,99ZZ
7703079870,CLIP PLASTICO MULTIFUNCIONAL,99ZZ
6001548770,TAMPA DE PLASTICO MULTIFUNCIONAL PARA US,99ZZ
6001548875,PROTEÇÃO TERMICA ESCAPAMENTO P/VEÍC,99ZZ
901016192R,PORTA PARA CARROCARIA DE VEICULO AUTOMOV,99ZZ
903000114R,VIDRO TRASEIRO COM SISTEMA ELETRICO DE A,99ZZ
620729508R,MOLDURA DO PARACHOQUE DIANTEIRO DE VEICU,99ZZ
620905715R,ABSORVEDOR DE IMPACTO DO PARACHOQUE DE V,99ZZ
781D01320R,PAINEL DE FIXACAO DA LANTERNA TRASEIRA N,99ZZ
8200243158,ELEMENTO DE FECHAMENTO DA CAIXA DE RODAS,99ZZ
8200750273,BANDEJA DA SUSPENSAO DE VEICULO AUTOMOVE,99ZZ
8200752748,GRADE DO RADIADOR PARA VEICULO AUTOMOVEL,99ZZ
161206182R,VALVULA TIPO BORBOLETA,99ZZ
164463946R,TUBO PLASTICO ABSORVEDOR DE VAPOR DE COM,99ZZ
8200251904,BOMBA DE OLEO LUBRIFICANTE PARA MOTOR,99ZZ
8200699517,POLIA AMORTECEDORA DE VIBRAÇÃO DO V,99ZZ
8200699760,ACABAMENTO PLASTICO DA COLUNA DA PORTA P,99ZZ
8200699911,SUPORTE PLASTICO DO PARACHOQUE DE VEICUL,99ZZ
8660089539,DISCO DE FREIO DE VEICULO AUTOMOVEL,99ZZ
8660089575,DISCO DE FREIO DE VEICULO AUTOMOVEL,99ZZ
253C79401R,SUPORTE DO SENSOR DE ESTACIONAMENTO,99ZZ
8200805560,CHAVE DE RODAS PARA VEICULOS AUTOMOVEIS,99ZZ
8200807882,CUBO DA RODA DE VEICULO AUTOMOVEL,99ZZ
8200808378,SOLEIRA,99ZZ
8200126408,AMORTIGUADOR DEL X65X35 VASTAGO CORTO,99ZZ
8200569081,ROLAMENTO DE ESFERAS DE CARGA RADIAL, DE,99ZZ
8200581340,PARAFUSO NAO PERFURANTE ROSCADO DE ACO L,99ZZ
210103314R,BOMBA DE LIQUIDO DE ARREFECIMENTO DE VEI,99ZZ
7703081155,PRESILHAPLÁSTICA,99ZZ
7703085038,BRACADEIRA DE PLASTICO PARA USO EM VEICU,99ZZ
684920647R,MÓDULO COMPOSTO DE COMBINAÇÃO, EM INVÓLU,99ZZ
200109146R,DEPURADOR DE GASES DE ESCAPE,99ZZ
8200917487,APARELHO ELETRICO (CAIXAS DE LUZES COM,99ZZ
8200934786,CINTO DE SEGURANÃ#A MOTORISTA,99ZZ
8200183557,TUBULAÇÃO COM FORMATO PRÓPRIO DO SI,99ZZ
8200028488,RODA P/ VEICULO AUTOMOVEL,99ZZ
8200445993,DEFLETOR DE AR DO RADIADOR PARA CARROCAR,99ZZ
8200446719,INTERRUPTOR ELETRICO PARA TENSAO INFERIO,99ZZ
8200448258,PAINEL DA PORTA PARA CARROCARIA DE VEICU,99ZZ
7700849461,COXIM DE BORRACHA VULCANIZADA NAO ENDURE,99ZZ
7700866465,JUNTA DE BORRACHA VULCANIZADA NAO ENDURE,99ZZ
7701044520,APARELHO ELETRICO (FAROL) DE ILUMINACAO,99ZZ
7701045718,APARELHO ELETRICO (FAROL DE NEBLINA) DE,99ZZ
7702271538,Calha de Chuva Sandero,99ZZ
7702307692,SUPORTE FABRICADO EM ACO GALVANIZADO, PA,99ZZ
7703002921,PARAFUSOSDEACO,99ZZ
7703002934,PARAFUSO NAO PERFURANTE ROSCADO DE ACO L,99ZZ
7700426530,MOLDURA DE ACABAMENTO DO PARACHOQUES DE,99ZZ
7700435038,PAINEL DE REVESTIMENTO INTERNO DO PORTAM,99ZZ
7700435319,CABO COMANDO ACELERA,99ZZ
7700436496,REVEST INT  PORTAMALASP/VEIC,99ZZ
1612116900,JUNTA DE ACO ESTAMPADA DO COLETOR DE ADM,99ZZ
6001546709,MOLDURA DE REFORCO DO PAINEL DA PORTA DA,99ZZ
6001547000,MOLDURA DE BORRACHA VULCANIZADA NAO ENDU,99ZZ
6001547049,TUBO DE BORRACHA NAO REFORCADO E SEM ACE,99ZZ
6001548020,FRICÇÃODEEMBREAGEM,99ZZ
383002A01A,MONTAGEM FINAL DO EIXO DE TRANSMISSAO DE,99ZZ
391004165R,EIXO DE TRANSMISSAO DIANTEIRO,99ZZ
391005347R,SEMI EIXO SEM DIFERENCIAL PARA VEICULO A,99ZZ
391016391R,SEMI EIXO DE TRANSMISSAO PARA VEICULO AU,99ZZ
990996755R,FILME PLASTICO AUTOADESIVO DE USO EM VE,99ZZ
995140574R,PARAFUSO FLANGEADO EM ACO LIGA, TRATAMEN,99ZZ
261524214R,MOLDURA DO FAROL DE NEBLINA PARA PARACHO,99ZZ
253C63922R,SUPORTE DO SENSOR DE ESTACIONAMENTO PARA,99ZZ
7700113066,CONECTOR CONFECCIONADO EM MATERIAL PLAST,99ZZ
774A97143R,PAINEL DE REFORCO PARA CARROCARIA,99ZZ
774B54436R,SUPORTE DA TRAVESSA DA CARROCERIA DE VEI,99ZZ
774B99410R,SUPORTE DA TRAVESSA DA CARROCERIA DE VEI,99ZZ
774D75147R,REFORÇO DA TRAVESSA LATERAL DA CARROCERI,99ZZ
254210736R,INTERRUPTOR ELETRICO DE TENSAO NAO SUPER,99ZZ
254217475R,INTERRUPTOR ELETRICO PARA TENSAO DE 12V,99ZZ
497179287R,TUBO  DE BORRACHA VULCANIZADA NAO ENDURE,99ZZ
497213913R,TUBO REFRIADOR,99ZZ
497509934R,JUNTA DE BORRACHA VULCANIZADA NAO ENDURE,99ZZ
511806024R,TAMPA DO ANEL DE REBOQUE DO PARACHOQUE,99ZZ
511807287R,TAMPA DO ANEL DE REBOQUE DO PARACHOQUE,99ZZ
805030008R,FECHADURA DE METAL COMUM DA PORTA DE VEI,99ZZ
432005347R,JOGO DE DISCOS DE FREIO,99ZZ
751103301R,LONGARINA PARA CARROCARIA DE VEICULO AUT,99ZZ
751321765R,ELEMENTO DE FECHAMENTO DA CARROCERIA DE,99ZZ
8200386453,POLIA DE VEICULO AUTOMOVEL,99ZZ
8200740839,AEROFOLIO PARA CARROCARIA DE VEICULO AUT,99ZZ
7702295498,ACABAMENTO DO FAROL DE NEBLINA DO PARAC,99ZZ
7702295501,PARACHOQUE DE VEICULO AUTOMOVEL,99ZZ
7751468946,CAPÔ DA CARROCERIA DE VEÍCULO AUTOM,99ZZ
7702295575,REVESTIMENTO DO ACENTO BANCO ESQUERDO,99ZZ
7701477011,PARACHOQUE DIANTEIRO DE USO EM VEICULO,99ZZ
7700832264,COXIM DE BORRACHA VULCANIZADA NÃO ENDURE,99ZZ
7700844706,APARELHO ELETRICO (LUZES FIXAS) DE SINAL,99ZZ
7700351294,MECANISMO EM METAL COMUM MANUAL DE LEVAN,99ZZ
7700352123,REFORÇO LATERAL DO PARA CHOQUE DE VEICUL,99ZZ
7700352729,FECHADURA INFERIOR DO CAPO, EM ACO, GALV,99ZZ
7700353184,REFLETOR (CATADIOPTRICO) DO PARACHOQUE,99ZZ
7700410609,GRADE DO CAPO, CONFECCIONADA EM MATERIAL,99ZZ
7700413941,TUBO DE BORRACHA VULCANIZADA NAO ENDUREC,99ZZ
7700425325,SUPORTE DO PARACHOQUE DE VEICULO AUTOMOV,99ZZ
752106498R,TRAVESSA PARA CARROCARIA DE VEICULO AUTO,99ZZ
806062020R,MACANETA DE PLASTICO,99ZZ
7701049981,CALIPER DO FREIO DE VEICULO AUTOMOVEL,99ZZ
7703034257,ECROU DRH EMBASE M6X100 8 SA1GS,99ZZ
7751472474,PORTA PARA CARROCARIA DE VEICULO AUTOMOV,99ZZ
7701468710,SORTIDO DE JUNTAS DE COMPOSICAO DIFERENT,99ZZ
260609474R,APARELHO ELETRICO (CAIXAS DE LUZES COMBI,99ZZ
7700413940,TUBO  DE BORRACHA VULCANIZADA NAO ENDURE,99ZZ
769377339R,ACABAMENTO DA COLUNA PARA CARROCARIA DE,99ZZ
240187300S,FIACAO ELETRICA (CHICOTE ELETRICO) PARA,99ZZ
7701044518,APARELHO ELETRICO (FAROL) DE ILUMINACAO,99ZZ
491103569R,BOMBA ROTATIVA DE PALHETAS. COM VAZAO MA,99ZZ
328657887R,MANOPLA DA ALAVANCA DA CAIXA DE MARCHAS,99ZZ
344453493R,CABO DE ACIONAMENTO DA ALAVANCA DA CAIXA,99ZZ
349303162R,BIELETA DO TRAMBULADOR DA CAIXA DE MARCH,99ZZ
349307214R,HASTE DE COMANDO DO MECANISMO DE MUDANCA,99ZZ
985155300R,BOLSA INFLAVEL DE SEGURANCA(AIR BAG),99ZZ
990445723R,ADESIVO PLASTICO AUTOCOLANTE, DECORATIVO,99ZZ
491108300R,BOMBA ROTATIVA DE ENGRENAGEM,99ZZ
8200209126,EMBLEMA DE PLASTICO,99ZZ
266005976R,APARELHO ELETRICO (LUZES FIXAS) DE SINAL,99ZZ
266057986R,APARELHO ELETRICO (LUZES FIXAS) DE SINAL,99ZZ
271153578R,TROCADOR DE CALOR TUBULAR, METALICO, PAR,99ZZ
8200236510,FECHO DE METAL DO CAPO DE VEICULO AUTO,99ZZ
8200686474,PARAFUSO NAO PERFURANTE ROSCADO DE ACO L,99ZZ
8200692201,VALVULA DE PROPORCAO DO COMPENSADOR DO,99ZZ
8200352230,PROTETOR DO MOTOR PARA CARROCARIA DE VEI,99ZZ
7701473353,CABEÇOTE PARA MOTOR DE IGNIÇÃO POR,99ZZ
7701474448,SEGMENTO DA BARRA LONGITUDINAL DE DIRE,99ZZ
7701474478,GRADE DO PARACHOQUE DIANTEIRO,99ZZ
7701474482,MOLDURA DE ACABAMENTO DO PARACHOQUE DE,99ZZ
7701474701,CABO DE ACIONAMENTO DA ALAVANCA DE MUDAN,99ZZ
7701475248,FRISO PLASTICO DA PORTA PARA CARROCERIA,99ZZ
7701476327,KIT EMBREAGEM PARA VEICULO AUTOMOVEL,99ZZ
7701476895,JOGO ANEIS DE SEGMENTO MOTOR DE IGNICA,99ZZ
7702295482,ABSORVEDOR DE IMPACTO DO PARACHOQUE DE V,99ZZ
7701044790,TROCADOR DE CALOR, TUBULAR METALICO, DO,99ZZ
7700410544,FUSÍVEL80APARATENSÃOINFERIORA1000V,99ZZ
7700410572,FUSIVEL PARA TENSAO IGUAL A 12V DE USO E,99ZZ
7700410897,MOLDURA PARA CARROCARIA DE VEICULO AUTOM,99ZZ
7700111502,PRESILHAPLÁSTICA,99ZZ
252108592R,INTERRUPTOR ELETRICO PARA TENSAO DE 12V,99ZZ
767126036R,CAIXA DE RODA PARA CARROCARIA DE VEICULO,99ZZ
767128245R,CAIXA DA RODA PARA CARROCERIA DE VEICULO,99ZZ
261A23389R,ENJOLIVEUR SUP PROJECTEUR BROUILLARD D,99ZZ
265506738R,PARELHO ELETRICO (CAIXA DE LUZES COMBIN,99ZZ
7700437806,COBERTURA EM PLASTICO DE FECHAMENTO DA A,99ZZ
767496147R,PROTETOR DA CAIXA DE RODAS DE VEICULO AU,99ZZ
240189527S,FIACAO ELETRICA (CHICOTE ELETRICO) PARA,99ZZ
7700100194,PISTAO ACUMULADOR DA CAIXA DE MARCHAS DE,99ZZ
281158115R,APARELHO RECEPTOR DE RADIODIFUSAO, COM A,99ZZ
7700352201,COBERTURAPLÁSTICADEACABAMEN,99ZZ
253C60582R,SUPORTE PLASTICO DO SENSOR DE ESTACIONAM,99ZZ
117206887R,SORTIDO COMPOSTO POR POLIA DE ROLAMENTO,99ZZ
7700873101,GARFO DA EMBREAGEM DE VEICULO AUTOMOVEL,99ZZ
7701047304,ESPUMA DO ENCOSTO DO ASSENTO DE VEICULO,99ZZ
7701056970,ROTULA DA SUSPENSAO DE VEICULO AUTOMOVEL,99ZZ
7700849783,INTERRUPTOR ELETRICO PARA TENSAO DE 12V,99ZZ
7703602180,PARAFUSONAOPERFURANTEROSCADODEACO,99ZZ
7703602203,PARAFUSO NAO PERFURANTE ROSCADO DE ACO L,99ZZ
7701066729,ABRACADEIRA DE ACO DE USO MULTIFUNCIONAL,99ZZ
7700875597,ANEL EM PLASTICO PARA VEDACAO DE USO MUL,99ZZ
7700875598,ANEL EM PLASTICO PARA VEDACAO CAIXA DE C,99ZZ
7700842245,MECANISMO EM METAL COMUM PARA ELEVACAO E,99ZZ
7701057712,RADIADOR DE VEICULO AUTOMOVEL,99ZZ
776308966R,COLUNA PARA CARROCARIA DE VEICULO AUTOMO,99ZZ
777884043R,ACABAMENTO DO TRILHO DA PORTA CORREDICA,99ZZ
7701062213,JUNTA DE BORRACHA VULCANIZADA NAO ENDURE,99ZZ
7752295056,REFORCO DO ELEMENTO DE FECHAMENTO DA CAR,99ZZ
7702295390,SUPORTE EM METAL COMUM DE FIXACAO, DE US,99ZZ
7711419086,ACUMULADOR ELETRICO  BATERIA, COM TENSA,99ZZ
671189394R,TRAVESSA  DE USO MULTIFUNCIONAL DA CARRO,99ZZ
822304066R,GUIA DO VIDRO DA PORTA,99ZZ
849205096R,REVESTIMENTO DO COMPARTIMENTO TRASEIRO P,99ZZ
849800001R,PARAFUSO,99ZZ
320108795R,CAIXA DE MARCHAS  DE VEICULO AUTOMOVEL,99ZZ
823002810R,VITRE PORTE AR D TEINTEE,99ZZ
260105344R,LAMPADA PARA VEICULO AUTOMOVEL,99ZZ
260108053R,PROJECTEUR HALOGENE D,99ZZ
260290441R,TAMPA DE PLASTICO DO FAROL DE VEICULO AU,99ZZ
8200739544,PORCA ROSCADA HEXAGONAL, DE PLASTICO BAI,99ZZ
7701207717,RESISTENCIA DE AQUECIMENTO PARA SISTEMA,99ZZ
7701208176,CILINDRO MESTRE DO FREIO DE VEICULO AUTO,99ZZ
7701209570,COIFA DE BORRACHA VULCANIZADA NAO ENDURE,99ZZ
7701209830,SORTIDO COMPOSTO POR COIFA DE PLASTICO A,99ZZ
7701470093,CONJUNTO COM DOIS BATENTES DE BORR,99ZZ
7701470903,CABO PARA FECHADURA DA PORTA PARA CARROC,99ZZ
7701470910,COIFA DE BORRACHA VULCANIZADA NAO ENDURE,99ZZ
7701471032,JOGO DE BRONZINAS DE BIELA COM DIAMETRO,99ZZ
7701472086,PARACHOQUE TRASEIRO PARA VEICULO AUTOMO,99ZZ
7701472294,PARALAMAS PARA CARROCERIA DE VEICULO AU,99ZZ
7701472512,PARACHOQUE DIANTEIRO PARA VEICULO AUTOMO,99ZZ
7751477914,PAINEL DA PORTA PARA CARROCERIA DE VEICU,99ZZ
7701048886,TAMPA DE PLASTICO DO FILTRO DE OLEO DE V,99ZZ
7701049497,ANEL DE VEDACAO DE BORRACHA VULCANIZADA,99ZZ
7711381716,FERRAMENTA MANUAL PARA REMOCAO DE TAMPAS,99ZZ
7751690121,TRAVESSA FRONTAL,99ZZ
7751475034,PORTA PARA CARROCARIA DE VEICULO AUTOMOV,99ZZ
8200612909,DEFLETOR RADIADOR LOGAN 2014/2015,99ZZ
215015172R,TUBO DE BORRACHA VULCANIZADA,99ZZ
215016471R,TUBO DE BORRACHA VULCANIZADA,99ZZ
215039185R,TUBO DE BORRACHA VULCANIZADA NAO ENDUREC,99ZZ
8200085079,CALOTA EM PLASTICO DA RODA PARA VEICULO,99ZZ
8200089697,COXIM DE BORRACHA E ELEMENTOS METAL,99ZZ
8200095967,PUXADOR DA PORTA DE VEICULO AUTOMOVEL,99ZZ
403003659R,RODA EM LIGA DE ALUMINIO COM 15 POLEGADA,99ZZ
749281200R,ECRAN THERMIQUE RESERVOIR CARBURANT,99ZZ
231002179R,ALTERNADOR PARA VEICULO AUTOMOVEL,99ZZ
550209832R,MOLA DE ACO HELICOIDAL CILINDRICA DA SUS,99ZZ
550822718R,PARAFUSO ROSCADO DE ACO LIGA COM PROCESS,99ZZ
749483477R,ISOLADOR ANTI RUIDO DA CAIXA DE RODAS PA,99ZZ
440A00842R,JOGO DE PASTILHAS DO FREIO,99ZZ
440A06408R,CALIPER DO FREIO DE VEICULO AUTOMOVEL,99ZZ
668309754R,JUNTA DE BORRACHA VULCANIZADA NAO ENDURE,99ZZ
441004731R,CILINDRO HIDRÁULICO P/ FREIO AUTO,99ZZ
13025CK81A,POLIA DE CONTROLE DA VALVULA DO MOTOR DE,99ZZ
745121978R,MOLDURA DO ASSOALHO DA CARROCARIA DE VEI,99ZZ
745149515R,ASSOALHO PARA CARROCARIA DE VEICULO AUTO,99ZZ
6001547137,BARRA ESTABILIZADORA DA SUSPENSAO DE VEI,99ZZ
658400016R,ESTRUTURA DE REFORCO DO CAPO DO MOTOR DA,99ZZ
749028749R,CARPETE DO ASSOALHO DA CARROCARIA DE VEI,99ZZ
804305700R,LIMITADOR EM METAL COMUM DA PORTA PARA C,99ZZ
924805498R,TUBO DE ALUMINIO DE SAIDA DA VALVULA DO,99ZZ
924806489R,TUBULACAO DO SISTEMA DE AR CONDICIONADO,99ZZ
7701052481,JUNTA DE BORRACHA DA TAMPA DO CABECOTE D,99ZZ
7701478826,BIELA PARA MOTOR IGNICAO COMPRESSAO,99ZZ
7701479334,JUNTAS DE VEDACAO PARA MOTOR DE VEICULO,99ZZ
7701067033,RESISTENCIA DE AQUECIMENTO DO RADIADOR D,99ZZ
7701071368,APARELHO ELETRICO (FAROL) DE ILUMINACAO,99ZZ
7701205665,APARELHO ELETRICO (LUZ DO TETO) DE ILUMI,99ZZ
7701205740,CILINDRO MESTRE DO SISTEMA DE FREIO DE V,99ZZ
7701205779,ROLAMENTO ROLETE CILÍNDRICO,99ZZ
7701207083,ABSORVEDOR DE IMPACTO DO PARACHOQUE DE,99ZZ
7701207259,EIXO  DE TRANSMISSAO DA COIFA DE USO EM,99ZZ
7701207339,JOGO DE PASTILHAS DO FREIO DE VEICULO AU,99ZZ
7701207465,JOGOS DE ANEIS DE VEDAÇÃO EM BORRACHA VU,99ZZ
117206842R,POLIADOCOMANDODEDISTRUICAO,99ZZ
8200731105,CONECTOR EM  BORRACHA VULCANIZADA NÃO EN,99ZZ
8200734096,PROTETOR TÉRMICO DO ESCAPAMENTO DA CARRO,99ZZ
8200735137,FRISO PLASTICO DA PORTA DA CARROCARIA DE,99ZZ
240702764R,FIACAO ELETRICA  DO TIPO CHICOTE ELETRIC,99ZZ
240706845R,CHICOTE ELETRICO MUNIDO DE PECAS DE CONE,99ZZ
8200513668,SENSOR DE PONTO MORTO DO MOTOR DE VEIC,99ZZ
241248952R,FIACAO ELETRICA  DO TIPO CHICOTE ELETRIC,99ZZ
8200151049,BATENTE PLASTICO DA PORTA TRASEIRA, COM,99ZZ
8200151777,TUBULACAO DO SISTEMA DE EMBREAGEM HIDRAU,99ZZ
8200849879,DEFLETOR DE AR DO PARACHOQUE DE VEICULO,99ZZ
8200851060,CALOTA PLASTICA DA RODA DE VEICULO AUTOM,99ZZ
8200865022,PROTETOR DA CAIXA DE RODAS PARA CARROCAR,99ZZ
8200867250,PORCA ROSCADA DE ACO LIGA. COM PROCESSO,99ZZ
8200162826,MANIVELA PLÁSTICA DO MECANISMO DE LEVANT,99ZZ
8200163449,PARAFUSO DE AÇO,99ZZ
546127404R,BARRA EM PLASTICO DA CARROCARIA DE VEICU,99ZZ
762470314R,REFORCO DA COLUNA DA CARROCARIA DE VEICU,99ZZ
440013425R,PINÇA DO FREIO DE VEICULO AUTOMOVEL,99ZZ
663602324R,REFORCO DO PAINEL PARA CARROCARIA DE VEI,99ZZ
440661332R,PASTILHA DE FREIO DE VEICULO AUTOMOVEL,99ZZ
6001546799,BUZINA,99ZZ
6001546886,DOBRADICA EM METAL COMUM DAS PORTAS DA C,99ZZ
6001547021,JUNTA EM BORRACHA VULCANIZADA NÃO ENDURE,99ZZ
175207356R,RAMPA DE INJECAO DE COMBUSTIVEL PARA MOT,99ZZ
123108293R,VOLANTE DO MOTOR DE VEICULO AUTOMOVEL,99ZZ
130217380R,ENGRENAGEM DENTADA PARA MONTAGEM NO VIRA,99ZZ
969248343RR,MANUAL KIT LOGAN PTB L52,99ZZ
403000414R,RODA DE ACO PARA VEICULOS AUTOMOVEIS,99ZZ
403004354R,RODA DE LIGA DE ALUMINIO ARO 16' PARA VE,99ZZ
739100378R,REVESTIMENTO INTERNO DE ACABAMENTO DO TE,99ZZ
739107083R,REVESTIMENTO INTERNO DE ACABAMENTO DO TE,99ZZ
739107221R,ACABAMENTO DO TETO,99ZZ
739109270R,ACABAMENTO DO TETO DA CARROCARIA DE VEIC,99ZZ
743150006R,ASSOALHO DA CARROCARIA DE VEICULO AUTOMO,99ZZ
631004482R,PARALAMA PARA CARROCARIA DE VEICULO AUTO,99ZZ
802842813R,ACABAMENTO PLASTICO AUTOADESIVO DA COLU,99ZZ
802843779R,ADESIVO PLASTICO PLANO PARA ACABAMENTO D,99ZZ
8200163516,APARELHO ELETRICO (FAROL) DE ILUMINACA,99ZZ
8200163752,ESPELHO RETROVISOR PARA VEICULO AUTOMOVE,99ZZ
8200163914,APARELHO ELETRICO (LUZ INDICADORA DE M,99ZZ
8200869036,TRAMBULADOR,99ZZ
8200874785,TUBO DE BORRACHA VULCANIZADA NAO ENDUREC,99ZZ
8200879171,PLACA PARA TRAVAMENTO DO COXIM DO SUPORT,99ZZ
625149696R,REFORCO DA TRAVESSA DIANTEIRA DA CARROCA,99ZZ
6001551460,TRAVESSA PARA CARROCERIA DE VEICULO,99ZZ
6001551489,KIT DE FECHAMENTO DO EIXO DE TRANSMISSAO,99ZZ
6001551520,VALVULA HIDRAULICA ACIONADA ELETRICAMENT,99ZZ
6001551812,ESTRUTURA EM METAL DA CARROCARIA DE VEIC,99ZZ
248104060R,QUADRO DE INSTRUMENTOS ACOMPANHADO DE VE,99ZZ
6001548630,RESERVATORIO DO FLUIDO DO FREIO DE VEICU,99ZZ
328656509R,MANOPLA DA ALAVANCA DE MUDANCAS DE MARCH,99ZZ
6001550849,REFORCO EM METAL DE FECHAMENTO DA CARROC,99ZZ
764606531R,TRAVESSA DE REFORCO PARA CARROCARIA DE V,99ZZ
120A15715R,DESCRIÇÃO NÃO CADASTRADA,99ZZ
240114427R,JOGO DE FIOS ELETRICOS (CHICOTE ELETRICO,99ZZ
681044856R,MOLDURA DE ACABAMENTO DO PAINEL DE INSTR,99ZZ
140039528R,COLETOR DE ADMISSAO PARA MOTOR DE IGNICA,99ZZ
749024673R,CARPETE DO ASSOALHO PARA CARROCARIA,99ZZ
6001551027,AMPLIFICADOR DO FREIO DE VEICULO AUTOMOV,99ZZ
6001551030,CILINDRO MESTRE DO FREIO DE VEICULO AUTO,99ZZ
6001551102,CHAVE DE IGNICAO COM CHICOTE ELETRICO AC,99ZZ
6001551123,MOLDURA MOVEL DA PORTA DIANT ESQ,99ZZ
411200852R,SUPORTE DO FREIO DE VEICULO AUTOMOVEL,99ZZ
430184438R,ARTICULACAO DA SUSPENSAO DE VEICULO AUTO,99ZZ
6001551357,CONTROLADOR PROGRAMAVEL COM TENSAO DE 12,99ZZ
101010994R,JOGO DE JUNTAS DE COMPOSICAO DIFERENTES,99ZZ
122074077R,BRONZINA DE MANCAL,99ZZ
122076714R,BRONZE PARA VEICULO AUTOMOVEL,99ZZ
122150714R,BRONZINA DO MANCAL COM RANHURAS,99ZZ
122232350R,BRONZE DO VIRABREQUIM DO MOTOR COM DIAME,99ZZ
641204721R,TORRE DO AMORTECEDOR DA CARROCERIA DE VE,99ZZ
641212355R,BATENTE DO AMORTECEDOR DA CARROCARIA DE,99ZZ
240113448R,JOGO DE FIOS ELETRICOS (CHICOTE ELETRICO,99ZZ
200102933R,SILENCIOSO DO ESCAPAMENTO,99ZZ
310E98507R,TAMPA CAIXA PROGRAMACAO CONTROLE TRANSMI,99ZZ
317281XF02,PESCADOR DE OLEO DA CAIXA DE MARCHAS AUT,99ZZ
963739423R,COBERT DE PLASTICO DO ESPELHO RETROVISOR,99ZZ
963743294R,COBERTURA PLASTICA DO ESPELHO RETROVISOR,99ZZ
ACR13,FILTRO AR-UP 1.0 12V TSI,99ZZ
ACR15,FILTRO BLINDADO COMBUSTIVEL,99ZZ
ACR16,FILTRO AR GM ONIX PLUS 1.0 TURBO,99ZZ
ACR20,PASTILHA DE FREIO DIANT.GOLF 1.6,99ZZ
479457095R,SENSOR DE ANGULO DA DIREÇÃO DO TIPO MAGN,99ZZ
8671019568,BOMBA DAGUA MOTRIO,99ZZ
8200315013,INTERRUPTOR ELETRICO TENSAO INF A 1000V,99ZZ
8200315040,INTERRUPTOR ELETRICO PARA TENSAO INFERIO,99ZZ
8200335771,FIACAO ELETRICA (CHICOTE ELETRICO),99ZZ
110440245R,PROTETOR DE CABEÇOTE,99ZZ
110441836R,JUNTA METALOPLASTICA DO CABECOTE PARA US,99ZZ
259906502R,UNIDADE DE CONTROLE ELETRONICO PROGRAMAV,99ZZ
474010048R,TUBULACAO COM FORMATO PROPRIO PARA,99ZZ
6001547907,MOLA DE ACO HELICOIDAL CILINDRICA DE USO,99ZZ
6001548025,COLETOR DE ESCAPE PARA MOTOR DE IGNICAO,99ZZ
491917172R,SUPORTE DE METAL COMUM DO RESERVATORIO D,99ZZ
497170763R,TUBO DE BAIXA PRESSÃ#Â#Ã#Â#O ALIMENTAÃ#Â,99ZZ
6001550686,TUBO RETORNO RESERVAT DIRECAO HIDR,99ZZ
732104325R,TRAVESSA  DE USO MULTIFUNCIONAL DA CARRO,99ZZ
764128889R,TRAVESSA PARA CARROCARIA DE VEICULO AUTO,99ZZ
497179632R,TUBO EM BORRACHA VULCANIZADA NÃO ENDUREC,99ZZ
237311VA0A,SENSOR DE POSICAO DO VIRABREQUIM DO MOTO,99ZZ
23731ED02D,SENSOR PARA DETECTAR A POSICAO ANGULAR D,99ZZ
172401911R,EMBOUT REMPLISSAGE,99ZZ
240146988R,JOGO DE FIOS ELETRICOS (CHICOTE ELETRICO,99ZZ
130286355R,CORREIA DE TRANSMISSAO, SEM FIM, SINCRON,99ZZ
745752430R,REFORCO DO ASSOALHO PARA CARROCARIA DE V,99ZZ
410011040R,CALIPER DO FREIO DE VEICULO AUTOMOVEL,99ZZ
689200036R,ISOLADOR ANTIRUIDO DO PAINEL DE INSTRUM,99ZZ
410111997R,ESTRIBO DO FREIO DE VEICULO AUTOMOVEL,99ZZ
410601237R,PASTILHA DE FREIO DE VEICULO AUTOMOVEL,99ZZ
555115891R,EIXO TRASEIRO NAO MOTOR PARA VEICULO AUT,99ZZ
755111929R,ELEMENTO LATERAL DA ESTRUTURA TRASEIRA,99ZZ
756102146R,TRAVESSA DE FECHAMENTO DA CARROCARIA DE,99ZZ
572115184R,SUPORTE DO ESTEPE PARA CARROCARIA DE VEI,99ZZ
681041671R,ACABAMENTO DO CONSOLE  DA CARROCARIA DE,99ZZ
681043228R,ACABAMENTO DO PAINEL DE INSTRUMENTOS DA,99ZZ
120104424R,KIT DE PISTÃO COM ANEL E PINO,99ZZ
120A13823R,JOGO DE PISTOES E ANEIS PARA MOTOR,99ZZ
794201913R,TAMPAO DO PORTAMALAS PARA CARROCERIA DE,99ZZ
924401216R,TUBULACAO COM FORMATO PROPRIO PARA SISTE,99ZZ
924540022R,TUBULACAO EM ALUMINIO DO SISTEMA DE AR C,99ZZ
809000903R,ACABAMENTO DO PAINEL INTERNO DA PORTA,99ZZ
809007561R,CONJUNTO DE ACABAMENTO DO PAINEL INTERNO,99ZZ
809016179R,ACABAMENTO DO PAINEL DA PORTA DA CARROCA,99ZZ
809016280R,REVESTIMENTO INTERNO DE ACABAMENTO DA PO,99ZZ
833077317R,VIDRO DE SEGURANCA TEMPERADO,99ZZ
ACR10,OLEO MOTOR 5W30 ACDELCO,99ZZ
ACR12,OLEO MOTOR 10W30 LUBRAX TECNO,99ZZ
130200555R,ARVORE DE CAMES PARA COMANDO DE VALVULAS,99ZZ
8200202431,FRISO DE PLASTICO DA CARROCARIA DE VEICU,99ZZ
8200207163,ACABAMENTO LATERAL DA GRADE FRONTAL DE V,99ZZ
8200666724,PRESILHA EM PLASTICO PARA FIXACAO  DE US,99ZZ
265505530R,FARO TRASERO DER X65 NC BASE NEGRA,99ZZ
265505730R,APARELHO ELETRICO (CAIXAS DE LUZES COMBI,99ZZ
265554824R,APARELHO ELETRICO DE SINALIZACAO VISUAL,99ZZ
265554947R,CAIXA DE LUZES COMBINADAS  LANTERNA TRA,99ZZ
8200667607,ALTERNADOR DE VEICULO AUTOMOVEL,99ZZ
8200671271,MEDIDOR DE PRESSÃO DO OLEO PARA VEICULO,99ZZ
8200673202,JOGOS DE FIOS (CHICOTE ELETRICOS) PARA U,99ZZ
623124473R,TAMPA DA GRADE DE ENTRADA DE AR DO PARA,99ZZ
164469137R,TUBO PLASTICO EM POLIMERO DE CLORETO DE,99ZZ
165463884R,FILTRO DE ENTRADA DE AR PARA MOTOR DE VE,99ZZ
200109186R,TUBO DE ESCAPAMENTO,99ZZ
200109356R,SILENCIOSO DO ESCAPAMENTO DE VEICULO AUT,99ZZ
170128451R,SUPPORT POMPE AMORCAGE CARBURANT,99ZZ
172011384R,TANQUE DE COMBUSTIVEL DE VEICULO,99ZZ
172025316R,BOMBA DE COMBUSTIVEL PARA MOTOR DE IGNIC,99ZZ
172025464R,BOMBA DE COMBUSTIVEL,99ZZ
237101800R,HABILITAÇÃO DO PROGRAMA ELCQ DE CONTROLE,99ZZ
237102299R,MODULO DE CONTROLE ELETRONICO DO SISTEMA,99ZZ
237107313R,MODULO DE CONTROLE ELETRONICO AUTOMATICO,99ZZ
8660089576R,OLEO 5W30 SEMISSINTETICO MOTRIO,99ZZ
391016521R,SEMI EIXO DE TRANSMISSAO PARA VEICULO AU,99ZZ
400154978R,MANGA DE EIXO DO SISTEMA DE SUSPENSAO,99ZZ
401604793R,ROTULA DE ACO REVESTIDA COM COIFA DE BOR,99ZZ
799220025R,TAMPAO INT DO TIPO CORTINA PORTA MALAS,99ZZ
799273882R,ANTIRUIDO DO COMPARTIMENTO TRASEIRO PAR,99ZZ
799650422R,TIRA PLASTICA PARA USO EM VEICULO AUTOMO,99ZZ
801003488R,PORTA DIANTEIRA PARA VEICULO AUTOMOVEL,99ZZ
801004653R,PORTA,99ZZ
801014729R,PORTA PARA CARROCARIA DE VEICULO AUTOMOV,99ZZ
801018655R,PORTA PARA CARROCARIA,99ZZ
122795605R,ANELVEDCAOBORRACHAVULCANIZNAOENDUR,99ZZ
7752234291,PUERTA TRASERA DER X65 C2,99ZZ
7752295090,PAINEL LATERAL DA TAMPA DO PORTA MALAS P,99ZZ
255670035R,MÓDULO CENTRAL DE COMUTAÇÃO PRODUZIDO DE,99ZZ
255670040R,INTERRUPTOR ELETRICO PARA TENSAO DE 12V,99ZZ
8200187234,PAINEL PARA CARROCARIA DE VEICULO AUTO,99ZZ
743213998R,ASSOALHO DA CARROCARIA DE VEICULO AUTOMO,99ZZ
540101718R,MOLA HELICOIDAL CILINDRICA DA SUSPENSAO,99ZZ
540103227R,MOLA DE ACO HELICOIDAL CILINDRICA,99ZZ
540103717R,MOLA HELICOIDAL CILINDRICA DA SUSPENSAO,99ZZ
540103899R,MOLA DE ACO HELICOIDAL CILINDRICA,99ZZ
243174348R,SUPORTE DE FIXACAO DA CARROCERIA DE VEIC,99ZZ
765179403R,REFORCO DA COLUNA DA CARROCERIA,99ZZ
766302527R,PAINEL DE REVESTIMENTO INTERNO DA CARROC,99ZZ
739010001R,REVESTIMENTO DO TETO DA CARROCARIA DE VE,99ZZ
497255119R,TUBO DE RETORNO DE COMBUSTIVEL DE VEICUL,99ZZ
7700424886,COBERTURA DO PEDAL DO ACELERADOR DE VEIC,99ZZ
751118358R,LONGERON AV G ASS,99ZZ
751D17141R,SUPORTE DE FIXACAO DO BERCO DO MOTOR,99ZZ
6001550141,OBTURADOR EM PLASTICO, MULTIFUNCIONAL PA,99ZZ
391009882R,SEMI EIXO DE TRANSMISSAO PARA VEICULO AU,99ZZ
397201661R,DISPOSITIVO DE ACOPLAMENTO, JUNTA DE ART,99ZZ
483826149R,PROTETOR TERMICO DO TUBO DE ENCHIMENTO D,99ZZ
6006003290,EMBLEMA EM PLASTICO DE USO MULTIFUNCIONA,99ZZ
397740385R,MANCAL SEM ROLAMENTO DO EIXO DE TRANSMIS,99ZZ
397743841R,ROLAMENTO DE ESFERAS DE CARGA RADIAL, FA,99ZZ
727127047R,VIDRO SEGURANCA FORMADO POR FOLHAS CONTR,99ZZ
727129112R,VIDRO DE SEGURANCA LAMINADO POR FOLHAS C,99ZZ
731122944R,TETODACARROCERIADEVEICULOAUTOMOVEL,99ZZ
731128121R,TETO PARA CARROCARIA DE VEICULO AUTOMOVE,99ZZ
760337218R,PAINEL PARA CARROCARIA DE VEICULO AUTOMO,99ZZ
851200001R,PARACHOQUE DE VEICULO AUTOMOVEL,99ZZ
851210001R,PARACHOQUE DE VEICULO AUTOMOVEL,99ZZ
963018382R,ESPELHO RETROVISOR PARA VEICULO,99ZZ
738826215R,TRAVESSA  DO TETO PARA CARROCARIA DE VEI,99ZZ
828210178R,PERFIL DE BORRACHA DA PORTA,99ZZ
8200265414,JUNTA METALOPLASTICA,99ZZ
8200265416,JUNTA METALOPLÁSTICA DA BOMBA D'ÁGUA D,99ZZ
8200267867,POLIA AMORTECEDORA DE VIBRACAO DO VIRA,99ZZ
8200761529,POLIA REGULADORA DE TENSAO DE USO EM VEI,99ZZ
8200295082,ANEL DE TRAVA (CIRCLIPS) NAO ROSCADO DE,99ZZ
8200297032,MANGA DO EIXO DIANTEIRO PARA VEICULO AUT,99ZZ
8200298073,TUBO METALICO DO SISTEMA DE REFRIGERACAO,99ZZ
8200710828,MANGUE.DIR.ASISTI KG,99ZZ
8200713523,BIELETA DA BARRA ESTABILIZADORA DA SUSPE,99ZZ
7700303582,LIMITADOR DE ABERTURA DA PORTA DE VEICUL,99ZZ
766311013R,PAINEL LATERAL TRASEIRO DA CARROCARIA DE,99ZZ
739107289R,GUARNICAO DE ACABAMENTO DO TETO DA CARRO,99ZZ
760120470R,PAINEL LATERAL DA CARROCARIA DE VEICULO,99ZZ
511803699R,TAMPA DO ANEL DE REBOQUE DO PARACHOQUE,99ZZ
289200004R,BOMBA LAVA VIDROS,99ZZ
7700351231,GUIA DE BORRACHA VULCANIZADA NAO ENDUREC,99ZZ
760320036R,PAINEL PARA CARROCARIA,99ZZ
760320493R,PAINEL PARA CARROCARIA DE VEICULO AUTOMO,99ZZ
6001550196,TUBO PLASTICO FLEXIVEL (POLIURETANO),99ZZ
601985001R,OBTURADOR,99ZZ
7700768276,ANEL DE TRAVAMENTO, NAO ROSCADO, EM ACO,99ZZ
6001548867,MANGA DO EIXO DA RODA DO SISTEMA DE SUSP,99ZZ
1506631U02,ANEL DE VEDACAO EM BORRACHA VULCANIZADA,99ZZ
152554366R,TAMPA DE PLASTICO DO BOCAL DE ENCHIMENTO,99ZZ
240143528R,FIACAO ELETRICA (CHICOTE ELETRICO) PARA,99ZZ
213059651R,REFROIDISSEURAIRHUILEMOTEUR,99ZZ
0000149501,FERRAMENTA MANUAL DE REPARO,99ZZ
282160099R,ANTENA PARA APARELHO DE RADIOTELECOMANDO,99ZZ
284427470R,CAMERA DE VIDEO (CAMERA DE RE) PARA VEIC,99ZZ
8201153808,FILTRO DE AR DO HABITACULO DE VEICULO AU,99ZZ
8201223677,TUBULAÇÃO PARA VEICULO AUTOMOVEL,99ZZ
8201284583,PARAFUSO NAO PERFURANTE ROSCADO DE ACO L,99ZZ
8201401416,FRISO DE PORTA DE PLASTICO, PARA CARROCE,99ZZ
8200771008,SEMIEIXO DE TRANSMISSÃO SEM D,99ZZ
8200776533,SEMI EIXO DE TRANSMISSAO PARA VEICULO AU,99ZZ
8200777542,SUPORTE INFERIOR PARA FIXACAO DO MOTOR D,99ZZ
8200096002,BOCAL COM TUBO DE ENCHIMENTO DE COMBUSTI,99ZZ
8200097496,MOLDURA DE BORRACHA DO PORTAMALAS DA CAR,99ZZ
8200108273,INTERRUPTOR ELETRICO PARA TENSAO INFER,99ZZ
8200110072,PARAFUSO NAO PERFURANTE ROSCADO DE ACO L,99ZZ
8200110326,PRESILHA DE PLASTICO MULTIUSO PARA VEICU,99ZZ
8200531504,MOLDURA DO PARALAMAS,99ZZ
250609321R,BOIA DO TANQUE DE COMBUSTIVEL DE VEIULO,99ZZ
253250007R,INTERRUPTOR ELETRICO PARA TENSAO DE 13,5,99ZZ
7700665857,TUBO DE BORRACHA VULCANIZADA NAO ENDUREC,99ZZ
768608957R,JUNTA DE BORRACHA VULCANIZADA NAO ENDURE,99ZZ
769103830R,MOLDURA DO PAINEL DA CARROCARIA DE VEICU,99ZZ
271202098R,CAIXA PARA DISTRIBUICAO DE AR DO AR COND,99ZZ
240706509R,FIACAO ELETRICA (CHICOTE ELETRICO) COM C,99ZZ
241100606R,JOGO DE FIOS ELETRICOS (CHICOTE ELETRICO,99ZZ
7700352470,BATENTE DE BORRACHA VULCANIZADA NAO ENDU,99ZZ
7750350143,ESTRUTURA INTERNA DO PARALAMAS DA CARRO,99ZZ
7700353202,BATENTE DE BORRACHA VULCANIZADA NAO ENDU,99ZZ
7700717645,VALVULA RETENCAO UTILIZADA NA MONTAGEM D,99ZZ
769116948R,ACABAMENTO DA COLUNA CEDNTRAL DA CARROCA,99ZZ
769128350R,ACABAMENTO DA COLUNA CEDNTRAL DA CARROCA,99ZZ
769129003R,ELEMENTO DE FECHAMENTO DA CARROCERIA DE,99ZZ
8200702993,TAMPA DO FECHAMENTO DO CABECOTE DO MOTOR,99ZZ
8200705018,COLUNA DE DIREÇÃO,99ZZ
7751477918,PAINEL DA PORTA PARA CARROCARIA DE VEICU,99ZZ
7751479168,TAMPA DO PORTA MALAS PARA CARROCARIA DE,99ZZ
7751688874,PAINEL DE EXTENSAO DA COLUNA PARA CARROC,99ZZ
7751702478,TAMPA PORTA MALAS PARA CARROCARIA DE VEI,99ZZ
261A21524R,ACABAMENTO DO FAROL DE NEBLINA DO PARAC,99ZZ
261A24616R,ACABAMENTO DO FAROL DE NEBLINA DO PARAC,99ZZ
8200421265,INJETOR DE OLEO LUBRIFICANTE PARA MOTOR,99ZZ
8200432027,PROTETOR DA CAIXA DE RODAS PARA CARROCAR,99ZZ
8200788464,CALCULADORMOTMR,99ZZ
8200789594,DUTO DA EMBREAGEM DE VEICULO AUTOMOVEL,99ZZ
8200794635,ETIQUETA AUTOADESIVA EM PVC (POLICLORET,99ZZ
200103459R,TUBO DE ESCAPAMENTO COM CATALISADOR PARA,99ZZ
200104371R,DEPURADOR DE GASES DE ESCAPE,99ZZ
8200533844,CONECTOR ELETRICO PARA TENSAO NAO SUPE,99ZZ
253B09995R,DISPOSITIVO DE RADIOTELECOMANDO, CONTROL,99ZZ
8200171472,APARELHO ELETRICO (CAIXAS DE LUZES COM,99ZZ
8200179435,GANCHO DE METAL COMUM DO FECHO DA PORT,99ZZ
8200182361,CONDENSADOR, NA FORMA DE PAINEL DE TUBOS,99ZZ
8200182961,CABO DE ACIONAMENTO DA FECHADURA PARA CA,99ZZ
7711 732234R,EVOL. RN TECH 10W40,99ZZ
765164922R,REFORCO DA COLUNA DA CARROCERIA,99ZZ
26637,CAIXA DE DIRECAO MECANICA,99ZZ
306106218RK4,TRANSMISSOR EMBALAGEM HIDRAULICA,99ZZ
850746371RK4,PROTECAO LATERAL DO PARACHOQUE PARA VEIC,99ZZ
545001225RK4,BRACO DA SUSPENSAO DE VEICULO AUTOMOVEL,99ZZ
ACR0019,PELICULA SOLAR G20 KWID CHASSI,99ZZ
1000676,TERMINAL DIREÇÃO,99ZZ
1007055,TERMINAL DIREÇÃO,99ZZ
1005712,TERMINAL DIREÇÃO,99ZZ
MR000460,PNEU 20560R15 COMTINEMTAL,99ZZ
7711945906K4,FILTRO PARA FILTRAGEM MECANICA DE ACEITE,99ZZ
ACR0005,PELICULA,99ZZ
85024632R,PARACHOQUE TRASEIRO PARA VEICULO,99ZZ
10857,CABO ATIVACAO CAMERA RE FIAT/JET,99ZZ
10871,BRACADEIRA DE ACO INOXIDAVEL,99ZZ
234443,FILTRO OLEO LUBRIFICANTE,99ZZ
617611,FILTRO OLEO LUBRIFICANTE,99ZZ
631587,BICO RODA VALVULA,99ZZ
054593,PASTILHA FREIO,99ZZ
617475,ROLAMENTO,99ZZ
543021441R4K,AMORTECEDOR DO SISTEMA DE  SUSPENSAO DIA,99ZZ
589764,PARAFUSO CABECOTE,99ZZ
98284027DX,MONOGRAMA,99ZZ
641011517RK4,LONGARINA ACOMPANHADA DE PAINEL INTERNO,99ZZ
234435,FILTRO OLEO LUBRIFICANTE,99ZZ
609540,SENSOR NIVEL,99ZZ
6001998264,CONSOLE CENTRAL PARA VEICULO AUTOMOVEL,99ZZ
7700111166,TAMPA DE FECHAMENTO DO RESERVATORIO DE O,99ZZ
7700111627,VOLANTE DO MOTOR DE VEICULO AUTOMOVEL,99ZZ
7700300478,DUTO DE ENTRADA DO FILTRO DE AR DE VEICU,99ZZ
7700309115,VARETA DE ABERTURA DO CAPO PARA CARROCAR,99ZZ
7700309182,BRACO DA SUSPENSAO DE VEICULO AUTOMOVEL,99ZZ
908738586R,ACABAMENTO DE FECHAMENTO DA PORTA PARA C,99ZZ
908890019R,EMBLEMA,99ZZ
921003154R,CONDENSADOR AR CONDICONADO,99ZZ
995504629R,MACACO MANUAL PARA VEICULO AUTOMOVEL,99ZZ
460114036R,CILINDRO HIDRAULICO MASTER DO SISTEMA DE,99ZZ
759229284R,CAIXA DIANTEIRA DE FIXACAO DO BERCO,99ZZ
760301402R,PAINELLATERALDACARROCARIA,99ZZ
277233194R,SENSOR DE TEMPERATURA DE VEICULO AUTOMOV,99ZZ
280583639R,MOLDURA DE ACABAMENTO DO RADIO DA CARROC,99ZZ
281151959R,APARELHO RECEPTOR DE RADIODIFUSAO, COM A,99ZZ
8200602230,ALCA PLASTICA DE SEGURANCA,99ZZ
281563SG0A,SISTEMA DE ALTOFALANTES COM APROXIMADAM,99ZZ
8200677133,GUARNICAO DE BORRACHA VULCANIZADA,99ZZ
7701059398,CALIPER DO FREIO DE VEICULO AUTOMOVEL,99ZZ
7701064237,FILTRO DE AR DO SISTEMA DE CLIMATIZACAO,99ZZ
7701065774,FILTRO DE AR DO SISTEMA DE FREIO DE VEIC,99ZZ
7701692580,FRISO PLASTICO DA PORTA PARA CARROCARIA,99ZZ
7701692581,FRISO PLASTICO DA PORTA PARA CARROCARIA,99ZZ
7701056217,PRESILHA DE PLASTICO DE USO MULTIFUNCION,99ZZ
7701057372,ESPELHO RETROVISOR PARA VEICULO AUTOMOVE,99ZZ
285978580R,CHAVE COM APARELHO DE RADIOTELECOMANDO,99ZZ
287102467R,MOTOR DO LIMPADOR DO VIDRO PARABRISA SEM,99ZZ
8200677117,GUARNICAO DE BORRACHA VULCANIZADA NAO EN,99ZZ
8200677130,GUARNICAO EM  BORRACHA VULCANIZADA NAO E,99ZZ
8200425722,CUBA DE BORRACHA VULCANIZADA NAO ENDUREC,99ZZ
8200595996,MECANISMO DE ACIONAMENTO E ALAVANCA DA C,99ZZ
769160016R,MOLDURA DE REVESTIMENTO INT DA COLUNA.,99ZZ
7700106283,TAMPAO DE ACO PARA FECHAMENTO DE ORIFICI,99ZZ
16055,PAINEL,99ZZ
805034742R,FECHADURA DE METAL COMUM DA PORTA PARA V,99ZZ
774A44960R,TRAVESSA LATERAL DA CARROCERIA DE VEICUL,99ZZ
7701471588,CALCO EM ACO DE USO EM VEICULO AUTOMOVEL,99ZZ
8200717721,TUBO DE ESCAPAMENTO,99ZZ
760325722R,PAINEL DA ESTRUTURA LATERAL PARA CARROCA,99ZZ
903007889R,VIDRO DE SEGURANCA COM RESISTENCIA DE AQ,99ZZ
731127786R,TETO DA CARROCARIA DE VEICULO AUTOMOVEL,99ZZ
14.09.1571,ALARME AUT.MICROCONTROLADO ROUTER/RENAULT,99ZZ
873016149R,ESTRUTURA DA ALMOFADA DO ASSENTO,99ZZ
231009948R,ALTERNADOR PARA USO EM VEICULO AUTOMOVEL,99ZZ
ACR0004,ANTIVANDALISMO PS12,99ZZ
8201753330,mp20013360 GABARITO CONTROLE VERIFICACIO,99ZZ
613517,ANEL BUJAO CARTE,99ZZ
623404,OLEO MOTOR 0W20 VR LUB,99ZZ
ACR6157,AUTO RADIO ULTRON MP3 PLAY,99ZZ
ACR4575,FONTE CHAVEADA 12 50A,99ZZ
ACR2018,AUTO RADIO PIONEER BLUTOOTH,99ZZ
ACR494,AUTO RADIO POSITRON BLUETOOTH MP3,99ZZ
122013973RK4,VIRABREQUIM DE PESO INFERIOR A 900 KG PA,99ZZ
631272,CORREIA ALTENADOR,99ZZ
605736,OLEO CAMBIO,99ZZ
625809,TUBO RESERVATORIO AGUA,99ZZ
631806,LIMPA RADIADOR,99ZZ
359190,DISCO FREIO DIANTEIRO,99ZZ
582598,VEDA RADIADOR,99ZZ
610880,RADIADOR AGUA,99ZZ
1002394,POLIA COMANDO,99ZZ
615012,CORREIA ALTERNADOR,99ZZ
ACR0002,PELICULA SOLAR G20,99ZZ
628276,RESERVATORIO AGUA,99ZZ
850903655RK4,ABSORVEDOR DE IMPACTO DO PARA CHOQUE,99ZZ
8200,BATERIA 80,99ZZ
8200225293,ACABAMENTO LATERAL DA GRADE DE AR DO CAP,99ZZZ
200103427R,CONVERSOR CATALITICO DE GASES DE ESCAPE,9999
200105372R,TUBO DE ESCAPE COM SILENCIOSO DE VEICULO,9999
253318224R,TOMADAACESSORIOHABITACULO,9999
6001550798,KIT DA FECHADURA DE METAL DA PORTA CONTE,9999
6001550851,REFORCO EM METAL DA SOLEIRA DA PORTA DA,9999
6001550856,SEMIBLOCO DA CARROCERIA PARA USO EM VEIC,9999
7700100967,RETENTOR CONSTITUIDO DE ALMA DE ACO REVE,9999
7700104129,JUNTA DE ACO ESTAMPADA DO COLETOR DE ADM,9999
7700113619,TAMPA DO MOTOR DE IGNICAO POR CENTELHA P,9999
7700115816,PORCA DE ACO LIGA TEMPERADO, REVENIDO E,9999
7700308222,GUIA (CARRO) DA PORTA CORREDICA PARA CAR,9999
7700308364,TUBO ALIMENTACAO,9999
7700308664,TUBO PARA VEICULO AUTOMOVEL,9999
788558964R,GRADE DE ENTRADA DE AR DO PARACHOQUE,9999
794200686R,TAMPAO DO PORTAMALAS DA CARROCARIA DE VE,9999
909302239R,PROTETOR BATENTE PORTAMALAS,9999
572110582R,SUPORTE DA RODA RESERVA / ESTEPE, EM ACO,9999
995502232R,MACACO MANUAL NAO HIDRAULICO,9999
440605839R,JOGO DE PASTILHAS DO FREIO DE VEICULO AU,9999
760325730R,PAINEL LATERAL DA CARROCERIA DE VEICULO,9999
806B09141R,CAPA PLASTICA DA MAÇANETA DE VEICULO AUT,9999
808214775R,MOLDURA PUERTA DEL IZQ K76,9999
275800234R,FIACAO ELETRICA (CHICOTE ELETRICO) COM C,9999
8200607980,ENGRENAGEM DA CAIXA DE MARCHAS DE VEIC,9999
8200197452,SUPORTE DE FIXACAO DO BERCO DO MOTOR PAR,9999
8200197478,ROLAMENTO DE ROLETES CONICOS DE CARGA RA,9999
7701065653,SUPORTE PARA FIXACAO DO VENTILADOR DO RA,9999
7701047661,PRESILHA PLASTICA MULTIFUNCIONAL DE USO,9999
7701056969,PIVO DO BRACO DA SUSPENSAO DE VEICULO AU,9999
7701057119,RADIADOR DE VEICULO AUTOMOVEL,9999
7701057684,RESISTENCIA DE AQUECIMENTO DO AR CONDICI,9999
285909828R,APARELHO QUE INCORPORA UM RECEPTOR,9999
8200236512,FECHO DE METAL COMUM DO CAPO DE VEICULO,9999
7700739336,POLIA SEM ROLAMENTO NAO REGULADORA DE TE,9999
924543191R,TUBO DO COMPRESSOR DE AR DE VEICULO AUTO,9999
7711732232,EVOLUTION RNTECH FE 5W30  DIESEL,9999
132652418R,TAMPA DO CABECOTE DE MOTOR DE PISTAO DE,9999
7703067324,CAVILHA DE ACO, NÃO ROSCADO PARA USO E,9999
658405268R,ABSORVEDOR DE RUIDO DO CAPO DO MOTOR DE,9999
7700806228,BASE DE APOIO E ACABAMENTO DA LUZ INDICA,9999
215032912R,TUBO DE BORRACHA VULCANIZADA NAO ENDUREC,9999
215450002R,SUPORTE EM METAL COMUM DE FIXACAO PARA U,9999
745329243R,ELEMENTO FECHAMENTO CARROCARIA VEIC AUTO,9999
410015708R,PINCA DO FREIO DE VEICULO AUTOMOVEL,9999
410117632R,ESTRIBO DO FREIO PARA VEICULO AUTOMOVEL,9999
465034965R,GARFO DA EMBREAGEM DE VEICULO AUTOMOVEL,9999
924103474R,TUBO DE BORRACHA VULCANIZADA REFORCADO,9999
924735833R,JUNTA DE BORRACHA VULCANIZADA,9999
924802334R,TUBULACAO DO SISTEMA DE AR CONDICIONADO,9999
848100022R,ACABAMENTO DA TAMPA TRASEIRA PARA CARROC,9999
998106070R,CHAVE DE IGNICAO COM TRANSPONDER DE RADI,9999
8200197168,MOLDURA DO PARALAMAS PARA CARROCARIA DE,9999
623107261R,GRADE DO RADIADOR PARA CARROCARIA DE VEI,9999
166004166R,BICO INJETOR DE COMBUSTIVEL PARA MOTOR D,9999
01125E6041,PARAFUSO NAO PERFURANTE DE ACO,9999
237061424R,PROTETOR DO CALCULADOR,9999
237101395R,MODULO DE CONTROLE ELETRONICO DO SISTEMA,9999
172032655R,RESERVATORIO DE COMBUSTIVEL PARA VEICULO,9999
237103560R,MODULO DE CONTROLE ELETRONICO DE INJECAO,9999
852749207R,ESPUMA DE ESTANQUEIDADE,9999
801012122R,PORTA DIANTEIRA PARA VEICULO AUTOMOVEL,9999
801019354R,PORTA PARA CARROCARIA DE VEICULO,9999
641976606R,REFORCO DO ASSOALHO PARA CARROCARIA DE V,9999
650925017R,EMBLEMA PLÁSTICO DA CARROCERIA DE VEÍCUL,9999
172037221R,TANQUE DE COMBUSTIVEL PARA VEICULO AUTOM,9999
175061534R,TUBULACAO DO SISTEMA DE ALIMENTACAO DE C,9999
122158574R,BRONZE COM DIAMETRO INTERNO INFERIOR A 2,9999
122792967R,JUNTA DE VEDACAO MECANICA DO MOTOR DE VE,9999
200100668R,TUBO DE ESCAPE COM SILENCIOSO PARA VEICU,9999
200100671R,SILENCIOSO DO ESCAPAMENTO,9999
7752261328,TRAVESSA PARA CARROCARIA DE VEICULO AUTO,9999
7782709525,PARALAMAS PARA CARROCARIA DE VEICULO,9999
255670657R,ALAVANCA ACIONAMENTO FAROL E SETA,9999
255706283R,MÓDULO COMPOSTO DE COMBINAÇÃO, EM INVÓLU,9999
259204884R,DISPOSITIVO DE ARMAZENAMENTO DE DADOS NA,9999
7700779772,ISOLADOR DE CONTROLE DE VIBRACAO DE VEIC,9999
620924918R,ABSORVEDOR DE IMPACTO DO PARACHOQUE DE V,9999
364003137R,CABO PARA FREIO DE MAO DE VEICULO,9999
540105127R,MOLA DE ACO HELICOIDAL,9999
241768627R,JOGO DE FIOS ELETRICOS (CHICOTE ELETRICO,9999
242706591R,COBERTURA MODULO ELETRONICO DE CONTROLE,9999
243225659R,TAMPA DO PORTA FUSIVEIS DO PAINEL DE INS,9999
472101496R,UNIDAD DE VACIO SERVO FRENO,9999
765310307R,COLUNA CENTRAL DA CARROCERIA DE VEICULO,9999
738321116R,COBERTURA DE PLASTICO DO SUPORTE DA BARR,9999
963016669R,ESPELHO RETROVISOR DE VEICULO,9999
738830089R,COBERTURA DE PLASTICO DO SUPORTE DA BARR,9999
828210160R,FRISO DE PLASTICO,9999
828308531R,JUNTA DE BORRACHA VULCANIZADA NAO ENDURE,9999
852486298R,PAINEL DO PORTA MALAS PARA CARROCARIA DE,9999
8200752920,EIXO SUPORTE DO BALANCIM PARA MOTOR DE P,9999
8200763871,DOBRADICA DE ACO DO CAPO DE VEICULO AUTO,9999
8200285837,MACANETA DE PLASTICO DA PORTA DE VEICULO,9999
8200297026,MANGA DO EIXO DIANTE,9999
6001548876,TELA TERMICO FREIO MAO,9999
6001548956,REFORCO EM METAL DE FECHAMENTO DA CARROC,9999
8201220014,PROTETOR FRONTAL DO PARACHOQUE DE VEICUL,9999
8200096172,COBERTURA DO PORTA MALAS PARA CARROCERIA,9999
8200104272,FILTRODEAR,9999
250920061R,SENSOR DE VELOCIDADE (GERADOR DE IMPULSO,9999
7751691052,PAINEL LATERAL PARA CARROCERIA DE VEICUL,9999
122077021R,BRONZE COM DIAMETRO INTERNO DE 125 MM,9999
8200797026,COBERTURA PLASTICA DO CINTO DE SEGURANÇA,9999
8200613287,RODA ARO 14 EM ACO,9999
8200632015,APARELHO ELETRICO (FAROL ) DE ILUMINACAO,9999
8200633416,LENTE DO APARELHO DE SINALIZACAO VISUAL,9999
215014965R,TUBO DE BORRACHA REFORCADO COM MATERIA T,9999
215037382R,TUBO DE BORRACHA VULCANIZADA NAO ENDUREC,9999
200102396R,TUBO DO CATALISADOR DO ESCAPAMENTO,9999
551119305R,BRACO DE SUSPENSAO EM ACO, PARA SISTEMA,9999
681000035R,PAINEL DE INSTRUMENTOS PARA USO EM VEICU,9999
441006176R,CILINDRO HIDRAULICO P/ FREIO AUTO,9999
442086369R,ALAVANCA DO FREIO PARA VEICULO AUTOMOVEL,9999
112531966R,SUPORTE DA CAIXA DE MARCHAS,9999
743A08237R,ASSOALHO DA CARROCARIA DE VEICULO AUTOMO,9999
803305135R,GUIA DE BORRACHA DA LATERAL DO VIDRO DA,9999
803305566R,CANALETA PLASTICA DO VIDRO DA PORTA,9999
403005455R,RODA EM LIGA DE ALUMINIO, PARA VEIC AUTO,9999
747615103R,PROTETOR TERMICO DO COLETOR DE ESCAPE DE,9999
924900019R,TUBULACAO DO SISTEMA DE AR CONDICIONADO,9999
924904719R,TUBO ENTRE COMPRESSOR E CONDENSADOR,9999
925938089R,TUBO DEM BORRACHA VULCANIZADA NÃO ENDURE,9999
7701048702,BUCHA PLASTICA DO PINO DA PORTA DE VEICU,9999
7701050734,PRESILHA PLASTICA MULTIFUNCIONAL DE USO,9999
7701478631,CAIXA DE ENGRENAGENS DA TRANSMISSAO MANU,9999
7701478748,GRADE DO PARA CHOQUE DE VEICULO AUTOMOVE,9999
7701205657,GUARNICAO DE BORRACHA VULCANIZADA NÃO EN,9999
7701206228,VALVULA DE RETENCA DO SISTEMA DE FREIO A,9999
8200348167,SUPORTE PARA CARROCARIA DE VEICULO AUTOM,9999
8200737132,BRACO DA SUSPENSAO, FABRICADO PREDOMINAN,9999
260103337R,APARELHO ELETRICO (FAROL) DE ILUMINACAO,9999
8200073428,PROTETOR PLASTICO DA CAIXA DE RODAS,9999
8200522748,DUTO DE AR PARA MOTOR DE IGNICAO POR COM,9999
244105361R,BATERIA ELETRICA DE CHUMBO. 12V E 70A/H.,9999
8200151732,CANISTER PARA MOTOR IGNICAO CENTELHA,9999
8200526417,APARELHO ELETRICO (FAROL ) DE ILUMINACAO,9999
8200526418,APARELHO ELETRICO (FAROL) DE ILUMINACAO,9999
8200526427,APARELHO ELETRICO (CAIXA DE LUZES COMBIN,9999
8200156691,PROTETOR INTERNO DO PARALAMAS DA CARROC,9999
762903769R,TAMPA DE FECHAMENTO DO PARALAMA PARA CA,9999
175B20640R,TUBO  DE BORRACHA VULCANIZADA NAO ENDURE,9999
403002098R,RODA DE LIGA DE ALUMINIO ARO 17 PARA VE,9999
403002488R,RODA EM LIGA DE ALUMINIO, PARA VEIC AUTO,9999
963747622R,OBERTURA DE PLASTICO DO ESPELHO RETROVI,9999
403002949R,RODA DE LIGA DE ALUMINIO ARO 16' PARA VE,9999
488101437R,BARRA (COLUNA) DE DIRECAO PARA,9999
8200163753,ESPELHO RETROVISOR PARA VEICULO AUTOMOVE,9999
8200885259,TUBO DE ESCAPAMENTO DE USO EM VEICULO AU,9999
8200891487,BIELETA DA BARRA ESTABILIZADORA DA SUS,9999
764260081R,ACABAMENTO DA SOLEIRA DA PORTA PARA CARR,9999
497209235R,TUBULACAO COM FORMATO PROPRIO, FLEXIVEL,9999
497209595R,TUBO EM ACO E MANGUEIRA EM BORRACHA VULC,9999
682400017R,MOLDURA DO PAINEL DE INSTRUMENTOS PARA C,9999
1442315900,PARAFUSO ROSCADO DE ACO DE USO EM VEICUL,9999
430185250R,MANGA DE EIXO DO SISTEMA DE SUPENSAO DE,9999
6001546734,ANEL DE ACO ROSCADO PARA REBOQUE DE VEIC,9999
641200511R,CAIXA DE RODA PARA CARROCERIA DE VEICULO,9999
200103720R,ESCAPAMENTO DE VEICULO AUTOMOVEL,9999
809608279R,COBERTURA PLASTICA DO PUXADOR DA PORTA,9999
821004625R,PORTA PARA CARROCARIA DE VEICULO AUTOMOV,9999
963734089R,COBERTURA DE PLASTICO, DO TIPO COQUILHA,9999
483825077R,MOLDURA PROTECAO TERMICA, FABRICADA EM A,9999
101013465R,JOGO DE JUNTAS E RETENTORES DO CABECOTE,9999
101018942R,JOGO DE JUNTAS DE COMPOSICAO DIFERENTES,9999
110564264R,PARAFUSO NAO PERFURANTE ROSCADO DE ACO L,9999
111103971R,CARTER DE OLEO DE MOTOR DE IGNICAO POR C,9999
322012685R,EIXOPRIMARIODACAIXADEMARCHASDEVEI,9999
231003288R,ALTERNADOR DE CORRENTE CONTINUA PARA CAR,9999
8200653832,PAINEL DE REVESTIMENTO DA PORTA PARA CAR,9999
8377531000,PRESILHA DE PLASTICO MULTIUSO PARA VEICU,9999
768511695R,REVESTIMENTO LATERAL DA CARROCARIA DE VE,9999
491919816R,SUPORTE DO RESERVATORIO DO OLEO DA DIREC,9999
497207251R,TUB SISTEMA DIREÇÃO HID P/ VEÍC,9999
749402137R,ISOLADOR ANTI RUIDO DO ASSOALHO PARA CAR,9999
749408319R,ISOLADOR ANTI RUIDO DO ASSOALHO PARA CAR,9999
749417651R,ISOLADOR ANTI RUIDO DO ASSOALHO PARA CAR,9999
751111720R,LONGARINA DE USO MULTIFUNCIONAL DA CARRO,9999
751336085R,ELEMENTO DE FECHAMENTO DA CARROCERIA DE,9999
8200375417,ALVULA SOLENOIDE,9999
112329822R,SUPORTE EM METAL DO COXIM DO MOTOR,9999
8200404084,TAMPA,9999
260602124R,APARELHO ELETRICO (FAROL) DE ILUMINACAO,9999
260602191R,APARELHO ELETRICO (FAROL) DE ILUMINACAO,9999
200105396R,TUBO DE ESCAPE COM SILENCIOSO DE USO EM,9999
7751298066,PAINEL DA ESTRUTURA DO ASSOALHO PARA CAR,9999
7700838242,SAPATA PLÁSTICA DE FIXAÇÃO DO VIDRO,9999
7700838893,TUBO DE BORRACHA VULCANIZADA NAO ENDUREC,9999
7700841426,PRESILHA DE PLASTICO PARA FIXAÇAO DO PAR,9999
7700845725,GRADE DO ALTO-FALANTE,9999
7700352124,REFORÇO LATERAL DO PARA CHOQUE DE VEICUL,9999
7700352202,COBERTURAPLÁSTICADABASEDA,9999
7700353283,MACANETA DE PLASTICO DA PORTA DE VEICULO,9999
7700354861,FECHADURA DE METAL COMUM DA PORTA DE VEI,9999
7700410275,FRISO DE PLASTICO PARA CARROCARIA DE VEI,9999
7700414664,RESERVATORIO DO FLUIDO DA DIRECAO HIDRAU,9999
7700417893,SUPORTE DO PEDAL DO ACELERADOR DE VEICUL,9999
7700422600,JOGO DE PARAFUSO ANTIROUBO COM CHAVE,9999
752108184R,TRAVESSA DA CARROCARIA DE VEICULO AUTOMO,9999
806069927R,MACANETA DE PLASTICO,9999
990424815R,ETIQUETA EM PLASTICO AUTO ADESIVA DE PRO,9999
8200209149,EMBLEMA PLASTICO DA CARROCARIA DE VEICUL,9999
272704585R,EQUIPAMENTO PROPRIO PARA RESFRIAR E AQUE,9999
7701474471,MOLDURA PLASTICA DO PARACHOQUE DE VEICU,9999
7701474472,PARACHOQUE TRASEIRO PARA VEICULO,9999
7701475094,VOLANTE P/ MOTOR AUTOMÓVEL,9999
7701475803,CARCACA DA CAIXA DE MARCHAS DE VEICULO A,9999
7702295362,MECANISMO EM METAL COMUM DE ELEVACAO DO,9999
7700410543,FUSIVEL PARA TENSAO DE 12V DE USO EM VEI,9999
767113660R,CAIXA DE RODA PARA CARROCARIA DE VEICUL,9999
261A36336R,ACABAMENTO DO FAROL DE NEBLINA DO PARAC,9999
7700428386,BOMBA ELETRICA PARA LIQUIDO DE USO EM VE,9999
769520834R,ACABAMENTO PLASTICO DA SOLEIRA DA CARROC,9999
7703602211,PARAFUSO LIGA,TEMP,GALVANIZADO M8X125 25,9999
7703602231,PARAFUSO N PERF ROSCADO ACO M1055 1,9999
7701050890,RESISTENCIA ELETRICA FIXA, COM POTENCIA,9999
7702295371,DIFUSOR DE AR PARA CARROCARIA,9999
821012037R,PORTA PARA CARROCARIA DE VEICULO,9999
849801621R,SUPORTE DA RODA RESERVA PARA CARROCARIA,9999
984B41059R,SUPORTE DE PLASTICO DO MARTELO MANUAL DE,9999
260107466R,APARELHO ELETRICO (FAROL) DE ILUMINACAO,9999
260601236R,APARELHO ELETRICO (FAROL) DE ILUMINACAO,9999
7701208015,PINO DA PINÇA DE FREIO DE VEICULO AUTOMO,9999
7701208061,REGULADOR AUTOMATICO DO VFREIO DE VEICUL,9999
7701209348,VENTILADOR DE REFRIGERACAO PARA VEICULO,9999
7701464321,SORTIDO COMPOSTO POR ROLAMENTO DE AGULHA,9999
7701472735,ROTULA AXIAL ACOMPANHADA DE COIFA E PRES,9999
7705005194,ABRACADEIRA DE ACO PARA USO EM VEICULO A,9999
7705005265,ABRACADEIRA DE ACO PARA USO EM VEICULO A,9999
7701054753,ESPELHO RETROVISOR DIREITO,9999
7703033181,PORCA FLANGEADA M6 EM ACO LIGA, TEMPERA,9999
7705098194,PARAFUSO NAO PERFURANTE ROSCADO DE ACO L,9999
768600509R,JUNTA DE BORRACHA VULCANIZADA NÃO ENDURE,9999
768604566R,JUNTA DE BORRACHA VULCANIZADA NÃO ENDURE,9999
302051253R,DISCO E PLATO DA EMBREAGEM DE VEICULO AU,9999
876115795R,ESPUMA DO ENCOSTO DO ASSENTO,9999
876204001R,COBERTURA DE ACABAMENTO DO ASSENTO DO AS,9999
876208360R,COBERTURA DE ACABAMENTO DO ENCOSTO DO AS,9999
8200947664,ELEMENTO FILTRANTE DO FILTRO DE ENTRADA,9999
8200961568,ETIQUETA AUTO ADESIVA DE POLICLORETO DE,9999
8200031631,TRAVA DA FECHADURA DO PORTA MALAS DE VEI,9999
7711427451,Soleira de Porta Malas L38,9999
7711427996,JOGO FAROL AUXILIAR ANTINEBLINA PARA,9999
7711732203,EXTENSOR DE CACAMBA PARA CARROCARIA,9999
7711732216,PARACHOQUE IMPULSAO PRETO,9999
8200113999,GRADE DE ENTRADA DE AR DO RADIADOR PARA,9999
7703026049,PARAFUSO NAO PERFURANTE ROSCADO DE ACO L,9999
7703027524,PARAFUSO NAO PERFURANTE DE ACO LIGA,9999
7703065243,JUNTA DE VEDACAO DE BORRACHA VULCANIZA,9999
7703074647,TAMPAO FABRICADO EM PLASTICO POLIOXIDO D,9999
7703079328,PRESILHA PLASTICA MULTIFUNCIONAL DE USO,9999
7703079486,PRESILHA PLASTICA DE USO MULTIFUNCIONAL,9999
6001548048,TUBULACAO DO SISTEMA DE ABSORCAO DE VAPO,9999
6001548612,DIFERENCIAL DO EIXO DE TRANSMISSAO DE VE,9999
6001549077,CARCACA DA CAIXA DE MARCHAS DE VEICULO A,9999
8200255776,ESPELHO RETROVISOR EXTERNO, LADO DIREITO,9999
8200700046,APARELHO ELETRICO (CAIXAS DE LUZES COM,9999
165009756R,FILTRO DE ENTRADA DE AR PARA MOTOR DE IG,9999
7751477916,PORTA TRASEIRA PARA VEICULO AUTOMOVEL,9999
8200700118,RETROVISOR MANUAL L/E CLIO 1999/2012,9999
8200700119,ESPELHO RETROVISOR DE VEICULO,9999
254118722R,INTERRUPTOR ELETRICO DE TENSAO NAO SUPER,9999
254291982R,INTERRUPTOR ELETRICO DO TIPO SENSOR DE A,9999
8200815704,MOLDURA PARA CARROCARIA DE VEICULO AUTOM,9999
8200820095,MOLDURA CENTRAL DO PAINEL DE INSTRUMENTO,9999
8200823809,SUPORTE DE FIXACAO DA ARMACAO FRONTAL, E,9999
8200581838,GRADE DE ENTRADA DE AR DO PARACHOQUES FR,9999
210109409R,BOMBA DE AGUA PARA MOTOR DE VEICULO,9999
850700810R,ACABAMENTO DO PARACHOQUE DE VEICULO AUT,9999
363722952R,CABO COM ELEMENTOS TERMINAIS PARA FREIO,9999
8200013994,COBERTURA PLASTICA DA ALAVANCA DE CONTRO,9999
8200639270,ENGRENAGEM DA CAIXA DE MARCHAS DE VEICUL,9999
8200641839,GARFO DA CAIXA DE MARCHAS DE VEICULO A,9999
8200029302,RODZIO COM CORPO PLASTICO PARA USO NO GU,9999
8200446717,INTERRUPTOR ELETRICO DA LUZ DE ALERTA PA,9999
8200447464,CALOTA DA RODA DE VEICULO AUTOMOVEL,9999
7700847057,TUBO DE BORRACHA VULCANIZADA NAO ENDUREC,9999
7700867792,ANELDEVEDAÇÃODEBORRACHA,9999
7701033196,PARAFUSO DE PLASTICO DE USO MULTIFUNCION,9999
7701042371,CAPA PLASTICA DE COBERTURA DO PARAFUSO D,9999
7701044754,JUNTA DE ARTICULACAO (TRIZETA) DO EIXO D,9999
7702298008,MOLDURA PLASTICA DO ESPELHO RETROVISOR D,9999
7703002868,PARAFUSO FLANGEADO EM ACO LIGA, TRATAMEN,9999
7703016602,PARAFUSO PERFURANTE DE ACO LIGA, TEMPERA,9999
7700428051,DIFUSOR DE LUZ DO APARELHO ELETRICO (LUZ,9999
7700436959,PROTETOR TERMICO DO ESCAPAMENTO DE VEICU,9999
7700639864,RELE DE ESTADO SOLIDO DE CONTROLE PARA T,9999
6001544713,PLUG DE PLASTICO MULTIFUNCIONAL PARA USO,9999
6001546710,MOLDURA DE REFORCO DO PAINEL DA PORTA DA,9999
6001547473,JUNTA DE ESCAPAMENTO,9999
828200148R,MOLDURA DA PORTA PARA CARROCARIA DE VEIC,9999
38189CA000,PARAFUSO,9999
391005187R,SEMI EIXO DE TRANSMISSAO SEM DIFERENCIAL,9999
391005383R,SEMI EIXO DE TRANSMISSAO PARA VEICULO AU,9999
391007857R,SEMI EIXO DE TRANSMISSAO PARA VEICULO AU,9999
391008165R,SEMI EIXO DE TRANSMISSAO PARA VEICULO AU,9999
8201464304,UNIDADE DO MODULO INSUFLACAO DO AIRBAG D,9999
849825712R,TAMPA EM PLASTICO DO PAINEL DE INSTRUMEN,9999
808217463R,FRISO PLASTICO DA PORTA PARA CARROCERIA,9999
788222762R,CABO DE ABERTURA DA PORTINHOLA DO TANQUE,9999
8200532696,RONDELLE ANTI DESSERRAGE,9999
8200686800,JUNTA DE BORRACHA VULCANIZADA NAO ENDU,9999
641006744R,LONGARINA ACOMPANHADA DE TORRE DO AMORTE,9999
807214971R,MECANISMO DE ACIONAMENTO DO VIDRO,9999
215589688R,DEFLETOR DE AR DO RADIADOR DE VEICULOS,9999
805655146R,APARELHO DE RADIOTELECOMANDO,9999
400151948R,ARTICULACAO DO SISTEMA DA DIRECAO DE VEI,9999
200105170R,TUBO DE ESCAPE PARA VEICULO AUTOMOVEL,9999
622350006R,DEFLETOR DO PARACHOQUE,9999
281152596R,APARELHO RECEPTOR DE RADIODIFUSAO, COM A,9999
122150796R,BRONZINA DO MANCAL COM RANHURAS,9999
260607366R,APARELHO ELETRONICO DE SINALIZACAO VISUA,9999
326006854R,CUBO DE MUNDANCA DA CAIXA DE MARCHA, UTI,9999
555016394R,EIXO NAO MOTOR DE VEICULO AUTOMOVEL,9999
727123220R,VIDRO DE PARABRISA,9999
540104563R,MOLA DE ACO HELICOIDAL CILINDRICA PARA U,9999
985252719R,BOLSA INFLAVEL DE SEGURANCA COM SISTEMA,9999
123030453R,POLIA REGULADORA DE TENSAO DA VIBRACAO D,9999
676001291R,COLUNA PARA CARROCARIA DE VEICULO AUTOMO,9999
440202372R,KIT DO PLATO DE FREIO DE VEICULO AUTOMOV,9999
7703602226,VIS H EMBASE M8X1,9999
7702233647,FAROL DIANTEIRO ESQUERDO,9999
7702267551,225/65R16C 112/110S,9999
288009536R,MOTOR ELÉTRICO DE CORRENTE CONTÍNUA COM,9999
868976180R,CLIPE EM PLASTICO LIMITADOR DE ALTURA DO,9999
622547647R,GRADE DE SAIDA DE AR DA CARROCARIA DE VE,9999
873206790R,REVESTIMENTO DO ASSENTO DO BANCO,9999
873700428R,COBERTURA DE ACABAMENTO DO ASSENTO,9999
788246697R,GUIA DO MECANISMO DE ABERTURA DA TAMPA D,9999
769351218R,BATENTE DE PLASTICO DE USO MULTIFUNCIONA,9999
884463574R,ACABAMENTO DO ASSENTO GRIS CLARO,9999
896077405R,ESPUMA DO ENCOSTO DO ASSENTO DE VEICULO,9999
540687105R,PROTETOR PLASTICO DA MOLA DA SUSPENSAO D,9999
638431299R,PROTETOR DA CAIXA DE RODA PARA CARROCARI,9999
240115506R,JOGO DE FIOS ELETRICOS (CHICOTE ELETRICO,9999
8200137494,TRAVESSA PARA CARROCARIA DE VEICULO AUTO,9999
8200139460,PEDAL DO ACELERADOR ELETRONICO DE VEIC,9999
8200141457,VARETA PARA MEDIDA DO NIVEL DE OLEO DE V,9999
8200502452,INTERRUPTOR ELETRICO PARA TENSAO INFERIO,9999
8200846748,CONCENTRADOR HIDRÃ#ULICO DA EMB,9999
6001549855,COLUNA DA CARROCARIA DE VEICULO AUTOMOVE,9999
6001549857,COLUNA DA CARROCARIA DE VEICULO AUTOMOVE,9999
6001550027,ESPELHO RETROVISOR PARA USO EM VEICULO A,9999
6001550037,APARELHO ELETRICO (FAROL ) DE ILUMINACAO,9999
6001550039,APARELHO ELETRICO (CAIXA DE LUZES COMBIN,9999
7700731690,ESPACADOR DA CAIXA DE MARCHAS DE VEICULO,9999
6001550572,EMBLEMA PLASTICO DA CARROCARIA DE VEICUL,9999
6001547168,CABO DO FREIO DE ESTACIONAMENTO DE VEICU,9999
7703090323,ROLAMENTO DE ROLETE CARGA RADIAL,9999
7703602196,PARAFUSO NAO PERFURANTE ROSCADO M12,9999
7702271178,FRISO LATERAL DA PORTA DE VEIC AUTO,9999
7702271200,MECANISMO DE ACO PARA ELEVACAO,9999
7702271248,CALHA DE CHUVA CLIO 5P,9999
7705010093,BUCHA DE ACO PARA USO EM VEICULO AUTOMOV,9999
7705030025,CONEXÃOPLÁSTICADOTIPOTPARATUB,9999
545017081R,BRACO DA SUSPENSAO DE VEICULO AUTOMOVEL,9999
905069219R,HASTE DE ACO TRAVA DA PORTA,9999
905069365R,HASTE DA FECHADURA DA TAMPA DO PORTA MAL,9999
284B10516R,MODULO DE CONTROLE DO HABITACULO DE VEIC,9999
764413073R,ELEMENTO DE FECHAMENTO DA SAIA LATERAL,9999
883462435R,ALAVANCA DE PLASTICO PARA COMANDO DO REC,9999
828319041R,JUNTA DE BORRACHA VULCANIZADA NAO ENDU,9999
7700874078,DEFLETOR DE OLEO DA CAIXA DE MARCHAS DE,9999
751114230R,LONGARINA DA CARROCARIA DE VEICULO AUTOM,9999
282068056R,ANTENA DO RADIO,9999
284422840R,CAMERA DE VIDEO DE VISAO PERIFERICA PARA,9999
7711732173,APARELHO DE ILUMINACAO, FAROL DE NEBLINA,9999
544187779R,PARAFUSO NAO PERFURANTE ROSCADO DE ACO L,9999
111404310R,VARETAINDNÍVELÓLEOP/MOTORAUTO,9999
7782118423,PAINEL LATERAL PARA CARROCARIA DE VEICUL,9999
7703075216,TAMPÃO DA VÁLVULA DO CILINDRO,9999
8200711592,SUPORTE DE FIXACAO PARA CARROCARIA DE VE,9999
287109234R,MOTOR ELETRICO DE CORRENTE CONTINUA,9999
410013165R,ESTRIBO DE FREIO DIANTEIRO,9999
964008607R,PARA SOL PARA CARROCERIA DE VEICULO,9999
287108297R,MECANISME ESSUIE LUNETTE AR,9999
215547913R,GUIA DE AR DE USO EM VEICULO AUTOMOVEL,9999
240704076R,JOGO DE FIOS ELETRICOS COM CONECTORES, I,9999
687606252R,DIFUSOR DE AR DO PAINEL DE INSTRUMENTOS,9999
240152230R,JOGO DE FIOS ELETRICOS COM CONECTORES, I,9999
7700352703,APARELHO ELETRICO (CAIXA DE LUZES COMBIN,9999
625B54401R,CANTONEIRA DE AÇO P/ FIXAÇÃO,9999
7703101535,PARAFUSO,9999
760337952R,PAINEL LATERAL DA PORTA PARA CARROCARIA,9999
200106259R,SILENCIOSO DO ESCAPAMENTO PARA VEICULO A,9999
825035124R,FECHADURAMETALCOMUMPORTA,9999
8200699754,ACABAMENTO PLASTICO DA COLUNA DA PORTA P,9999
120A10872R,PISTOES P/ MOTOR DE IGNICAO POR CENTELHA,9999
484008262R,VOLANTE DA DIRECAO DE VEICULO AUTOMOVEL,9999
264307708R,APARELHO ELETRICO (LUZ DO TETO) DE ILUMI,9999
805030664R,MECANISMO DE TRAVAMENTO DA PORTA PARA VE,9999
990418098R,ADESIVO PLASTICO AUTOADESIVO,9999
963739179R,ALOJAMENTO PLASTICO DO ESPELHO RETROVISO,9999
727128494R,VIDRO DO PARABRISA DE USO EM VEICULO,9999
876703834R,CAPA ENCOSTO BANCO DIANTEIRO LADO ESQUER,9999
747617691R,PROTECAO DO TANQUE DE COMBUSTIVEL,9999
288008872R,MECANISMO DE LIMPADOR DO PARA BRISA,9999
240114773R,FIACAO ELETRICA (CHICOTE ELETRICO),9999
764602136R,ELEMENTO FECHAMENTO LATERAL DA CARROCERI,9999
768613981R,JUNTA DUPLA EM BORRACHA VULCANIZADA NAO,9999
8200837816,FIACAO ELETRICA  DO TIPO CHICOTE ELETRIC,9999
628114829R,GUIA DE ENTRADA DE AR DO PARACHOQUE,9999
685000609R,PORTA LUVAS,9999
7701475274,MOLDURA PLASTICA DE ACABAMENTO DO PARACH,9999
460111659R,CILINDRO MESTRE DE FREIO,9999
474013766R,TUBO FREIO,9999
641109038R,REFORCO DO PAINEL DA COLUNA PARA CARROCA,9999
31365CA00A,PORCA ROSCADA EM ACO MEDIO CARBONO, TEMP,9999
823012339R,VODRO MOVEL DA PORTA ESQ,9999
809613649R,ACABAMENTO DO INTERRUPTOR DO VIDRO PARA,9999
828362181R,JUNTA DE PORTA,9999
465037248R,"PEDAL PROPRIO PARA ACIONAMENTO DA EMBRE,9999
620226172R,PARACHOQUE DIANTEIRO PARA VEICULO AUTOMO,9999
876206541R,CAPA DO ASSENTO,9999
7702266270,PALHETA KANGOO/R19 D 510/510 (CJ 2 PCS),9999
7700424981,PRESILHA PLASTICA MULTIFUNCIONAL DE USO,9999
682403096R,ACABAMENTO DO PAINEL DE INSTRUMENTOS DA,9999
823011581R,VIDRO DE SEGURANCA TEMPERADO, COLORIDO,,9999
823015581R,VIDRO TEMPERADO DE DIMENSOES E FORMATOS,9999
823319715R,VEDACAO PLASTICA, EM TERMOPLASTICO, DE P,9999
960155514R,ENTRADA DE AR DE VEICULO AUTOMOVEL,9999
924400364R,TUBO DO AR CONDICIONADO DE VEICULO AUTOM,9999
8200895558,FUSIVEL PARA TENSAO INFERIOR A 1.000V,9999
751103319R,TRAVESSA DE FECHAMENTO DA CARROCARIA DE,9999
7701478286,JOGODEJUNTASDEVEDAÇÃODEBORRAC,9999
802923106R,COBERTURA INTERNO DO ESPELHO RETROVISOR,9999
7702271146,Calha de Chuva B90Ph2,9999
776310999R,COLUNA DA CARROCARIA DE VEICULO AUTOMOVE,9999
998102668R,CHAVE COM APARELHO DE RADIOTELECOMANDO,9999
8200025248,INJETOR DE COMBUSTUVEL,9999
484000277R,VOLANTE DE DIRECAO PARA VEICULO AUTOMOVE,9999
625657257R,ELEMENTO EM METAL COMUM  DE LIGACAO DA C,9999
403004479R,RODA EM LIGA DE ALUMINIO COM 15 POLEGADA,9999
8200580343,PARAFUSO DE ACO LIGA, TEMPERADO E REVENI,9999
121502714R,BRONZE DO VIRABREQUIM DO MOTOR COM DIAME,9999
8200607398,TAPETE DE CARPETE PARA USO NA CARROCARIA,9999
849508170R,REVESTIMENTO DO PORTA MALAS DE VEICULO A,9999
8200425103,GARFO DA CAIXA DE MARCHAS DE VEICULO AUT,9999
8200708864,PARAFUSO NAO PERFURANTE ROSCADO DE ACO L,9999
990467266R,ETIQUETA  AUTOADESIVA EM POLI(CLORETO DE,9999
7751475534,PAINEL LATERAL PARA CARROCERIA DE VEICUL,9999
781418475R,SUPORTE DE FIXACAO DA LANTERNA TRASEIRA,9999
791009692R,SAIA TRASEIRA DA CARROCARIA,9999
6001551393,TAMPA DO RESERVATÓRIO FLUIDO FREIO,9999
7701472795,FECHO PLASTICO DO PORTALUVAS DE VEICULO,9999
210146149R,JUNTA DE BORRACHA VULCANIZADA NAO ENDURE,9999
240119224R,JOGO DE FIOS ELETRICOS (CHICOTE ELETRICO,9999
8200745484,INTERRUPTOR ELETRICO PARA TENSAO INFERIO,9999
110414561R,CABECOTE PARA MOTOR DE PISTAO IGNICAO,9999
172036373R,TANQUE DE COMBUSTIVEL DE VEICULO,9999
15066ED000,SELO DE BORRACHA VULCANIZADA NAO ENDUREC,9999
265590003R,APARELHO ELETRICO DE SINALIZACAO VISUAL,9999
497205140R,TUBULACAO DO SISTEMA DIRECAO HIDRAULICA,,9999
112980956R,PARAFUSO NÃO PERFURANTE ROSCADO HEXAGONA,9999
122158644R,BRONZE DO VIRABREQUIM DO MOTOR PARA VEIC,9999
799221641R,COBERTURA (TAMPAO) D,9999
803007990R,VIDRO DE SEGURANCA TEMPERADO,9999
345685324R,MODULO DE COMANDO DA ALAVANCA DA ENGRENA,9999
6001550788,CILINDRO COM CHAVE PARA FECHADURA,9999
7701472840,JOGO MANCAIS SEM ROLAMENTOS,9999
687606360R,DEFLETOR DE AR PARA CARROCARIA DE VEICUL,9999
132311394R,TUCHO DA VALVULA PARA MOTOR DE IGNICAO P,9999
328A08919R,CARTUCHO DO ROLAMENTO DE ESFERAS DA CAIX,9999
808205899R,VEDACAO EM PLASTICO (TERMOPLASTICO) DO T,9999
400140080R,ARTICULACAO DO EIXO DO SISTEMA DE SUSPEN,9999
7700353282,MACANETA DE PLASTICO DA PORTA DE VEICULO,9999
7700428055,APARELHO ELETRICO (CAIXAS DE LUZES COMBI,9999
7703079857,PRESILHA PLASTICA MULTIFUNCIONAL DE USO,9999
7707002025,PARAFUSO NAO PERFURANTE ROSCADO DE ACO L,9999
745122698R,ASSOALHO PARA CARROCARIA DE VEICULO,9999
497212198R,TUBULACAO DO SISTEMA DE DIRECAO HIDRAULI,9999
638320007R,PROTETOR DA CAIXA DE RODA PARA CARROCARI,9999
410273279R,CALÇO DA PASTILHA DE FREIO DE VEICULO AU,9999
391003840R,SEMI EIXO DE TRANSMISSAO PARA VEICULO AU,9999
265507077R,LANTERNA TRASEIRA DE VEICULO AUTOMOVEL,9999
8200213984,DUTO DO FILTRO DE ENTRADA DE AR DO MOTOR,9999
8200068566,ANEL DE VEDACAO,9999
8200503306,TUBO SAIDA RADIADOR,9999
8200838410,MANOPLA DE REGULAGEM DA ALTURA DO VOLANT,9999
8200707999,JUNTA DE VEDACAO DE BORRACHA,9999
8200785399,ALAVANCA DO CAMBIO DE MARCHAS DE VEICULO,9999
849041688R,TAPETE DE CARPETE DO PORTAMALAS DA CARR,9999
130248035R,POLIA DA ARVORE DE CAME DE USO EM VEICUL,9999
208A02117R,CATALISADOR DE GASES DE EXAUSTÃO,9999
849759590R,SUPORTE DA RODA RESERVA PARA CARROCARIA,9999
6001550842,SUPORTE EM METAL DA LAMPADA DA CARROCARI,9999
904522681R,MOLA DE ACO HELICOIDAL CILINDRICA PARA U,9999
685000881R,PORTA OBJETOS PARA CARROCARIA DE VEICULO,9999
403154887R,CALOTA DA RODA DE VEICULO AUTOMOVEL,9999
8201708196,LAMPADA DE FILAMENTO DE TUNGSTENIO, COM,9999
397742974R,SUPORTE ACO P/ CARROCERIA DE VEIC AUTO,9999
803304530R,JUNTA EM BORRACHA VULCANIZADA NÃO ENDURE,9999
7701477446,SUPORTE VARETA OLEO PARA USO EM VEICULO,9999
403150709R,CALOTA CENTRAL DA RODA DE VEICULO AUTOMO,9999
8200419500,TUBO DE BORRACHA VULCANIZADA NAO ENDUREC,9999
924408157R,TUBULACAO EM ALUMINIO DO SISTEMA DE AR C,9999
628406522R,BATENTE DO CAPO EM MATERIAL PLASTICO, UT,9999
8200246786,COQUILHA RETROVI DIR,9999
827206337R,MECANISMO DE ABERTURA E FECHAMENTO DO VI,9999
990472939R,BANDE DECORATIVE PORTE AR G,9999
926006775R,COMPRESSOR AC,9999
497209244R,TUBO EM ACO DE ALIMENTACAO DO SISTEMA DE,9999
402144217R,ANEL DE TRAVA (CIRCLIPS) NAO ROSCADO DE,9999
403117460R,VALVULA PARA PNEUMATICA (BICO DO PNEU) P,9999
403151546R,CALOTA DA RODA DE VEICULO AUTOMOVEL,9999
8200241880,ALAVANCA PLATICA DE REGULAGEM DA COLUNA,9999
7701474483,TAMPA DO ANEL DE REBOQUE,9999
7700433016,INTERRUPTOR ELETRICO PARA TENSAO DE 12V,9999
7700838134,RADIADOR DE VEICULO AUTOMOVEL,9999
121091119R,PARAFUSO ROSCADO DE ACO LIGA TEMPERADO,9999
802850052R,ADESIVO PLASTICO PLANO PARA ACABAMENTO D,9999
8200856290,MACANETA DE PLASTICO PARA VEICULO AUTOMO,9999
140385366R,JUNTA DE BORRACHA VULCANIZADA NAO ENDURE,9999
284487901R,INTERRUPTOR ELETRICO PARA TENSAO DE 12V,9999
252903199R,INTERRUPTOR ELETRICO DA LUZ DE ALERTA,9999
656019855R,FECHO DE METAL COMUM DO CAPO DE VEICULO,9999
988326121R,SENSOR DE COLISAO PARA APLICACAO EM SIST,9999
8200152642,REFLETOR DA CAIXA DE LUZES COMBINADAS (,9999
7711733312,CAPOTA MARITIMA DA CARROCARIA DE VEICULO,9999
497208205R,TUBULACAO DO SISTEMA DE DIRECAO HIDRAULI,9999
631460919R,SUP AÃ#O FIX PÃ#RALAMA P/VEÃ#C,9999
805027617R,FECHADURA ELETRICA DA PORTA DE VEICULO,9999
8200867304,EMBLEMA PLASTICO DA CARROCARIA DE VEICUL,9999
8201433904,INTERRUPTOR ELETRICO DE VEICULO,9999
8200098580,LIMITADOR PLASTICO DA PORTA DA CARROCARI,9999
8200782731,BRACO DA SUSPENSAO,9999
200103285R,SILENCIOSO DO ESCAPAMENTO DE VEICULO AUT,9999
7701054752,ESPELHO RETROVISOR AUTOMOVEL,9999
8200744456,PARAFUSO NAO PERFURANTE ROSCADO DE ACO L,9999
255705RA0A,SW ASSYMIRROR CONT,9999
287106483R,MOTOR ELETRICO DE CORRENTE CONTINUA COM,9999
289405734R,TUBO EM BORRACHA VULCANIZADA NÃO ENDUREC,9999
930627691R,ETIQUETA  AUTOADESIVA EM POLI(CLORETO DE,9999
8200590738,VIRABREQUIM PARA VEICULO AUTOMOVEL,9999
7701717112,ENGRENAGEM DA CAIXA DE MARCHAS DE VEIC,9999
6001551160,COBERTURA DE BORRACHA PEDAL COMANDO P/ A,9999
985257258R,BOLSA INFLAVEL DE SEGURANCA COM SISTEMA,9999
277328140R,MOTOR DE CORRENTE CONTINUA DE POTENCIA S,9999
8200516614,TUBO DE ALIMENTACAO DE COMBUSTIVEL DE VE,9999
440605238R,SAPATA DE FREIO DE VEICULO AUTOMOVEL,9999
490016514R,CAIXA DA DIRECAO DE VEICULO AUTOMOVEL,9999
6001550461,ESTRUTURA EM METAL DO ASSENTO DE VEICULO,9999
7700832419,BLOCO DE FIXACAO DO AMORTECEDOR DA SUSPE,9999
7700842682,LIMITADOR EM METAL COMUM DE ABERTURA DA,9999
7701047812,BIELETA DA DIRECAO DE VEICULO AUTOMOVEL,9999
248105556R,INDICADOR DE VELOCIDADE (VELOCIMETRO) E,9999
432028542R,DISCO DO FREIO DE USO EM VEICULO AUTOMOV,9999
990451289R,ETIQUETA  AUTOADESIVA EM POLI(CLORETO DE,9999
402626785R,PORCA DE ACO MEDIO CARBONO, TEMPERADA E,9999
7701048284,VENTILADOR PARA SISTEMA DE ARREFECIMENTO,9999
7701470779,CONJUNTO DE GRAMPOS PLASTICOS DE FIXACAO,9999
308513239R,TUBULACAO RIGIDA EM PLASTICO PARA ACIONA,9999
7711652518,ESTRIBO LATERAL DA CARROCARIA,9999
6001551237,SUPORTE EM  METAL DE FIXACAO DA LAMPADA,9999
7705035053,PINO DE ACO LIGA, TEMPERADO,9999
762470217R,REFORCO PARA CARROCARIA DE VEICULO AUTOM,9999
7703002646,PARAFUSO NAO PERFURANTE ROSCADO DE ACO L,9999
884462663R,ACABAMENTO DO ASSENTO DO BANCO DE VEICUL,9999
207512031R,SELO DE BORRACHA PARA TERMINAL/ GROMETE,9999
8200420641,EIXO DE FIXACAO DO HIDROVACUO,9999
6001548888,TUBO EM BORRACHA VULCANIZADA NÃO ENDUREC,9999
240114484R,JOGO DE FIOS ELETRICOS (CHICOTE ELETRICO,9999
759232865R,BERCO DE MONTAGEM DA TRAVESSA DE VEICULO,9999
8200557064,CONVERGENTE DA ENTRADA DE AR DO RADIADOR,9999
8200560614,TUBO DE ALIMENTAÇÃO DE COMBUSTIVEL,9999
8200259144,APARELHO DE SINALIZACAO SONORA DE ESTACI,9999
8200545704,PARAFUSO DE ACO LIGA, TEMP, REV E GALV,9999
656230010R,ALAVANCA PLASTICA DE ABERTURA DO CAPO DE,9999
403002241R,ROUE 6 1/2XJ 16 5 50,9999
326190209R,ANEL SINCRONIZADOR DA CAIXA DE MARCHAS D,9999
442082026R,VARETA DE AJUSTE DA VALVULA DO FREIO DE,9999
6001548325,PRESILHA PLASTICA MULTIFUNCIONAL DE USO,9999
497204209R,TUBULACAO DA DIRECAO HIDRAULICA,9999
8200274801,GERADOR DE SINAL (SENSOR DE VELOCIDADE),9999
8200668237,BATENTE DE BORRACHA COM ELEMENTOS METÁLI,9999
8200467830,INTERRUPTOR ELETRICO PARA TENSAO INFER,9999
285353610R,SENSOR FOTOSSENSIVEL PARA UTILIZACOES EM,9999
242533977R,TAMPAO OBTURADOR DE BORRACHA VULCANIZADA,9999
7702295536,FRISO PLASTICO DA CARROCARIA DE VEICULO,9999
8200727508,FECHADURA DE ACO DE VEICULO AUTOMOVEL,9999
8200742904,PAINEL PARA CARROCARIA DE VEICULO AUTOMO,9999
852489411R,SAIA TRASEIRA PARA CARROCARIA DE VEICULO,9999
252600655R,CONTROLE DO LIMPADOR DE JANELA,9999
8200030991,MOLA DE AÇO EM FORMA DE ANEL,9999
849508633R,GUARNICAO LATERAL DO PORTAMALAS DA CARR,9999
859325469R,COBERTURA DA PASSAGEM DE RODA DO PARA CH,9999
540102948R,MOLA DE ACO HELICOIDAL CILINDRICA DA SUS,9999
623850001R,GUARNICAO PARAGRELHA DO RADIADOR DA CARR,9999
641009763R,LONGARINA EM ACO PARA CARROCARIA,9999
748770209R,ISOLADOR ANTI RUIDO DA CAIXA DE RODAS PA,9999
799128796R,SUPORTE LATERAL DO TAMPAO DO PORTA MALAS,9999
638740012R,COBERTURA EXTERNA EM PLASTICO DO RETROVI,9999
7701692582,FRISO PLASTICO DO PAINEL PARA CARROCERIA,9999
7703077250,CLIP PLASTICO PARA ACABAMENTO INTERIOR D,9999
119103465R,SUPORTE EM METAL DO ALTERNADOR DE MOTOR,9999
769232330R,GUARNICAO PORTA FORMA POR PERFIL BO,9999
668629762R,GRADE DE ENTRADA DE AR DO CAPO DO MOTOR,9999
489353893R,PARAFUSO PERFURANTE ROSCADO DE ACO  LIGA,9999
260607365R,CAIXA DE LUZES COMBINADAS,9999
550202492R,MOLA DE ACO HELICOIDAL CILINDRICA PARA U,9999
7711733355,KIT CAPA DE CHAVE SILICONE FIXA S/FUNÇÃO,9999
873613631R,ESPUMA DO ASSENTO DO BANCO,9999
561453088R,PARAFUSO NÃO PERFURANTE ROSCADO DE ACO L,9999
8200057237,DUTODEPAPELIMPREG.REF.C/ARAMEDEAÇO,9999
8200059088,JOGOS DE FIOS (CHICOTE ELETRICOS) PARA U,9999
823300458R,JUNTA EM BORRACHA VULCANIZADA NÃO ENDURE,9999
874519608R,MANOPLA DE CONTROLE ADJUN,9999
244202657R,SUPORTE EM METAL COMUM DE USO NA BATERIA,9999
7703043119,PORCA,9999
122806211R,BRONZE DO VIRABREQUIM DO MOTOR COM DIA,9999
7701069725,SUPORTE DA LAMPADA ELETRICA DE VEICULO A,9999
794205491R,TAMPA DO PORTA MALAS PARA CARROCARIA DE,9999
809540025R,ACABAMENTO PLASTICO DA MAÇANETA DA PORTA,9999
8200753730,MOLDURA DE BORRACHA VULCANIZADA NAO ENDU,9999
8201689885,BUCHA DE BORRACHA DO RESERVATORIO,9999
7701059544,VENTILADOR PARA SISTEMA DE REFRIGERACAO,9999
7701062877,GRADE FRONTAL DO RADIADOR DE VEICULO AUT,9999
924100022R,TUBO DE SAIDA RADIADOR AQUECIMENTO,9999
8200937663,ETIQUETA AUTOADESIVA EM PVC (POLICLORET,9999
809018572R,ACABAMENTO DO PAINEL INTERNO DA PORTA,9999
768F30003R,RISO DE PLASTICO,9999
850456139R,SUPORTE EM PLASTICO DE FIXACAO DO PARACH,9999
8200615149,CAIXA DE DIREÇÃO HIDRAULICA DE VEIC,9999
777600002R,TRILHO DA PORTA CORREDICA PARA CARROCARI,9999
118105H71A,VALVULA CONTROLADORA DE PRESSA,9999
990467643R,ADESIVO PLASTICO AUTOCOLANTE DECORATIVO,9999
7711732212,ESTRIBO LATERAL DA CARROCARIA PARA VEICU,9999
7701210071,GRADE DO PARACHOQUE DE VEICULO AUTOMOVE,9999
7703080080,ANEL DE ACO, NAO ROSCADO, TRAVA PARA USO,9999
7702295821,FECHO DO CINTO DE SEGURANCA PARA VEICULO,9999
7701407063,ABRACADEIRA EM ACO DE FIXACAO DE USO MUL,9999
7701471584,FECHADURA DO PORTAMALAS DE VEICULO AUTO,9999
8200082347,ESGUICHO DO LIMPADOR DE PARABRISA DE VEI,9999
823311620R,GUIA EM PLASTICO DA JANELA DA PORTA PARA,9999
926003460R,COMPRESSOR DO SISTEMA DE AR CONDICIONADO,9999
7703066403,GRAMPO DE ACO PARA FIXACAO,9999
7701473149,BRONZE COM DIAMETRO INTERNO INFERIOR A 2,9999
7703079254,PRESILHA MULTIFUNCIONAL FABRICADA EM MAT,9999
7703079255,PRESILHA PLASTICA DE USO MULTIFUNCIONAL,9999
7702295518,DEFLETOR DE AR DO PAINEL DE INSTRUMENTO,9999
7701207398,COIFA DE BORRACHA VULCANIZADA NAO ENDURE,9999
7701470849,ALVANCA DE CONTROLE DE ABERTURA DO BANCO,9999
8200849840,POLIA DE VEICULO AUTOMOVEL,9999
804014178R,DOBRADICA DE METAL COMUM DA PORTA PARA V,9999
8200381889,ROLAMENTO EM ACO DE ROLETES CONICOS,9999
8201140538,SUPORTE EM ALUMINIO PARA USO EM VEICULO,9999
8201250900,COMPRESSOR DO AR CONDICIONADO COM CAPACI,9999
848101082R,ACABAMENTO DO PORTA MALAS PARA CARROCERI,9999
254113300R,INTERRUPTOR DUPLO,9999
8200415285,PROTETOR PLAST CAIXA RODAS P/ VEIC,9999
8200139127,CINTO DE SEGURANCA PARA VEICULO AUTOMOVE,9999
8200194096,TUBO DE BORRACHA VULCANIZADA,9999
8200194326,PLACA TRAVAMENTO COXIM SUPORTE MOTOR,9999
8200574768,GUIA DO VIDRO DA PORTA PARA CARROCARIA D,9999
8200603775,COBERTURA DE FECHAMENTO INTERNO DA COLUN,9999
8200347712,GANCHO DE METAL COMUM DO FECHO DA TAMPA,9999
8200353066,VÁLVULA OLEOIDRÁULICA PARA TRANSMISSÃO D,9999
8200580584,BUCHA ESPACADORA, NAO ROSCADA, DE ACO ME,9999
8200112107,DUTO PLASTICO PARA FILTRO DE ENTRADA DE,9999
7703075142,TAMPAO DO MOTOR DE VEICULO AUTOMOVEL,9999
7703075281,BUJAO SEXTAVADO DE ACO ROSCADO, DIAMETRO,9999
7701462576,ANEL TRAVA DE ACO NAO ROSCADO DE USO MUL,9999
7701717357,ANEL SINCRONIZADOR DA CAIXA DE MARCHAS D,9999
7701475230,SENSOR DE UMIDADE EXTERNA DO PARABRISAS,9999
873010202R,ESTRUTURA EM METAL DO ASSENTO,9999
876205587R,CAPA DO ASSENTO DE VEICULO AUTOMOVEL,9999
883209541R,CAPA DO ASSENTO,9999
738109809R,APARELHO DE AR CONDICIONADO COM CAPACIDA,9999
738213570R,BARRA DE TETO DA CARROCERIA DE VEICULO A,9999
7782709524,PARALAMAS PARA CARROCARIA DE VEICULO,9999
462847444R,TUBULACAO RIGIDA COM FORMATO PROPRIO,9999
995047104R,COMPARTIMENTO DE FERRAMENTAS PARA CARROC,9999
767495056R,TELA TERMICA DA CAIXA DE RODA PARA CARRO,9999
985105581R,MIOLO DO VOLANTE DE DIRECAO COM BOLSA,9999
8200462823,BICO INJETOR DE COMBUSTIVEL PARA MOTOR D,9999
808654958R,VEDADOR DE PLASTICO DA PORTA DA CARROCAR,9999
272702378R,CAIXA DO EVAPORADOR DE AR DO AR CONDICIO,9999
628407533R,BATENTE PLASTICO DE USO MULTIFUNCIONAL E,9999
117205934R,CORREIA DO ALTERNADOR,9999
802932404R,TAMPAPLASTICAINTERNARETROVISORPORTA,9999
623104199R,GRADE DE ENTRADA DE AR DO RADIADOR DE VE,9999
122152720R,BRONZINA DO MANCAL SUPERIOR,9999
122232999R,BRONZINA DO MANCAL INFERIOR,9999
905063441R,HASTE DA FECHADURA DA TAMPA DO PORTA MAL,9999
01125E6011,PARAFUSO NAO PERFURANTE ROSCADO,9999
808213183R,GUIA PLASTICO DO VIDRO DA PORTA DE VEICU,9999
990459436R,TIRA PLASTICA AUTOADESIVA DE POLI(CLORET,9999
622577876R,ELEMENTO AERODINAMICO DO PARACHOQUE DE,9999
803309796R,GUIA DA JANELA DA PORTA PARA CARROCARIA,9999
823309602R,MOLDURA PLASTICA SUPERIOR DO VIDRO DA PO,9999
8671004070,VELA DE IGNICAO PARA USO EM VEICULO AUTO,9999
682408103R,COBERTURA DO VISOR DO QUADRO DE INSTRUME,9999
888420291R,FIVELA DO CINTO DE SEGURANCA PARA CARROC,9999
7705005289,BRIDE METALLIQUE ARTICULEE DIAM 18,9999
8200674136,PINHAODOTACOMETRODOCAMBIODEVEICULO,9999
7700352475,GANCHO DE SEGURANCA DE METAL COMUM PARA,9999
7701470692,DOBRADICA DE METAL COMUM DA PORTA PARA V,9999
764603005R,ELEMENTO DE FECHAMENTO DA CARROCARIA DE,9999
850704702R,MOLDURA DO PARACHOQUE TRASEIRO,9999
788373682R,SELO DE BORRACHA PARA TERMINAL / GROMETE,9999
6001548379,JOGO DE FIOS ELETRICOS (CHICOTE ELETRICO,9999
985700006R,MIOLO DO VOLANTE DE DIRECAO EQUIPADO COM,9999
208A03510R,CONVERSOR CATALITICO DE GASES DE ESCAPE,9999
282174889R,BASE DA ANTENA DE APARELHO RECEPTOR DE R,9999
767499208R,PARA LAMA PARA CARROCARIA DE VEICULO AUT,9999
805022764R,FECHADURA DE PORTAS LATERAIS DIANTEIRAS,9999
8200317791,PARAFUSO NAO PERFURANTE ROSCADO PLASTICO,9999
8200589928,INSCRICAOPRECONIZAC,9999
873709557R,COBERTURA DO ASSENTO DO BANCO,9999
120A13085R,KIT PISTÃO,9999
7701049888,JUNTA DE BORRACHA VULCANIZADA NAO ENDURE,9999
248102591R,INDICADOR DE VELOCIDADE (VELOCIMETRO) E,9999
8200717730,TUBULACAO DO ESCAPAMENTO COM SILENCIOSO,9999
873702445R,REVESTIMENTO TEXTIL DE COBERTURA DO ASSE,9999
849517585R,REVESTIMENTO DO PORTA MALAS PARA CARROCA,9999
849E43640R,FREIO A DISCO,9999
960169632R,EXTENSAO DE PARALAMAS DA CARROCARIA DO V,9999
921921853R,FILTRO DE TANQUE DE COMBUSTIVEL DE USO E,9999
874566373R,OBTURADOR DA MANOPLA DO COMANDO DE INCLI,9999
876181386R,COMANDO DE INCLINAÇÃO DO ENCOSTO DO ASSE,9999
7703016597,PARAFUSO EM ACO LIGA TRATAMENTO TERMICO,9999
7703053987,ARRUELA DE PRESSÃ#O DE AÃ#O BAIXO CARBON,9999
465312812R,COBERTURA EM BORRACHA VULCANIZADA NÃO EN,9999
8200737133,BRACO DA SUSPENSAO DE VEICULO AUTOMOVEL,9999
808320004R,JUNTA DE BORRACHA VULCANIZADA NAO ENDU,9999
472101049R,AMPLIFICADOR (HIDROVACUO) PARA SISTEMA,9999
828352248R,VEDACAO DE BORRACHA VULCANIZADA NAO ENDU,9999
8200681445,SUPORTE EM ACO DO MOTOR DE VEICULO AUTOM,9999
8200741228,TUBO DE ALIMENTACAO DE COMBUSTIVEL DE VE,9999
924406140R,TUBO CONDENSADOR,9999
924800931R,TUBULACAO COM FORMATO PROPRIO PARA SISTE,9999
550205364R,MOLA DE ACO HELICOIDAL CILINDRICA,9999
848103907R,EMBLEMA PLASTICO DO PORTA MALAS PARA CAR,9999
849210255R,ACABAMENTO DA SOLEIRA DA PORTA PARA CARR,9999
873681337R,MANOPLA PARA REGULAGEM DO ASSENTO DE VEI,9999
990906001R,ETIQUETA PLASTICA AUTO ADESIVA,9999
969100174R,CONSOLE CENTRAL PARA CARROCARIA,9999
123150055R,VIS FIX VOLANT MOTEUR,9999
8200202728,GUIA CORREDIZA INFERIOR DE PUE,9999
759233767R,SUPORTE DO BERCO DE FIXACAO DO MOTOR DE,9999
748763295R,ISOLADOR ANTI RUIDO DA CAIXA DE RODAS PA,9999
484716216R,COBERTURA DA COLUNA DE DIRECAO DE VEICUL,9999
260606604R,APARELHO ELETRICO (FAROL) DE ILUMINACAO,99999
7703017099,PARAFUSO TORX AUTOPERFURANTE DE AÇO LIGA,99999